Vertex 1,Vertex 2,Lengths,Diameters,l_max,l_mid,l_gr,l_del,l_add
1,2,108.0,1.0,28.2287600082456,89.66901468757169,15.514200415733498,108.41067567973687,53.62997362509029
2,3,134.0,1.0,28.2287600082456,89.66901468757169,15.514200415733498,108.41067567973687,53.62997362509029
2,4,106.0,1.0,28.2287600082456,89.66901468757169,15.514200415733498,108.41067567973687,53.62997362509029
4,5,76.0,1.0,28.2287600082456,89.66901468757169,15.514200415733498,108.41067567973687,53.62997362509029
4,6,146.0,1.0,28.2287600082456,89.66901468757169,15.514200415733498,108.41067567973687,53.62997362509029
5,7,128.0,1.0,28.2287600082456,89.66901468757169,15.514200415733498,108.41067567973687,53.62997362509029
5,8,96.0,1.0,28.2287600082456,89.66901468757169,15.514200415733498,108.41067567973687,53.62997362509029
6,9,82.0,1.0,28.2287600082456,89.66901468757169,15.514200415733498,108.41067567973687,53.62997362509029
6,10,74.0,1.0,28.2287600082456,89.66901468757169,15.514200415733498,108.41067567973687,53.62997362509029
3,11,80.0,1.0,28.2287600082456,89.66901468757169,15.514200415733498,108.41067567973687,53.62997362509029
3,12,130.0,1.0,28.2287600082456,89.66901468757169,15.514200415733498,108.41067567973687,53.62997362509029
10,13,100.0,1.0,28.2287600082456,89.66901468757169,15.514200415733498,108.41067567973687,53.62997362509029
10,14,82.0,1.0,28.2287600082456,89.66901468757169,15.514200415733498,108.41067567973687,53.62997362509029
8,15,132.0,1.0,28.2287600082456,89.66901468757169,15.514200415733498,108.41067567973687,53.62997362509029
8,16,142.0,1.0,28.2287600082456,89.66901468757169,15.514200415733498,108.41067567973687,53.62997362509029
14,17,106.0,1.0,28.2287600082456,89.66901468757169,15.514200415733498,108.41067567973687,53.62997362509029
14,18,126.0,1.0,28.2287600082456,89.66901468757169,15.514200415733498,108.41067567973687,53.62997362509029
12,19,36.0,1.0,28.2287600082456,89.66901468757169,15.514200415733498,108.41067567973687,53.62997362509029
12,20,138.0,1.0,28.2287600082456,89.66901468757169,15.514200415733498,108.41067567973687,53.62997362509029
9,21,152.0,1.0,28.2287600082456,89.66901468757169,15.514200415733498,108.41067567973687,53.62997362509029
9,22,42.0,1.0,28.2287600082456,89.66901468757169,15.514200415733498,108.41067567973687,53.62997362509029
19,23,144.0,1.0,28.2287600082456,89.66901468757169,15.514200415733498,108.41067567973687,53.62997362509029
19,24,124.0,1.0,28.2287600082456,89.66901468757169,15.514200415733498,108.41067567973687,53.62997362509029
16,25,176.0,1.0,28.2287600082456,89.66901468757169,15.514200415733498,108.41067567973687,53.62997362509029
16,26,134.0,1.0,28.2287600082456,89.66901468757169,15.514200415733498,108.41067567973687,53.62997362509029
22,27,38.0,1.0,28.2287600082456,89.66901468757169,15.514200415733498,108.41067567973687,53.62997362509029
22,28,98.0,1.0,28.2287600082456,89.66901468757169,15.514200415733498,108.41067567973687,53.62997362509029
15,29,188.0,1.0,28.2287600082456,89.66901468757169,15.514200415733498,108.41067567973687,53.62997362509029
15,30,52.0,1.0,28.2287600082456,89.66901468757169,15.514200415733498,108.41067567973687,53.62997362509029
7,31,96.0,1.0,28.2287600082456,89.66901468757169,15.514200415733498,108.41067567973687,53.62997362509029
7,32,140.0,1.0,28.2287600082456,89.66901468757169,15.514200415733498,108.41067567973687,53.62997362509029
18,33,102.0,1.0,28.2287600082456,89.66901468757169,15.514200415733498,108.41067567973687,53.62997362509029
18,34,102.0,1.0,28.2287600082456,89.66901468757169,15.514200415733498,108.41067567973687,53.62997362509029
30,35,126.0,1.0,28.2287600082456,89.66901468757169,15.514200415733498,108.41067567973687,53.62997362509029
30,36,172.0,1.0,28.2287600082456,89.66901468757169,15.514200415733498,108.41067567973687,53.62997362509029
20,37,118.0,1.0,28.2287600082456,89.66901468757169,15.514200415733498,108.41067567973687,53.62997362509029
20,38,106.0,1.0,28.2287600082456,89.66901468757169,15.514200415733498,108.41067567973687,53.62997362509029
28,39,148.0,1.0,28.2287600082456,89.66901468757169,15.514200415733498,108.41067567973687,53.62997362509029
28,40,86.0,1.0,28.2287600082456,89.66901468757169,15.514200415733498,108.41067567973687,53.62997362509029
24,41,88.0,1.0,28.2287600082456,89.66901468757169,15.514200415733498,108.41067567973687,53.62997362509029
24,42,122.0,1.0,28.2287600082456,89.66901468757169,15.514200415733498,108.41067567973687,53.62997362509029
26,43,74.0,1.0,28.2287600082456,89.66901468757169,15.514200415733498,108.41067567973687,53.62997362509029
26,44,60.0,1.0,28.2287600082456,89.66901468757169,15.514200415733498,108.41067567973687,53.62997362509029
11,45,94.0,1.0,28.2287600082456,89.66901468757169,15.514200415733498,108.41067567973687,53.62997362509029
11,46,90.0,1.0,28.2287600082456,89.66901468757169,15.514200415733498,108.41067567973687,53.62997362509029
17,47,62.0,1.0,28.2287600082456,89.66901468757169,15.514200415733498,108.41067567973687,53.62997362509029
17,48,110.0,1.0,28.2287600082456,89.66901468757169,15.514200415733498,108.41067567973687,53.62997362509029
34,49,98.0,1.0,28.2287600082456,89.66901468757169,15.514200415733498,108.41067567973687,53.62997362509029
34,50,94.0,1.0,28.2287600082456,89.66901468757169,15.514200415733498,108.41067567973687,53.62997362509029
23,51,132.0,1.0,28.2287600082456,89.66901468757169,15.514200415733498,108.41067567973687,53.62997362509029
23,52,160.0,1.0,28.2287600082456,89.66901468757169,15.514200415733498,108.41067567973687,53.62997362509029
27,53,110.0,1.0,28.2287600082456,89.66901468757169,15.514200415733498,108.41067567973687,53.62997362509029
27,54,118.0,1.0,28.2287600082456,89.66901468757169,15.514200415733498,108.41067567973687,53.62997362509029
32,55,96.0,1.0,28.2287600082456,89.66901468757169,15.514200415733498,108.41067567973687,53.62997362509029
32,56,72.0,1.0,28.2287600082456,89.66901468757169,15.514200415733498,108.41067567973687,53.62997362509029
40,57,190.0,1.0,28.2287600082456,89.66901468757169,15.514200415733498,108.41067567973687,53.62997362509029
40,58,118.0,1.0,28.2287600082456,89.66901468757169,15.514200415733498,108.41067567973687,53.62997362509029
44,59,76.0,1.0,28.2287600082456,89.66901468757169,15.514200415733498,108.41067567973687,53.62997362509029
44,60,168.0,1.0,28.2287600082456,89.66901468757169,15.514200415733498,108.41067567973687,53.62997362509029
38,61,148.0,1.0,28.2287600082456,89.66901468757169,15.514200415733498,108.41067567973687,53.62997362509029
38,62,112.0,1.0,28.2287600082456,89.66901468757169,15.514200415733498,108.41067567973687,53.62997362509029
21,63,108.0,1.0,28.2287600082456,89.66901468757169,15.514200415733498,108.41067567973687,53.62997362509029
21,64,74.0,1.0,28.2287600082456,89.66901468757169,15.514200415733498,108.41067567973687,53.62997362509029
37,65,92.0,1.0,28.2287600082456,89.66901468757169,15.514200415733498,108.41067567973687,53.62997362509029
37,66,146.0,1.0,28.2287600082456,89.66901468757169,15.514200415733498,108.41067567973687,53.62997362509029
41,67,80.0,1.0,28.2287600082456,89.66901468757169,15.514200415733498,108.41067567973687,53.62997362509029
41,68,128.0,1.0,28.2287600082456,89.66901468757169,15.514200415733498,108.41067567973687,53.62997362509029
25,69,34.0,1.0,28.2287600082456,89.66901468757169,15.514200415733498,108.41067567973687,53.62997362509029
25,70,100.0,1.0,28.2287600082456,89.66901468757169,15.514200415733498,108.41067567973687,53.62997362509029
29,71,56.0,1.0,28.2287600082456,89.66901468757169,15.514200415733498,108.41067567973687,53.62997362509029
29,72,82.0,1.0,28.2287600082456,89.66901468757169,15.514200415733498,108.41067567973687,53.62997362509029
46,73,120.0,1.0,28.2287600082456,89.66901468757169,15.514200415733498,108.41067567973687,53.62997362509029
46,74,94.0,1.0,28.2287600082456,89.66901468757169,15.514200415733498,108.41067567973687,53.62997362509029
13,75,66.0,1.0,28.2287600082456,89.66901468757169,15.514200415733498,108.41067567973687,53.62997362509029
13,76,92.0,1.0,28.2287600082456,89.66901468757169,15.514200415733498,108.41067567973687,53.62997362509029
42,77,110.0,1.0,28.2287600082456,89.66901468757169,15.514200415733498,108.41067567973687,53.62997362509029
42,78,86.0,1.0,28.2287600082456,89.66901468757169,15.514200415733498,108.41067567973687,53.62997362509029
35,79,136.0,1.0,28.2287600082456,89.66901468757169,15.514200415733498,108.41067567973687,53.62997362509029
35,80,132.0,1.0,28.2287600082456,89.66901468757169,15.514200415733498,108.41067567973687,53.62997362509029
50,81,108.0,1.0,28.2287600082456,89.66901468757169,15.514200415733498,108.41067567973687,53.62997362509029
50,82,140.0,1.0,28.2287600082456,89.66901468757169,15.514200415733498,108.41067567973687,53.62997362509029
36,83,164.0,1.0,28.2287600082456,89.66901468757169,15.514200415733498,108.41067567973687,53.62997362509029
36,84,128.0,1.0,28.2287600082456,89.66901468757169,15.514200415733498,108.41067567973687,53.62997362509029
56,85,94.0,1.0,28.2287600082456,89.66901468757169,15.514200415733498,108.41067567973687,53.62997362509029
56,86,204.0,1.0,28.2287600082456,89.66901468757169,15.514200415733498,108.41067567973687,53.62997362509029
48,87,116.0,1.0,28.2287600082456,89.66901468757169,15.514200415733498,108.41067567973687,53.62997362509029
48,88,80.0,1.0,28.2287600082456,89.66901468757169,15.514200415733498,108.41067567973687,53.62997362509029
43,89,90.0,1.0,28.2287600082456,89.66901468757169,15.514200415733498,108.41067567973687,53.62997362509029
43,90,116.0,1.0,28.2287600082456,89.66901468757169,15.514200415733498,108.41067567973687,53.62997362509029
71,91,84.0,1.0,28.2287600082456,89.66901468757169,15.514200415733498,108.41067567973687,53.62997362509029
71,92,156.0,1.0,28.2287600082456,89.66901468757169,15.514200415733498,108.41067567973687,53.62997362509029
64,93,128.0,1.0,28.2287600082456,89.66901468757169,15.514200415733498,108.41067567973687,53.62997362509029
64,94,132.0,1.0,28.2287600082456,89.66901468757169,15.514200415733498,108.41067567973687,53.62997362509029
49,95,84.0,1.0,28.2287600082456,89.66901468757169,15.514200415733498,108.41067567973687,53.62997362509029
49,96,78.0,1.0,28.2287600082456,89.66901468757169,15.514200415733498,108.41067567973687,53.62997362509029
54,97,182.0,1.0,28.2287600082456,89.66901468757169,15.514200415733498,108.41067567973687,53.62997362509029
54,98,126.0,1.0,28.2287600082456,89.66901468757169,15.514200415733498,108.41067567973687,53.62997362509029
58,99,202.0,1.0,28.2287600082456,89.66901468757169,15.514200415733498,108.41067567973687,53.62997362509029
58,100,106.0,1.0,28.2287600082456,89.66901468757169,15.514200415733498,108.41067567973687,53.62997362509029
59,101,160.0,1.0,28.2287600082456,89.66901468757169,15.514200415733498,108.41067567973687,53.62997362509029
59,102,72.0,1.0,28.2287600082456,89.66901468757169,15.514200415733498,108.41067567973687,53.62997362509029
62,103,84.0,1.0,28.2287600082456,89.66901468757169,15.514200415733498,108.41067567973687,53.62997362509029
62,104,84.0,1.0,28.2287600082456,89.66901468757169,15.514200415733498,108.41067567973687,53.62997362509029
72,105,164.0,1.0,28.2287600082456,89.66901468757169,15.514200415733498,108.41067567973687,53.62997362509029
72,106,48.0,1.0,28.2287600082456,89.66901468757169,15.514200415733498,108.41067567973687,53.62997362509029
55,107,198.0,1.0,28.2287600082456,89.66901468757169,15.514200415733498,108.41067567973687,53.62997362509029
55,108,58.0,1.0,28.2287600082456,89.66901468757169,15.514200415733498,108.41067567973687,53.62997362509029
52,109,86.0,1.0,28.2287600082456,89.66901468757169,15.514200415733498,108.41067567973687,53.62997362509029
52,110,92.0,1.0,28.2287600082456,89.66901468757169,15.514200415733498,108.41067567973687,53.62997362509029
78,111,120.0,1.0,28.2287600082456,89.66901468757169,15.514200415733498,108.41067567973687,53.62997362509029
78,112,132.0,1.0,28.2287600082456,89.66901468757169,15.514200415733498,108.41067567973687,53.62997362509029
74,113,130.0,1.0,28.2287600082456,89.66901468757169,15.514200415733498,108.41067567973687,53.62997362509029
74,114,212.0,1.0,28.2287600082456,89.66901468757169,15.514200415733498,108.41067567973687,53.62997362509029
76,115,138.0,1.0,28.2287600082456,89.66901468757169,15.514200415733498,108.41067567973687,53.62997362509029
76,116,118.0,1.0,28.2287600082456,89.66901468757169,15.514200415733498,108.41067567973687,53.62997362509029
47,117,82.0,1.0,28.2287600082456,89.66901468757169,15.514200415733498,108.41067567973687,53.62997362509029
47,118,60.0,1.0,28.2287600082456,89.66901468757169,15.514200415733498,108.41067567973687,53.62997362509029
70,119,114.0,1.0,28.2287600082456,89.66901468757169,15.514200415733498,108.41067567973687,53.62997362509029
70,120,100.0,1.0,28.2287600082456,89.66901468757169,15.514200415733498,108.41067567973687,53.62997362509029
67,121,122.0,1.0,28.2287600082456,89.66901468757169,15.514200415733498,108.41067567973687,53.62997362509029
67,122,76.0,1.0,28.2287600082456,89.66901468757169,15.514200415733498,108.41067567973687,53.62997362509029
88,123,100.0,1.0,28.2287600082456,89.66901468757169,15.514200415733498,108.41067567973687,53.62997362509029
88,124,112.0,1.0,28.2287600082456,89.66901468757169,15.514200415733498,108.41067567973687,53.62997362509029
33,125,138.0,1.0,28.2287600082456,89.66901468757169,15.514200415733498,108.41067567973687,53.62997362509029
33,126,166.0,1.0,28.2287600082456,89.66901468757169,15.514200415733498,108.41067567973687,53.62997362509029
68,127,138.0,1.0,28.2287600082456,89.66901468757169,15.514200415733498,108.41067567973687,53.62997362509029
68,128,138.0,1.0,28.2287600082456,89.66901468757169,15.514200415733498,108.41067567973687,53.62997362509029
65,129,64.0,1.0,28.2287600082456,89.66901468757169,15.514200415733498,108.41067567973687,53.62997362509029
65,130,124.0,1.0,28.2287600082456,89.66901468757169,15.514200415733498,108.41067567973687,53.62997362509029
60,131,80.0,1.0,28.2287600082456,89.66901468757169,15.514200415733498,108.41067567973687,53.62997362509029
60,132,136.0,1.0,28.2287600082456,89.66901468757169,15.514200415733498,108.41067567973687,53.62997362509029
106,133,74.0,1.0,28.2287600082456,89.66901468757169,15.514200415733498,108.41067567973687,53.62997362509029
106,134,82.0,1.0,28.2287600082456,89.66901468757169,15.514200415733498,108.41067567973687,53.62997362509029
85,135,84.0,1.0,28.2287600082456,89.66901468757169,15.514200415733498,108.41067567973687,53.62997362509029
85,136,170.0,1.0,28.2287600082456,89.66901468757169,15.514200415733498,108.41067567973687,53.62997362509029
39,137,244.95289934796065,1.0,28.2287600082456,89.66901468757169,15.514200415733498,108.41067567973687,53.62997362509029
39,138,70.0,1.0,28.2287600082456,89.66901468757169,15.514200415733498,108.41067567973687,53.62997362509029
66,139,106.0,1.0,28.2287600082456,89.66901468757169,15.514200415733498,108.41067567973687,53.62997362509029
66,140,104.0,1.0,28.2287600082456,89.66901468757169,15.514200415733498,108.41067567973687,53.62997362509029
69,141,98.0,1.0,28.2287600082456,89.66901468757169,15.514200415733498,108.41067567973687,53.62997362509029
69,142,160.0,1.0,28.2287600082456,89.66901468757169,15.514200415733498,108.41067567973687,53.62997362509029
80,143,90.0,1.0,28.2287600082456,89.66901468757169,15.514200415733498,108.41067567973687,53.62997362509029
80,144,114.0,1.0,28.2287600082456,89.66901468757169,15.514200415733498,108.41067567973687,53.62997362509029
96,145,136.0,1.0,28.2287600082456,89.66901468757169,15.514200415733498,108.41067567973687,53.62997362509029
96,146,104.0,1.0,28.2287600082456,89.66901468757169,15.514200415733498,108.41067567973687,53.62997362509029
102,147,108.0,1.0,28.2287600082456,89.66901468757169,15.514200415733498,108.41067567973687,53.62997362509029
102,148,102.0,1.0,28.2287600082456,89.66901468757169,15.514200415733498,108.41067567973687,53.62997362509029
108,149,92.0,1.0,28.2287600082456,89.66901468757169,15.514200415733498,108.41067567973687,53.62997362509029
108,150,118.0,1.0,28.2287600082456,89.66901468757169,15.514200415733498,108.41067567973687,53.62997362509029
51,151,118.0,1.0,28.2287600082456,89.66901468757169,15.514200415733498,108.41067567973687,53.62997362509029
51,152,54.0,1.0,28.2287600082456,89.66901468757169,15.514200415733498,108.41067567973687,53.62997362509029
91,153,102.0,1.0,28.2287600082456,89.66901468757169,15.514200415733498,108.41067567973687,53.62997362509029
91,154,106.0,1.0,28.2287600082456,89.66901468757169,15.514200415733498,108.41067567973687,53.62997362509029
45,155,62.0,1.0,28.2287600082456,89.66901468757169,15.514200415733498,108.41067567973687,53.62997362509029
45,156,112.0,1.0,28.2287600082456,89.66901468757169,15.514200415733498,108.41067567973687,53.62997362509029
82,157,88.0,1.0,28.2287600082456,89.66901468757169,15.514200415733498,108.41067567973687,53.62997362509029
82,158,96.0,1.0,28.2287600082456,89.66901468757169,15.514200415733498,108.41067567973687,53.62997362509029
84,159,228.0,1.0,28.2287600082456,89.66901468757169,15.514200415733498,108.41067567973687,53.62997362509029
84,160,98.0,1.0,28.2287600082456,89.66901468757169,15.514200415733498,108.41067567973687,53.62997362509029
118,161,158.0,1.0,28.2287600082456,89.66901468757169,15.514200415733498,108.41067567973687,53.62997362509029
118,162,72.0,1.0,28.2287600082456,89.66901468757169,15.514200415733498,108.41067567973687,53.62997362509029
73,163,190.0,1.0,28.2287600082456,89.66901468757169,15.514200415733498,108.41067567973687,53.62997362509029
73,164,16.0,1.0,28.2287600082456,89.66901468757169,15.514200415733498,108.41067567973687,53.62997362509029
90,165,82.0,1.0,28.2287600082456,89.66901468757169,15.514200415733498,108.41067567973687,53.62997362509029
90,166,82.0,1.0,28.2287600082456,89.66901468757169,15.514200415733498,108.41067567973687,53.62997362509029
79,167,106.0,1.0,28.2287600082456,89.66901468757169,15.514200415733498,108.41067567973687,53.62997362509029
79,168,112.0,1.0,28.2287600082456,89.66901468757169,15.514200415733498,108.41067567973687,53.62997362509029
104,169,88.0,1.0,28.2287600082456,89.66901468757169,15.514200415733498,108.41067567973687,53.62997362509029
104,170,118.0,1.0,28.2287600082456,89.66901468757169,15.514200415733498,108.41067567973687,53.62997362509029
164,171,56.0,1.0,28.2287600082456,89.66901468757169,15.514200415733498,108.41067567973687,53.62997362509029
164,172,106.0,1.0,28.2287600082456,89.66901468757169,15.514200415733498,108.41067567973687,53.62997362509029
100,173,84.0,1.0,28.2287600082456,89.66901468757169,15.514200415733498,108.41067567973687,53.62997362509029
100,174,138.0,1.0,28.2287600082456,89.66901468757169,15.514200415733498,108.41067567973687,53.62997362509029
122,175,84.0,1.0,28.2287600082456,89.66901468757169,15.514200415733498,108.41067567973687,53.62997362509029
122,176,86.0,1.0,28.2287600082456,89.66901468757169,15.514200415733498,108.41067567973687,53.62997362509029
110,177,80.0,1.0,28.2287600082456,89.66901468757169,15.514200415733498,108.41067567973687,53.62997362509029
110,178,48.0,1.0,28.2287600082456,89.66901468757169,15.514200415733498,108.41067567973687,53.62997362509029
94,179,96.0,1.0,28.2287600082456,89.66901468757169,15.514200415733498,108.41067567973687,53.62997362509029
94,180,90.0,1.0,28.2287600082456,89.66901468757169,15.514200415733498,108.41067567973687,53.62997362509029
98,181,80.0,1.0,28.2287600082456,89.66901468757169,15.514200415733498,108.41067567973687,53.62997362509029
98,182,138.0,1.0,28.2287600082456,89.66901468757169,15.514200415733498,108.41067567973687,53.62997362509029
120,183,132.0,1.0,28.2287600082456,89.66901468757169,15.514200415733498,108.41067567973687,53.62997362509029
120,184,98.0,1.0,28.2287600082456,89.66901468757169,15.514200415733498,108.41067567973687,53.62997362509029
152,185,134.0,1.0,28.2287600082456,89.66901468757169,15.514200415733498,108.41067567973687,53.62997362509029
152,186,118.0,1.0,28.2287600082456,89.66901468757169,15.514200415733498,108.41067567973687,53.62997362509029
103,188,82.0,1.0,28.2287600082456,89.66901468757169,15.514200415733498,108.41067567973687,53.62997362509029
93,189,112.0,1.0,28.2287600082456,89.66901468757169,15.514200415733498,108.41067567973687,53.62997362509029
93,190,174.0,1.0,28.2287600082456,89.66901468757169,15.514200415733498,108.41067567973687,53.62997362509029
138,191,98.0,1.0,28.2287600082456,89.66901468757169,15.514200415733498,108.41067567973687,53.62997362509029
138,192,94.0,1.0,28.2287600082456,89.66901468757169,15.514200415733498,108.41067567973687,53.62997362509029
116,193,130.0,1.0,28.2287600082456,89.66901468757169,15.514200415733498,108.41067567973687,53.62997362509029
116,194,106.0,1.0,28.2287600082456,89.66901468757169,15.514200415733498,108.41067567973687,53.62997362509029
134,195,108.0,1.0,28.2287600082456,89.66901468757169,15.514200415733498,108.41067567973687,53.62997362509029
134,196,68.0,1.0,28.2287600082456,89.66901468757169,15.514200415733498,108.41067567973687,53.62997362509029
92,197,80.0,1.0,28.2287600082456,89.66901468757169,15.514200415733498,108.41067567973687,53.62997362509029
92,198,76.0,1.0,28.2287600082456,89.66901468757169,15.514200415733498,108.41067567973687,53.62997362509029
63,199,118.0,1.0,28.2287600082456,89.66901468757169,15.514200415733498,108.41067567973687,53.62997362509029
63,200,108.0,1.0,28.2287600082456,89.66901468757169,15.514200415733498,108.41067567973687,53.62997362509029
31,201,84.0,1.0,28.2287600082456,89.66901468757169,15.514200415733498,108.41067567973687,53.62997362509029
31,202,66.0,1.0,28.2287600082456,89.66901468757169,15.514200415733498,108.41067567973687,53.62997362509029
83,203,116.0,1.0,28.2287600082456,89.66901468757169,15.514200415733498,108.41067567973687,53.62997362509029
83,204,68.0,1.0,28.2287600082456,89.66901468757169,15.514200415733498,108.41067567973687,53.62997362509029
112,205,76.0,1.0,28.2287600082456,89.66901468757169,15.514200415733498,108.41067567973687,53.62997362509029
112,206,74.0,1.0,28.2287600082456,89.66901468757169,15.514200415733498,108.41067567973687,53.62997362509029
124,207,186.0,1.0,28.2287600082456,89.66901468757169,15.514200415733498,108.41067567973687,53.62997362509029
124,208,138.0,1.0,28.2287600082456,89.66901468757169,15.514200415733498,108.41067567973687,53.62997362509029
81,209,148.0,1.0,28.2287600082456,89.66901468757169,15.514200415733498,108.41067567973687,53.62997362509029
81,210,82.0,1.0,28.2287600082456,89.66901468757169,15.514200415733498,108.41067567973687,53.62997362509029
162,211,102.0,1.0,28.2287600082456,89.66901468757169,15.514200415733498,108.41067567973687,53.62997362509029
162,212,160.0,1.0,28.2287600082456,89.66901468757169,15.514200415733498,108.41067567973687,53.62997362509029
86,213,68.0,1.0,28.2287600082456,89.66901468757169,15.514200415733498,108.41067567973687,53.62997362509029
86,214,120.0,1.0,28.2287600082456,89.66901468757169,15.514200415733498,108.41067567973687,53.62997362509029
178,215,108.0,1.0,28.2287600082456,89.66901468757169,15.514200415733498,108.41067567973687,53.62997362509029
178,216,80.0,1.0,28.2287600082456,89.66901468757169,15.514200415733498,108.41067567973687,53.62997362509029
166,217,98.0,1.0,28.2287600082456,89.66901468757169,15.514200415733498,108.41067567973687,53.62997362509029
166,218,120.0,1.0,28.2287600082456,89.66901468757169,15.514200415733498,108.41067567973687,53.62997362509029
140,219,158.0,1.0,28.2287600082456,89.66901468757169,15.514200415733498,108.41067567973687,53.62997362509029
140,220,90.0,1.0,28.2287600082456,89.66901468757169,15.514200415733498,108.41067567973687,53.62997362509029
123,221,82.0,1.0,28.2287600082456,89.66901468757169,15.514200415733498,108.41067567973687,53.62997362509029
123,222,102.0,1.0,28.2287600082456,89.66901468757169,15.514200415733498,108.41067567973687,53.62997362509029
143,223,90.0,1.0,28.2287600082456,89.66901468757169,15.514200415733498,108.41067567973687,53.62997362509029
143,224,28.0,1.0,28.2287600082456,89.66901468757169,15.514200415733498,108.41067567973687,53.62997362509029
130,226,66.0,1.0,28.2287600082456,89.66901468757169,15.514200415733498,108.41067567973687,53.62997362509029
146,227,102.0,1.0,28.2287600082456,89.66901468757169,15.514200415733498,108.41067567973687,53.62997362509029
146,228,138.0,1.0,28.2287600082456,89.66901468757169,15.514200415733498,108.41067567973687,53.62997362509029
148,229,122.0,1.0,28.2287600082456,89.66901468757169,15.514200415733498,108.41067567973687,53.62997362509029
148,230,134.0,1.0,28.2287600082456,89.66901468757169,15.514200415733498,108.41067567973687,53.62997362509029
158,231,66.0,1.0,28.2287600082456,89.66901468757169,15.514200415733498,108.41067567973687,53.62997362509029
158,232,72.0,1.0,28.2287600082456,89.66901468757169,15.514200415733498,108.41067567973687,53.62997362509029
61,233,72.0,1.0,28.2287600082456,89.66901468757169,15.514200415733498,108.41067567973687,53.62997362509029
61,234,108.0,1.0,28.2287600082456,89.66901468757169,15.514200415733498,108.41067567973687,53.62997362509029
160,235,108.0,1.0,28.2287600082456,89.66901468757169,15.514200415733498,108.41067567973687,53.62997362509029
160,236,98.0,1.0,28.2287600082456,89.66901468757169,15.514200415733498,108.41067567973687,53.62997362509029
105,237,62.0,1.0,28.2287600082456,89.66901468757169,15.514200415733498,108.41067567973687,53.62997362509029
105,238,84.0,1.0,28.2287600082456,89.66901468757169,15.514200415733498,108.41067567973687,53.62997362509029
154,239,88.0,1.0,28.2287600082456,89.66901468757169,15.514200415733498,108.41067567973687,53.62997362509029
154,240,116.0,1.0,28.2287600082456,89.66901468757169,15.514200415733498,108.41067567973687,53.62997362509029
165,241,114.0,1.0,28.2287600082456,89.66901468757169,15.514200415733498,108.41067567973687,53.62997362509029
165,242,132.0,1.0,28.2287600082456,89.66901468757169,15.514200415733498,108.41067567973687,53.62997362509029
113,243,172.0,1.0,28.2287600082456,89.66901468757169,15.514200415733498,108.41067567973687,53.62997362509029
113,244,106.0,1.0,28.2287600082456,89.66901468757169,15.514200415733498,108.41067567973687,53.62997362509029
144,245,148.0,1.0,28.2287600082456,89.66901468757169,15.514200415733498,108.41067567973687,53.62997362509029
144,246,174.0,1.0,28.2287600082456,89.66901468757169,15.514200415733498,108.41067567973687,53.62997362509029
131,247,146.0,1.0,28.2287600082456,89.66901468757169,15.514200415733498,108.41067567973687,53.62997362509029
131,248,140.0,1.0,28.2287600082456,89.66901468757169,15.514200415733498,108.41067567973687,53.62997362509029
128,249,108.0,1.0,28.2287600082456,89.66901468757169,15.514200415733498,108.41067567973687,53.62997362509029
128,250,104.0,1.0,28.2287600082456,89.66901468757169,15.514200415733498,108.41067567973687,53.62997362509029
132,251,156.0,1.0,28.2287600082456,89.66901468757169,15.514200415733498,108.41067567973687,53.62997362509029
132,252,50.0,1.0,28.2287600082456,89.66901468757169,15.514200415733498,108.41067567973687,53.62997362509029
156,253,146.0,1.0,28.2287600082456,89.66901468757169,15.514200415733498,108.41067567973687,53.62997362509029
156,254,98.0,1.0,28.2287600082456,89.66901468757169,15.514200415733498,108.41067567973687,53.62997362509029
150,255,64.0,1.0,28.2287600082456,89.66901468757169,15.514200415733498,108.41067567973687,53.62997362509029
150,256,126.0,1.0,28.2287600082456,89.66901468757169,15.514200415733498,108.41067567973687,53.62997362509029
176,257,104.0,1.0,28.2287600082456,89.66901468757169,15.514200415733498,108.41067567973687,53.62997362509029
176,258,94.0,1.0,28.2287600082456,89.66901468757169,15.514200415733498,108.41067567973687,53.62997362509029
168,259,108.0,1.0,28.2287600082456,89.66901468757169,15.514200415733498,108.41067567973687,53.62997362509029
168,260,130.0,1.0,28.2287600082456,89.66901468757169,15.514200415733498,108.41067567973687,53.62997362509029
224,261,124.0,1.0,28.2287600082456,89.66901468757169,15.514200415733498,108.41067567973687,53.62997362509029
224,262,174.0,1.0,28.2287600082456,89.66901468757169,15.514200415733498,108.41067567973687,53.62997362509029
155,263,120.0,1.0,28.2287600082456,89.66901468757169,15.514200415733498,108.41067567973687,53.62997362509029
155,264,116.0,1.0,28.2287600082456,89.66901468757169,15.514200415733498,108.41067567973687,53.62997362509029
87,265,162.0,1.0,28.2287600082456,89.66901468757169,15.514200415733498,108.41067567973687,53.62997362509029
87,266,78.0,1.0,28.2287600082456,89.66901468757169,15.514200415733498,108.41067567973687,53.62997362509029
170,267,128.0,1.0,28.2287600082456,89.66901468757169,15.514200415733498,108.41067567973687,53.62997362509029
170,268,56.0,1.0,28.2287600082456,89.66901468757169,15.514200415733498,108.41067567973687,53.62997362509029
172,269,128.0,1.0,28.2287600082456,89.66901468757169,15.514200415733498,108.41067567973687,53.62997362509029
172,270,144.0,1.0,28.2287600082456,89.66901468757169,15.514200415733498,108.41067567973687,53.62997362509029
196,271,92.0,1.0,28.2287600082456,89.66901468757169,15.514200415733498,108.41067567973687,53.62997362509029
196,272,88.0,1.0,28.2287600082456,89.66901468757169,15.514200415733498,108.41067567973687,53.62997362509029
180,273,92.0,1.0,28.2287600082456,89.66901468757169,15.514200415733498,108.41067567973687,53.62997362509029
180,274,102.0,1.0,28.2287600082456,89.66901468757169,15.514200415733498,108.41067567973687,53.62997362509029
129,275,78.0,1.0,28.2287600082456,89.66901468757169,15.514200415733498,108.41067567973687,53.62997362509029
129,276,100.0,1.0,28.2287600082456,89.66901468757169,15.514200415733498,108.41067567973687,53.62997362509029
126,277,112.0,1.0,28.2287600082456,89.66901468757169,15.514200415733498,108.41067567973687,53.62997362509029
126,278,184.0,1.0,28.2287600082456,89.66901468757169,15.514200415733498,108.41067567973687,53.62997362509029
202,279,132.0,1.0,28.2287600082456,89.66901468757169,15.514200415733498,108.41067567973687,53.62997362509029
202,280,118.0,1.0,28.2287600082456,89.66901468757169,15.514200415733498,108.41067567973687,53.62997362509029
53,281,50.0,1.0,28.2287600082456,89.66901468757169,15.514200415733498,108.41067567973687,53.62997362509029
53,282,84.0,1.0,28.2287600082456,89.66901468757169,15.514200415733498,108.41067567973687,53.62997362509029
188,283,108.0,1.0,28.2287600082456,89.66901468757169,15.514200415733498,108.41067567973687,53.62997362509029
188,284,132.0,1.0,28.2287600082456,89.66901468757169,15.514200415733498,108.41067567973687,53.62997362509029
147,285,104.0,1.0,28.2287600082456,89.66901468757169,15.514200415733498,108.41067567973687,53.62997362509029
147,286,116.0,1.0,28.2287600082456,89.66901468757169,15.514200415733498,108.41067567973687,53.62997362509029
198,287,88.0,1.0,28.2287600082456,89.66901468757169,15.514200415733498,108.41067567973687,53.62997362509029
198,288,166.0,1.0,28.2287600082456,89.66901468757169,15.514200415733498,108.41067567973687,53.62997362509029
204,289,126.0,1.0,28.2287600082456,89.66901468757169,15.514200415733498,108.41067567973687,53.62997362509029
204,290,156.0,1.0,28.2287600082456,89.66901468757169,15.514200415733498,108.41067567973687,53.62997362509029
169,291,110.0,1.0,28.2287600082456,89.66901468757169,15.514200415733498,108.41067567973687,53.62997362509029
169,292,136.0,1.0,28.2287600082456,89.66901468757169,15.514200415733498,108.41067567973687,53.62997362509029
184,293,94.0,1.0,28.2287600082456,89.66901468757169,15.514200415733498,108.41067567973687,53.62997362509029
184,294,94.0,1.0,28.2287600082456,89.66901468757169,15.514200415733498,108.41067567973687,53.62997362509029
99,295,82.0,1.0,28.2287600082456,89.66901468757169,15.514200415733498,108.41067567973687,53.62997362509029
99,296,138.0,1.0,28.2287600082456,89.66901468757169,15.514200415733498,108.41067567973687,53.62997362509029
206,297,148.0,1.0,28.2287600082456,89.66901468757169,15.514200415733498,108.41067567973687,53.62997362509029
206,298,88.0,1.0,28.2287600082456,89.66901468757169,15.514200415733498,108.41067567973687,53.62997362509029
142,299,112.0,1.0,28.2287600082456,89.66901468757169,15.514200415733498,108.41067567973687,53.62997362509029
142,300,140.0,1.0,28.2287600082456,89.66901468757169,15.514200415733498,108.41067567973687,53.62997362509029
136,301,120.0,1.0,28.2287600082456,89.66901468757169,15.514200415733498,108.41067567973687,53.62997362509029
136,302,124.0,1.0,28.2287600082456,89.66901468757169,15.514200415733498,108.41067567973687,53.62997362509029
119,303,166.0,1.0,28.2287600082456,89.66901468757169,15.514200415733498,108.41067567973687,53.62997362509029
119,304,110.0,1.0,28.2287600082456,89.66901468757169,15.514200415733498,108.41067567973687,53.62997362509029
192,305,128.0,1.0,28.2287600082456,89.66901468757169,15.514200415733498,108.41067567973687,53.62997362509029
192,306,42.0,1.0,28.2287600082456,89.66901468757169,15.514200415733498,108.41067567973687,53.62997362509029
114,307,110.0,1.0,28.2287600082456,89.66901468757169,15.514200415733498,108.41067567973687,53.62997362509029
114,308,162.0,1.0,28.2287600082456,89.66901468757169,15.514200415733498,108.41067567973687,53.62997362509029
210,309,78.0,1.0,28.2287600082456,89.66901468757169,15.514200415733498,108.41067567973687,53.62997362509029
210,310,86.0,1.0,28.2287600082456,89.66901468757169,15.514200415733498,108.41067567973687,53.62997362509029
213,311,104.0,1.0,28.2287600082456,89.66901468757169,15.514200415733498,108.41067567973687,53.62997362509029
213,312,178.0,1.0,28.2287600082456,89.66901468757169,15.514200415733498,108.41067567973687,53.62997362509029
157,313,90.0,1.0,28.2287600082456,89.66901468757169,15.514200415733498,108.41067567973687,53.62997362509029
157,314,188.0,1.0,28.2287600082456,89.66901468757169,15.514200415733498,108.41067567973687,53.62997362509029
216,315,84.0,1.0,28.2287600082456,89.66901468757169,15.514200415733498,108.41067567973687,53.62997362509029
216,316,66.0,1.0,28.2287600082456,89.66901468757169,15.514200415733498,108.41067567973687,53.62997362509029
252,317,130.58056233105248,1.0,28.2287600082456,89.66901468757169,15.514200415733498,108.41067567973687,53.62997362509029
252,318,126.0,1.0,28.2287600082456,89.66901468757169,15.514200415733498,108.41067567973687,53.62997362509029
167,319,116.0,1.0,28.2287600082456,89.66901468757169,15.514200415733498,108.41067567973687,53.62997362509029
167,320,100.0,1.0,28.2287600082456,89.66901468757169,15.514200415733498,108.41067567973687,53.62997362509029
175,321,142.0,1.0,28.2287600082456,89.66901468757169,15.514200415733498,108.41067567973687,53.62997362509029
175,322,100.0,1.0,28.2287600082456,89.66901468757169,15.514200415733498,108.41067567973687,53.62997362509029
205,323,110.0,1.0,28.2287600082456,89.66901468757169,15.514200415733498,108.41067567973687,53.62997362509029
205,324,76.0,1.0,28.2287600082456,89.66901468757169,15.514200415733498,108.41067567973687,53.62997362509029
226,325,48.0,1.0,28.2287600082456,89.66901468757169,15.514200415733498,108.41067567973687,53.62997362509029
226,326,96.0,1.0,28.2287600082456,89.66901468757169,15.514200415733498,108.41067567973687,53.62997362509029
151,327,70.0,1.0,28.2287600082456,89.66901468757169,15.514200415733498,108.41067567973687,53.62997362509029
151,328,112.0,1.0,28.2287600082456,89.66901468757169,15.514200415733498,108.41067567973687,53.62997362509029
174,329,52.0,1.0,28.2287600082456,89.66901468757169,15.514200415733498,108.41067567973687,53.62997362509029
174,330,100.0,1.0,28.2287600082456,89.66901468757169,15.514200415733498,108.41067567973687,53.62997362509029
194,331,174.0,1.0,28.2287600082456,89.66901468757169,15.514200415733498,108.41067567973687,53.62997362509029
194,332,98.0,1.0,28.2287600082456,89.66901468757169,15.514200415733498,108.41067567973687,53.62997362509029
186,333,78.0,1.0,28.2287600082456,89.66901468757169,15.514200415733498,108.41067567973687,53.62997362509029
186,334,118.0,1.0,28.2287600082456,89.66901468757169,15.514200415733498,108.41067567973687,53.62997362509029
149,335,102.0,1.0,28.2287600082456,89.66901468757169,15.514200415733498,108.41067567973687,53.62997362509029
149,336,24.0,1.0,28.2287600082456,89.66901468757169,15.514200415733498,108.41067567973687,53.62997362509029
200,337,94.0,1.0,28.2287600082456,89.66901468757169,15.514200415733498,108.41067567973687,53.62997362509029
200,338,98.0,1.0,28.2287600082456,89.66901468757169,15.514200415733498,108.41067567973687,53.62997362509029
232,339,172.0,1.0,28.2287600082456,89.66901468757169,15.514200415733498,108.41067567973687,53.62997362509029
232,340,142.0,1.0,28.2287600082456,89.66901468757169,15.514200415733498,108.41067567973687,53.62997362509029
233,341,132.0,1.0,28.2287600082456,89.66901468757169,15.514200415733498,108.41067567973687,53.62997362509029
233,342,140.0,1.0,28.2287600082456,89.66901468757169,15.514200415733498,108.41067567973687,53.62997362509029
231,343,94.0,1.0,28.2287600082456,89.66901468757169,15.514200415733498,108.41067567973687,53.62997362509029
231,344,116.0,1.0,28.2287600082456,89.66901468757169,15.514200415733498,108.41067567973687,53.62997362509029
220,345,106.0,1.0,28.2287600082456,89.66901468757169,15.514200415733498,108.41067567973687,53.62997362509029
220,346,132.0,1.0,28.2287600082456,89.66901468757169,15.514200415733498,108.41067567973687,53.62997362509029
182,347,90.0,1.0,28.2287600082456,89.66901468757169,15.514200415733498,108.41067567973687,53.62997362509029
182,348,138.0,1.0,28.2287600082456,89.66901468757169,15.514200415733498,108.41067567973687,53.62997362509029
199,349,96.0,1.0,28.2287600082456,89.66901468757169,15.514200415733498,108.41067567973687,53.62997362509029
199,350,82.0,1.0,28.2287600082456,89.66901468757169,15.514200415733498,108.41067567973687,53.62997362509029
268,351,126.0,1.0,28.2287600082456,89.66901468757169,15.514200415733498,108.41067567973687,53.62997362509029
268,352,138.0,1.0,28.2287600082456,89.66901468757169,15.514200415733498,108.41067567973687,53.62997362509029
255,353,84.0,1.0,28.2287600082456,89.66901468757169,15.514200415733498,108.41067567973687,53.62997362509029
255,354,106.0,1.0,28.2287600082456,89.66901468757169,15.514200415733498,108.41067567973687,53.62997362509029
238,355,142.0,1.0,28.2287600082456,89.66901468757169,15.514200415733498,108.41067567973687,53.62997362509029
238,356,104.0,1.0,28.2287600082456,89.66901468757169,15.514200415733498,108.41067567973687,53.62997362509029
197,357,118.0,1.0,28.2287600082456,89.66901468757169,15.514200415733498,108.41067567973687,53.62997362509029
197,358,178.0,1.0,28.2287600082456,89.66901468757169,15.514200415733498,108.41067567973687,53.62997362509029
217,359,100.0,1.0,28.2287600082456,89.66901468757169,15.514200415733498,108.41067567973687,53.62997362509029
217,360,134.0,1.0,28.2287600082456,89.66901468757169,15.514200415733498,108.41067567973687,53.62997362509029
211,361,150.0,1.0,28.2287600082456,89.66901468757169,15.514200415733498,108.41067567973687,53.62997362509029
211,362,94.0,1.0,28.2287600082456,89.66901468757169,15.514200415733498,108.41067567973687,53.62997362509029
185,363,78.0,1.0,28.2287600082456,89.66901468757169,15.514200415733498,108.41067567973687,53.62997362509029
185,364,120.0,1.0,28.2287600082456,89.66901468757169,15.514200415733498,108.41067567973687,53.62997362509029
222,365,34.0,1.0,28.2287600082456,89.66901468757169,15.514200415733498,108.41067567973687,53.62997362509029
222,366,168.0,1.0,28.2287600082456,89.66901468757169,15.514200415733498,108.41067567973687,53.62997362509029
306,367,134.0,1.0,28.2287600082456,89.66901468757169,15.514200415733498,108.41067567973687,53.62997362509029
306,368,96.0,1.0,28.2287600082456,89.66901468757169,15.514200415733498,108.41067567973687,53.62997362509029
336,369,74.0,1.0,28.2287600082456,89.66901468757169,15.514200415733498,108.41067567973687,53.62997362509029
336,370,68.0,1.0,28.2287600082456,89.66901468757169,15.514200415733498,108.41067567973687,53.62997362509029
183,371,68.0,1.0,28.2287600082456,89.66901468757169,15.514200415733498,108.41067567973687,53.62997362509029
183,372,100.0,1.0,28.2287600082456,89.66901468757169,15.514200415733498,108.41067567973687,53.62997362509029
221,373,90.0,1.0,28.2287600082456,89.66901468757169,15.514200415733498,108.41067567973687,53.62997362509029
221,374,64.0,1.0,28.2287600082456,89.66901468757169,15.514200415733498,108.41067567973687,53.62997362509029
214,375,96.0,1.0,28.2287600082456,89.66901468757169,15.514200415733498,108.41067567973687,53.62997362509029
214,376,130.0,1.0,28.2287600082456,89.66901468757169,15.514200415733498,108.41067567973687,53.62997362509029
236,377,98.0,1.0,28.2287600082456,89.66901468757169,15.514200415733498,108.41067567973687,53.62997362509029
236,378,74.0,1.0,28.2287600082456,89.66901468757169,15.514200415733498,108.41067567973687,53.62997362509029
111,379,46.0,1.0,28.2287600082456,89.66901468757169,15.514200415733498,108.41067567973687,53.62997362509029
111,380,112.0,1.0,28.2287600082456,89.66901468757169,15.514200415733498,108.41067567973687,53.62997362509029
266,381,148.0,1.0,28.2287600082456,89.66901468757169,15.514200415733498,108.41067567973687,53.62997362509029
266,382,98.0,1.0,28.2287600082456,89.66901468757169,15.514200415733498,108.41067567973687,53.62997362509029
127,383,152.0,1.0,28.2287600082456,89.66901468757169,15.514200415733498,108.41067567973687,53.62997362509029
127,384,128.0,1.0,28.2287600082456,89.66901468757169,15.514200415733498,108.41067567973687,53.62997362509029
218,385,90.0,1.0,28.2287600082456,89.66901468757169,15.514200415733498,108.41067567973687,53.62997362509029
218,386,108.0,1.0,28.2287600082456,89.66901468757169,15.514200415733498,108.41067567973687,53.62997362509029
258,387,184.0,1.0,28.2287600082456,89.66901468757169,15.514200415733498,108.41067567973687,53.62997362509029
258,388,80.0,1.0,28.2287600082456,89.66901468757169,15.514200415733498,108.41067567973687,53.62997362509029
208,389,110.0,1.0,28.2287600082456,89.66901468757169,15.514200415733498,108.41067567973687,53.62997362509029
208,390,78.0,1.0,28.2287600082456,89.66901468757169,15.514200415733498,108.41067567973687,53.62997362509029
234,391,64.0,1.0,28.2287600082456,89.66901468757169,15.514200415733498,108.41067567973687,53.62997362509029
234,392,122.0,1.0,28.2287600082456,89.66901468757169,15.514200415733498,108.41067567973687,53.62997362509029
215,393,96.0,1.0,28.2287600082456,89.66901468757169,15.514200415733498,108.41067567973687,53.62997362509029
215,394,134.0,1.0,28.2287600082456,89.66901468757169,15.514200415733498,108.41067567973687,53.62997362509029
254,395,106.0,1.0,28.2287600082456,89.66901468757169,15.514200415733498,108.41067567973687,53.62997362509029
254,396,64.0,1.0,28.2287600082456,89.66901468757169,15.514200415733498,108.41067567973687,53.62997362509029
244,397,192.0,1.0,28.2287600082456,89.66901468757169,15.514200415733498,108.41067567973687,53.62997362509029
244,398,100.0,1.0,28.2287600082456,89.66901468757169,15.514200415733498,108.41067567973687,53.62997362509029
161,399,202.0,1.0,28.2287600082456,89.66901468757169,15.514200415733498,108.41067567973687,53.62997362509029
161,400,84.0,1.0,28.2287600082456,89.66901468757169,15.514200415733498,108.41067567973687,53.62997362509029
250,401,154.0,1.0,28.2287600082456,89.66901468757169,15.514200415733498,108.41067567973687,53.62997362509029
250,402,136.0,1.0,28.2287600082456,89.66901468757169,15.514200415733498,108.41067567973687,53.62997362509029
272,403,132.0,1.0,28.2287600082456,89.66901468757169,15.514200415733498,108.41067567973687,53.62997362509029
272,404,84.0,1.0,28.2287600082456,89.66901468757169,15.514200415733498,108.41067567973687,53.62997362509029
109,405,84.0,1.0,28.2287600082456,89.66901468757169,15.514200415733498,108.41067567973687,53.62997362509029
109,406,70.0,1.0,28.2287600082456,89.66901468757169,15.514200415733498,108.41067567973687,53.62997362509029
240,407,128.0,1.0,28.2287600082456,89.66901468757169,15.514200415733498,108.41067567973687,53.62997362509029
240,408,138.0,1.0,28.2287600082456,89.66901468757169,15.514200415733498,108.41067567973687,53.62997362509029
282,409,48.0,1.0,28.2287600082456,89.66901468757169,15.514200415733498,108.41067567973687,53.62997362509029
282,410,242.0,1.0,28.2287600082456,89.66901468757169,15.514200415733498,108.41067567973687,53.62997362509029
75,411,92.0,1.0,28.2287600082456,89.66901468757169,15.514200415733498,108.41067567973687,53.62997362509029
75,412,88.0,1.0,28.2287600082456,89.66901468757169,15.514200415733498,108.41067567973687,53.62997362509029
57,413,86.0,1.0,28.2287600082456,89.66901468757169,15.514200415733498,108.41067567973687,53.62997362509029
57,414,100.0,1.0,28.2287600082456,89.66901468757169,15.514200415733498,108.41067567973687,53.62997362509029
316,415,92.0,1.0,28.2287600082456,89.66901468757169,15.514200415733498,108.41067567973687,53.62997362509029
316,416,146.0,1.0,28.2287600082456,89.66901468757169,15.514200415733498,108.41067567973687,53.62997362509029
201,417,62.0,1.0,28.2287600082456,89.66901468757169,15.514200415733498,108.41067567973687,53.62997362509029
201,418,126.0,1.0,28.2287600082456,89.66901468757169,15.514200415733498,108.41067567973687,53.62997362509029
230,419,164.0,1.0,28.2287600082456,89.66901468757169,15.514200415733498,108.41067567973687,53.62997362509029
230,420,88.0,1.0,28.2287600082456,89.66901468757169,15.514200415733498,108.41067567973687,53.62997362509029
275,421,124.0,1.0,28.2287600082456,89.66901468757169,15.514200415733498,108.41067567973687,53.62997362509029
275,422,106.0,1.0,28.2287600082456,89.66901468757169,15.514200415733498,108.41067567973687,53.62997362509029
190,423,90.0,1.0,28.2287600082456,89.66901468757169,15.514200415733498,108.41067567973687,53.62997362509029
190,424,152.0,1.0,28.2287600082456,89.66901468757169,15.514200415733498,108.41067567973687,53.62997362509029
276,426,76.0,1.0,28.2287600082456,89.66901468757169,15.514200415733498,108.41067567973687,53.62997362509029
271,427,138.0,1.0,28.2287600082456,89.66901468757169,15.514200415733498,108.41067567973687,53.62997362509029
271,428,104.0,1.0,28.2287600082456,89.66901468757169,15.514200415733498,108.41067567973687,53.62997362509029
135,429,80.0,1.0,28.2287600082456,89.66901468757169,15.514200415733498,108.41067567973687,53.62997362509029
135,430,110.0,1.0,28.2287600082456,89.66901468757169,15.514200415733498,108.41067567973687,53.62997362509029
228,431,90.0,1.0,28.2287600082456,89.66901468757169,15.514200415733498,108.41067567973687,53.62997362509029
228,432,106.0,1.0,28.2287600082456,89.66901468757169,15.514200415733498,108.41067567973687,53.62997362509029
145,433,78.0,1.0,28.2287600082456,89.66901468757169,15.514200415733498,108.41067567973687,53.62997362509029
145,434,112.0,1.0,28.2287600082456,89.66901468757169,15.514200415733498,108.41067567973687,53.62997362509029
274,435,114.0,1.0,28.2287600082456,89.66901468757169,15.514200415733498,108.41067567973687,53.62997362509029
274,436,124.0,1.0,28.2287600082456,89.66901468757169,15.514200415733498,108.41067567973687,53.62997362509029
223,437,180.0,1.0,28.2287600082456,89.66901468757169,15.514200415733498,108.41067567973687,53.62997362509029
223,438,86.0,1.0,28.2287600082456,89.66901468757169,15.514200415733498,108.41067567973687,53.62997362509029
298,439,82.0,1.0,28.2287600082456,89.66901468757169,15.514200415733498,108.41067567973687,53.62997362509029
298,440,102.0,1.0,28.2287600082456,89.66901468757169,15.514200415733498,108.41067567973687,53.62997362509029
212,441,104.0,1.0,28.2287600082456,89.66901468757169,15.514200415733498,108.41067567973687,53.62997362509029
212,442,138.0,1.0,28.2287600082456,89.66901468757169,15.514200415733498,108.41067567973687,53.62997362509029
242,443,94.0,1.0,28.2287600082456,89.66901468757169,15.514200415733498,108.41067567973687,53.62997362509029
242,444,138.0,1.0,28.2287600082456,89.66901468757169,15.514200415733498,108.41067567973687,53.62997362509029
249,445,116.0,1.0,28.2287600082456,89.66901468757169,15.514200415733498,108.41067567973687,53.62997362509029
249,446,106.0,1.0,28.2287600082456,89.66901468757169,15.514200415733498,108.41067567973687,53.62997362509029
273,447,66.0,1.0,28.2287600082456,89.66901468757169,15.514200415733498,108.41067567973687,53.62997362509029
273,448,96.0,1.0,28.2287600082456,89.66901468757169,15.514200415733498,108.41067567973687,53.62997362509029
294,449,100.0,1.0,28.2287600082456,89.66901468757169,15.514200415733498,108.41067567973687,53.62997362509029
294,450,108.0,1.0,28.2287600082456,89.66901468757169,15.514200415733498,108.41067567973687,53.62997362509029
324,451,108.0,1.0,28.2287600082456,89.66901468757169,15.514200415733498,108.41067567973687,53.62997362509029
324,452,142.0,1.0,28.2287600082456,89.66901468757169,15.514200415733498,108.41067567973687,53.62997362509029
256,453,74.0,1.0,28.2287600082456,89.66901468757169,15.514200415733498,108.41067567973687,53.62997362509029
256,454,210.0,1.0,28.2287600082456,89.66901468757169,15.514200415733498,108.41067567973687,53.62997362509029
264,455,222.0,1.0,28.2287600082456,89.66901468757169,15.514200415733498,108.41067567973687,53.62997362509029
264,456,60.0,1.0,28.2287600082456,89.66901468757169,15.514200415733498,108.41067567973687,53.62997362509029
310,457,94.0,1.0,28.2287600082456,89.66901468757169,15.514200415733498,108.41067567973687,53.62997362509029
310,458,126.0,1.0,28.2287600082456,89.66901468757169,15.514200415733498,108.41067567973687,53.62997362509029
163,459,108.0,1.0,28.2287600082456,89.66901468757169,15.514200415733498,108.41067567973687,53.62997362509029
163,460,64.0,1.0,28.2287600082456,89.66901468757169,15.514200415733498,108.41067567973687,53.62997362509029
248,461,110.0,1.0,28.2287600082456,89.66901468757169,15.514200415733498,108.41067567973687,53.62997362509029
248,462,124.0,1.0,28.2287600082456,89.66901468757169,15.514200415733498,108.41067567973687,53.62997362509029
219,463,132.0,1.0,28.2287600082456,89.66901468757169,15.514200415733498,108.41067567973687,53.62997362509029
219,464,116.0,1.0,28.2287600082456,89.66901468757169,15.514200415733498,108.41067567973687,53.62997362509029
260,465,118.0,1.0,28.2287600082456,89.66901468757169,15.514200415733498,108.41067567973687,53.62997362509029
260,466,68.0,1.0,28.2287600082456,89.66901468757169,15.514200415733498,108.41067567973687,53.62997362509029
280,467,132.0,1.0,28.2287600082456,89.66901468757169,15.514200415733498,108.41067567973687,53.62997362509029
280,468,110.0,1.0,28.2287600082456,89.66901468757169,15.514200415733498,108.41067567973687,53.62997362509029
89,469,94.0,1.0,28.2287600082456,89.66901468757169,15.514200415733498,108.41067567973687,53.62997362509029
89,470,112.0,1.0,28.2287600082456,89.66901468757169,15.514200415733498,108.41067567973687,53.62997362509029
77,471,110.0,1.0,28.2287600082456,89.66901468757169,15.514200415733498,108.41067567973687,53.62997362509029
77,472,36.0,1.0,28.2287600082456,89.66901468757169,15.514200415733498,108.41067567973687,53.62997362509029
281,473,92.0,1.0,28.2287600082456,89.66901468757169,15.514200415733498,108.41067567973687,53.62997362509029
281,474,68.0,1.0,28.2287600082456,89.66901468757169,15.514200415733498,108.41067567973687,53.62997362509029
107,475,60.0,1.0,28.2287600082456,89.66901468757169,15.514200415733498,108.41067567973687,53.62997362509029
107,476,102.0,1.0,28.2287600082456,89.66901468757169,15.514200415733498,108.41067567973687,53.62997362509029
286,477,134.0,1.0,28.2287600082456,89.66901468757169,15.514200415733498,108.41067567973687,53.62997362509029
286,478,146.0,1.0,28.2287600082456,89.66901468757169,15.514200415733498,108.41067567973687,53.62997362509029
259,479,106.0,1.0,28.2287600082456,89.66901468757169,15.514200415733498,108.41067567973687,53.62997362509029
259,480,212.0,1.0,28.2287600082456,89.66901468757169,15.514200415733498,108.41067567973687,53.62997362509029
326,481,126.0,1.0,28.2287600082456,89.66901468757169,15.514200415733498,108.41067567973687,53.62997362509029
326,482,116.0,1.0,28.2287600082456,89.66901468757169,15.514200415733498,108.41067567973687,53.62997362509029
304,483,82.0,1.0,28.2287600082456,89.66901468757169,15.514200415733498,108.41067567973687,53.62997362509029
304,484,106.0,1.0,28.2287600082456,89.66901468757169,15.514200415733498,108.41067567973687,53.62997362509029
115,485,172.0,1.0,28.2287600082456,89.66901468757169,15.514200415733498,108.41067567973687,53.62997362509029
115,486,96.0,1.0,28.2287600082456,89.66901468757169,15.514200415733498,108.41067567973687,53.62997362509029
263,487,234.0,1.0,28.2287600082456,89.66901468757169,15.514200415733498,108.41067567973687,53.62997362509029
263,488,96.0,1.0,28.2287600082456,89.66901468757169,15.514200415733498,108.41067567973687,53.62997362509029
311,489,142.0,1.0,28.2287600082456,89.66901468757169,15.514200415733498,108.41067567973687,53.62997362509029
311,490,84.0,1.0,28.2287600082456,89.66901468757169,15.514200415733498,108.41067567973687,53.62997362509029
320,491,110.0,1.0,28.2287600082456,89.66901468757169,15.514200415733498,108.41067567973687,53.62997362509029
320,492,94.0,1.0,28.2287600082456,89.66901468757169,15.514200415733498,108.41067567973687,53.62997362509029
322,493,138.0,1.0,28.2287600082456,89.66901468757169,15.514200415733498,108.41067567973687,53.62997362509029
322,494,88.0,1.0,28.2287600082456,89.66901468757169,15.514200415733498,108.41067567973687,53.62997362509029
181,495,142.0,1.0,28.2287600082456,89.66901468757169,15.514200415733498,108.41067567973687,53.62997362509029
181,496,4.0,1.0,28.2287600082456,89.66901468757169,15.514200415733498,108.41067567973687,53.62997362509029
370,497,80.0,1.0,28.2287600082456,89.66901468757169,15.514200415733498,108.41067567973687,53.62997362509029
370,498,134.0,1.0,28.2287600082456,89.66901468757169,15.514200415733498,108.41067567973687,53.62997362509029
374,499,122.0,1.0,28.2287600082456,89.66901468757169,15.514200415733498,108.41067567973687,53.62997362509029
374,500,154.0,1.0,28.2287600082456,89.66901468757169,15.514200415733498,108.41067567973687,53.62997362509029
227,501,52.0,1.0,28.2287600082456,89.66901468757169,15.514200415733498,108.41067567973687,53.62997362509029
227,502,118.0,1.0,28.2287600082456,89.66901468757169,15.514200415733498,108.41067567973687,53.62997362509029
332,503,116.0,1.0,28.2287600082456,89.66901468757169,15.514200415733498,108.41067567973687,53.62997362509029
332,504,76.0,1.0,28.2287600082456,89.66901468757169,15.514200415733498,108.41067567973687,53.62997362509029
330,505,122.0,1.0,28.2287600082456,89.66901468757169,15.514200415733498,108.41067567973687,53.62997362509029
330,506,100.0,1.0,28.2287600082456,89.66901468757169,15.514200415733498,108.41067567973687,53.62997362509029
350,507,110.0,1.0,28.2287600082456,89.66901468757169,15.514200415733498,108.41067567973687,53.62997362509029
350,508,68.0,1.0,28.2287600082456,89.66901468757169,15.514200415733498,108.41067567973687,53.62997362509029
327,509,120.0,1.0,28.2287600082456,89.66901468757169,15.514200415733498,108.41067567973687,53.62997362509029
327,510,106.0,1.0,28.2287600082456,89.66901468757169,15.514200415733498,108.41067567973687,53.62997362509029
496,511,60.0,1.0,28.2287600082456,89.66901468757169,15.514200415733498,108.41067567973687,53.62997362509029
496,512,120.0,1.0,28.2287600082456,89.66901468757169,15.514200415733498,108.41067567973687,53.62997362509029
284,513,114.0,1.0,28.2287600082456,89.66901468757169,15.514200415733498,108.41067567973687,53.62997362509029
284,514,100.0,1.0,28.2287600082456,89.66901468757169,15.514200415733498,108.41067567973687,53.62997362509029
307,515,132.0,1.0,28.2287600082456,89.66901468757169,15.514200415733498,108.41067567973687,53.62997362509029
307,516,110.0,1.0,28.2287600082456,89.66901468757169,15.514200415733498,108.41067567973687,53.62997362509029
338,517,88.0,1.0,28.2287600082456,89.66901468757169,15.514200415733498,108.41067567973687,53.62997362509029
338,518,94.0,1.0,28.2287600082456,89.66901468757169,15.514200415733498,108.41067567973687,53.62997362509029
270,519,134.0,1.0,28.2287600082456,89.66901468757169,15.514200415733498,108.41067567973687,53.62997362509029
270,520,186.0,1.0,28.2287600082456,89.66901468757169,15.514200415733498,108.41067567973687,53.62997362509029
302,521,198.0,1.0,28.2287600082456,89.66901468757169,15.514200415733498,108.41067567973687,53.62997362509029
302,522,182.0,1.0,28.2287600082456,89.66901468757169,15.514200415733498,108.41067567973687,53.62997362509029
378,523,60.0,1.0,28.2287600082456,89.66901468757169,15.514200415733498,108.41067567973687,53.62997362509029
378,524,116.0,1.0,28.2287600082456,89.66901468757169,15.514200415733498,108.41067567973687,53.62997362509029
396,525,88.0,1.0,28.2287600082456,89.66901468757169,15.514200415733498,108.41067567973687,53.62997362509029
396,526,80.0,1.0,28.2287600082456,89.66901468757169,15.514200415733498,108.41067567973687,53.62997362509029
203,527,90.0,1.0,28.2287600082456,89.66901468757169,15.514200415733498,108.41067567973687,53.62997362509029
203,528,116.0,1.0,28.2287600082456,89.66901468757169,15.514200415733498,108.41067567973687,53.62997362509029
328,529,60.0,1.0,28.2287600082456,89.66901468757169,15.514200415733498,108.41067567973687,53.62997362509029
328,530,158.0,1.0,28.2287600082456,89.66901468757169,15.514200415733498,108.41067567973687,53.62997362509029
179,531,72.0,1.0,28.2287600082456,89.66901468757169,15.514200415733498,108.41067567973687,53.62997362509029
179,532,104.0,1.0,28.2287600082456,89.66901468757169,15.514200415733498,108.41067567973687,53.62997362509029
313,533,122.0,1.0,28.2287600082456,89.66901468757169,15.514200415733498,108.41067567973687,53.62997362509029
313,534,62.0,1.0,28.2287600082456,89.66901468757169,15.514200415733498,108.41067567973687,53.62997362509029
245,535,136.0,1.0,28.2287600082456,89.66901468757169,15.514200415733498,108.41067567973687,53.62997362509029
245,536,130.0,1.0,28.2287600082456,89.66901468757169,15.514200415733498,108.41067567973687,53.62997362509029
292,537,102.0,1.0,28.2287600082456,89.66901468757169,15.514200415733498,108.41067567973687,53.62997362509029
292,538,44.0,1.0,28.2287600082456,89.66901468757169,15.514200415733498,108.41067567973687,53.62997362509029
287,539,164.0,1.0,28.2287600082456,89.66901468757169,15.514200415733498,108.41067567973687,53.62997362509029
287,540,156.0,1.0,28.2287600082456,89.66901468757169,15.514200415733498,108.41067567973687,53.62997362509029
246,542,130.0,1.0,28.2287600082456,89.66901468757169,15.514200415733498,108.41067567973687,53.62997362509029
347,543,92.0,1.0,28.2287600082456,89.66901468757169,15.514200415733498,108.41067567973687,53.62997362509029
347,544,28.0,1.0,28.2287600082456,89.66901468757169,15.514200415733498,108.41067567973687,53.62997362509029
191,545,132.0,1.0,28.2287600082456,89.66901468757169,15.514200415733498,108.41067567973687,53.62997362509029
191,546,100.0,1.0,28.2287600082456,89.66901468757169,15.514200415733498,108.41067567973687,53.62997362509029
296,547,112.0,1.0,28.2287600082456,89.66901468757169,15.514200415733498,108.41067567973687,53.62997362509029
296,548,90.0,1.0,28.2287600082456,89.66901468757169,15.514200415733498,108.41067567973687,53.62997362509029
318,549,118.0,1.0,28.2287600082456,89.66901468757169,15.514200415733498,108.41067567973687,53.62997362509029
318,550,118.0,1.0,28.2287600082456,89.66901468757169,15.514200415733498,108.41067567973687,53.62997362509029
323,551,96.0,1.0,28.2287600082456,89.66901468757169,15.514200415733498,108.41067567973687,53.62997362509029
323,552,186.0,1.0,28.2287600082456,89.66901468757169,15.514200415733498,108.41067567973687,53.62997362509029
349,553,62.0,1.0,28.2287600082456,89.66901468757169,15.514200415733498,108.41067567973687,53.62997362509029
349,554,132.0,1.0,28.2287600082456,89.66901468757169,15.514200415733498,108.41067567973687,53.62997362509029
362,555,84.0,1.0,28.2287600082456,89.66901468757169,15.514200415733498,108.41067567973687,53.62997362509029
362,556,220.0,1.0,28.2287600082456,89.66901468757169,15.514200415733498,108.41067567973687,53.62997362509029
117,557,168.0,1.0,28.2287600082456,89.66901468757169,15.514200415733498,108.41067567973687,53.62997362509029
117,558,102.0,1.0,28.2287600082456,89.66901468757169,15.514200415733498,108.41067567973687,53.62997362509029
300,559,108.0,1.0,28.2287600082456,89.66901468757169,15.514200415733498,108.41067567973687,53.62997362509029
300,560,122.0,1.0,28.2287600082456,89.66901468757169,15.514200415733498,108.41067567973687,53.62997362509029
193,561,94.0,1.0,28.2287600082456,89.66901468757169,15.514200415733498,108.41067567973687,53.62997362509029
193,562,104.0,1.0,28.2287600082456,89.66901468757169,15.514200415733498,108.41067567973687,53.62997362509029
334,563,112.0,1.0,28.2287600082456,89.66901468757169,15.514200415733498,108.41067567973687,53.62997362509029
334,564,78.0,1.0,28.2287600082456,89.66901468757169,15.514200415733498,108.41067567973687,53.62997362509029
388,565,140.0,1.0,28.2287600082456,89.66901468757169,15.514200415733498,108.41067567973687,53.62997362509029
388,566,128.0,1.0,28.2287600082456,89.66901468757169,15.514200415733498,108.41067567973687,53.62997362509029
390,567,146.0,1.0,28.2287600082456,89.66901468757169,15.514200415733498,108.41067567973687,53.62997362509029
390,568,100.0,1.0,28.2287600082456,89.66901468757169,15.514200415733498,108.41067567973687,53.62997362509029
406,569,120.0,1.0,28.2287600082456,89.66901468757169,15.514200415733498,108.41067567973687,53.62997362509029
406,570,184.0,1.0,28.2287600082456,89.66901468757169,15.514200415733498,108.41067567973687,53.62997362509029
209,571,80.0,1.0,28.2287600082456,89.66901468757169,15.514200415733498,108.41067567973687,53.62997362509029
209,572,92.0,1.0,28.2287600082456,89.66901468757169,15.514200415733498,108.41067567973687,53.62997362509029
368,573,24.0,1.0,28.2287600082456,89.66901468757169,15.514200415733498,108.41067567973687,53.62997362509029
368,574,82.0,1.0,28.2287600082456,89.66901468757169,15.514200415733498,108.41067567973687,53.62997362509029
353,575,92.0,1.0,28.2287600082456,89.66901468757169,15.514200415733498,108.41067567973687,53.62997362509029
353,576,92.0,1.0,28.2287600082456,89.66901468757169,15.514200415733498,108.41067567973687,53.62997362509029
333,577,94.0,1.0,28.2287600082456,89.66901468757169,15.514200415733498,108.41067567973687,53.62997362509029
333,578,54.0,1.0,28.2287600082456,89.66901468757169,15.514200415733498,108.41067567973687,53.62997362509029
472,579,96.0,1.0,28.2287600082456,89.66901468757169,15.514200415733498,108.41067567973687,53.62997362509029
472,580,120.0,1.0,28.2287600082456,89.66901468757169,15.514200415733498,108.41067567973687,53.62997362509029
354,581,146.0,1.0,28.2287600082456,89.66901468757169,15.514200415733498,108.41067567973687,53.62997362509029
354,582,136.0,1.0,28.2287600082456,89.66901468757169,15.514200415733498,108.41067567973687,53.62997362509029
356,583,62.0,1.0,28.2287600082456,89.66901468757169,15.514200415733498,108.41067567973687,53.62997362509029
356,584,104.0,1.0,28.2287600082456,89.66901468757169,15.514200415733498,108.41067567973687,53.62997362509029
159,585,92.0,1.0,28.2287600082456,89.66901468757169,15.514200415733498,108.41067567973687,53.62997362509029
159,586,90.0,1.0,28.2287600082456,89.66901468757169,15.514200415733498,108.41067567973687,53.62997362509029
344,587,108.0,1.0,28.2287600082456,89.66901468757169,15.514200415733498,108.41067567973687,53.62997362509029
344,588,100.0,1.0,28.2287600082456,89.66901468757169,15.514200415733498,108.41067567973687,53.62997362509029
207,589,84.0,1.0,28.2287600082456,89.66901468757169,15.514200415733498,108.41067567973687,53.62997362509029
207,590,122.0,1.0,28.2287600082456,89.66901468757169,15.514200415733498,108.41067567973687,53.62997362509029
97,591,136.0,1.0,28.2287600082456,89.66901468757169,15.514200415733498,108.41067567973687,53.62997362509029
97,592,184.0,1.0,28.2287600082456,89.66901468757169,15.514200415733498,108.41067567973687,53.62997362509029
262,593,74.0,1.0,28.2287600082456,89.66901468757169,15.514200415733498,108.41067567973687,53.62997362509029
262,594,110.0,1.0,28.2287600082456,89.66901468757169,15.514200415733498,108.41067567973687,53.62997362509029
290,595,174.0,1.0,28.2287600082456,89.66901468757169,15.514200415733498,108.41067567973687,53.62997362509029
290,596,154.0,1.0,28.2287600082456,89.66901468757169,15.514200415733498,108.41067567973687,53.62997362509029
125,597,164.0,1.0,28.2287600082456,89.66901468757169,15.514200415733498,108.41067567973687,53.62997362509029
125,598,94.0,1.0,28.2287600082456,89.66901468757169,15.514200415733498,108.41067567973687,53.62997362509029
372,599,114.0,1.0,28.2287600082456,89.66901468757169,15.514200415733498,108.41067567973687,53.62997362509029
372,600,148.0,1.0,28.2287600082456,89.66901468757169,15.514200415733498,108.41067567973687,53.62997362509029
400,601,102.0,1.0,28.2287600082456,89.66901468757169,15.514200415733498,108.41067567973687,53.62997362509029
400,602,124.0,1.0,28.2287600082456,89.66901468757169,15.514200415733498,108.41067567973687,53.62997362509029
404,603,104.0,1.0,28.2287600082456,89.66901468757169,15.514200415733498,108.41067567973687,53.62997362509029
404,604,116.0,1.0,28.2287600082456,89.66901468757169,15.514200415733498,108.41067567973687,53.62997362509029
456,605,88.0,1.0,28.2287600082456,89.66901468757169,15.514200415733498,108.41067567973687,53.62997362509029
456,606,94.0,1.0,28.2287600082456,89.66901468757169,15.514200415733498,108.41067567973687,53.62997362509029
279,607,118.0,1.0,28.2287600082456,89.66901468757169,15.514200415733498,108.41067567973687,53.62997362509029
279,608,168.0,1.0,28.2287600082456,89.66901468757169,15.514200415733498,108.41067567973687,53.62997362509029
269,609,62.0,1.0,28.2287600082456,89.66901468757169,15.514200415733498,108.41067567973687,53.62997362509029
269,610,108.0,1.0,28.2287600082456,89.66901468757169,15.514200415733498,108.41067567973687,53.62997362509029
382,611,66.0,1.0,28.2287600082456,89.66901468757169,15.514200415733498,108.41067567973687,53.62997362509029
382,612,182.0,1.0,28.2287600082456,89.66901468757169,15.514200415733498,108.41067567973687,53.62997362509029
377,613,114.0,1.0,28.2287600082456,89.66901468757169,15.514200415733498,108.41067567973687,53.62997362509029
377,614,96.0,1.0,28.2287600082456,89.66901468757169,15.514200415733498,108.41067567973687,53.62997362509029
309,615,144.0,1.0,28.2287600082456,89.66901468757169,15.514200415733498,108.41067567973687,53.62997362509029
309,616,116.0,1.0,28.2287600082456,89.66901468757169,15.514200415733498,108.41067567973687,53.62997362509029
417,617,194.0,1.0,28.2287600082456,89.66901468757169,15.514200415733498,108.41067567973687,53.62997362509029
417,618,104.0,1.0,28.2287600082456,89.66901468757169,15.514200415733498,108.41067567973687,53.62997362509029
171,619,76.0,1.0,28.2287600082456,89.66901468757169,15.514200415733498,108.41067567973687,53.62997362509029
171,620,118.0,1.0,28.2287600082456,89.66901468757169,15.514200415733498,108.41067567973687,53.62997362509029
288,621,98.0,1.0,28.2287600082456,89.66901468757169,15.514200415733498,108.41067567973687,53.62997362509029
288,622,138.0,1.0,28.2287600082456,89.66901468757169,15.514200415733498,108.41067567973687,53.62997362509029
329,623,170.0,1.0,28.2287600082456,89.66901468757169,15.514200415733498,108.41067567973687,53.62997362509029
329,624,144.0,1.0,28.2287600082456,89.66901468757169,15.514200415733498,108.41067567973687,53.62997362509029
261,625,140.0,1.0,28.2287600082456,89.66901468757169,15.514200415733498,108.41067567973687,53.62997362509029
261,626,50.0,1.0,28.2287600082456,89.66901468757169,15.514200415733498,108.41067567973687,53.62997362509029
426,627,92.0,1.0,28.2287600082456,89.66901468757169,15.514200415733498,108.41067567973687,53.62997362509029
426,628,98.0,1.0,28.2287600082456,89.66901468757169,15.514200415733498,108.41067567973687,53.62997362509029
460,629,132.0,1.0,28.2287600082456,89.66901468757169,15.514200415733498,108.41067567973687,53.62997362509029
460,630,104.0,1.0,28.2287600082456,89.66901468757169,15.514200415733498,108.41067567973687,53.62997362509029
544,631,116.0,1.0,28.2287600082456,89.66901468757169,15.514200415733498,108.41067567973687,53.62997362509029
544,632,48.0,1.0,28.2287600082456,89.66901468757169,15.514200415733498,108.41067567973687,53.62997362509029
247,633,106.0,1.0,28.2287600082456,89.66901468757169,15.514200415733498,108.41067567973687,53.62997362509029
247,634,58.0,1.0,28.2287600082456,89.66901468757169,15.514200415733498,108.41067567973687,53.62997362509029
299,635,162.0,1.0,28.2287600082456,89.66901468757169,15.514200415733498,108.41067567973687,53.62997362509029
299,636,26.0,1.0,28.2287600082456,89.66901468757169,15.514200415733498,108.41067567973687,53.62997362509029
412,637,86.0,1.0,28.2287600082456,89.66901468757169,15.514200415733498,108.41067567973687,53.62997362509029
412,638,112.0,1.0,28.2287600082456,89.66901468757169,15.514200415733498,108.41067567973687,53.62997362509029
241,639,138.0,1.0,28.2287600082456,89.66901468757169,15.514200415733498,108.41067567973687,53.62997362509029
241,640,64.0,1.0,28.2287600082456,89.66901468757169,15.514200415733498,108.41067567973687,53.62997362509029
335,641,100.0,1.0,28.2287600082456,89.66901468757169,15.514200415733498,108.41067567973687,53.62997362509029
335,642,128.0,1.0,28.2287600082456,89.66901468757169,15.514200415733498,108.41067567973687,53.62997362509029
398,643,106.0,1.0,28.2287600082456,89.66901468757169,15.514200415733498,108.41067567973687,53.62997362509029
398,644,112.0,1.0,28.2287600082456,89.66901468757169,15.514200415733498,108.41067567973687,53.62997362509029
340,645,68.0,1.0,28.2287600082456,89.66901468757169,15.514200415733498,108.41067567973687,53.62997362509029
340,646,92.0,1.0,28.2287600082456,89.66901468757169,15.514200415733498,108.41067567973687,53.62997362509029
342,647,258.0,1.0,28.2287600082456,89.66901468757169,15.514200415733498,108.41067567973687,53.62997362509029
342,648,102.0,1.0,28.2287600082456,89.66901468757169,15.514200415733498,108.41067567973687,53.62997362509029
346,649,160.0,1.0,28.2287600082456,89.66901468757169,15.514200415733498,108.41067567973687,53.62997362509029
346,650,152.0,1.0,28.2287600082456,89.66901468757169,15.514200415733498,108.41067567973687,53.62997362509029
364,651,86.0,1.0,28.2287600082456,89.66901468757169,15.514200415733498,108.41067567973687,53.62997362509029
364,652,80.0,1.0,28.2287600082456,89.66901468757169,15.514200415733498,108.41067567973687,53.62997362509029
371,653,88.0,1.0,28.2287600082456,89.66901468757169,15.514200415733498,108.41067567973687,53.62997362509029
371,654,100.0,1.0,28.2287600082456,89.66901468757169,15.514200415733498,108.41067567973687,53.62997362509029
308,655,134.0,1.0,28.2287600082456,89.66901468757169,15.514200415733498,108.41067567973687,53.62997362509029
308,656,122.0,1.0,28.2287600082456,89.66901468757169,15.514200415733498,108.41067567973687,53.62997362509029
380,657,94.0,1.0,28.2287600082456,89.66901468757169,15.514200415733498,108.41067567973687,53.62997362509029
380,658,102.0,1.0,28.2287600082456,89.66901468757169,15.514200415733498,108.41067567973687,53.62997362509029
386,659,126.0,1.0,28.2287600082456,89.66901468757169,15.514200415733498,108.41067567973687,53.62997362509029
386,660,102.0,1.0,28.2287600082456,89.66901468757169,15.514200415733498,108.41067567973687,53.62997362509029
391,661,134.0,1.0,28.2287600082456,89.66901468757169,15.514200415733498,108.41067567973687,53.62997362509029
391,662,142.0,1.0,28.2287600082456,89.66901468757169,15.514200415733498,108.41067567973687,53.62997362509029
278,663,82.0,1.0,28.2287600082456,89.66901468757169,15.514200415733498,108.41067567973687,53.62997362509029
278,664,92.0,1.0,28.2287600082456,89.66901468757169,15.514200415733498,108.41067567973687,53.62997362509029
415,665,92.0,1.0,28.2287600082456,89.66901468757169,15.514200415733498,108.41067567973687,53.62997362509029
415,666,88.0,1.0,28.2287600082456,89.66901468757169,15.514200415733498,108.41067567973687,53.62997362509029
420,667,134.0,1.0,28.2287600082456,89.66901468757169,15.514200415733498,108.41067567973687,53.62997362509029
420,668,114.0,1.0,28.2287600082456,89.66901468757169,15.514200415733498,108.41067567973687,53.62997362509029
439,669,92.0,1.0,28.2287600082456,89.66901468757169,15.514200415733498,108.41067567973687,53.62997362509029
439,670,172.0,1.0,28.2287600082456,89.66901468757169,15.514200415733498,108.41067567973687,53.62997362509029
101,671,112.0,1.0,28.2287600082456,89.66901468757169,15.514200415733498,108.41067567973687,53.62997362509029
101,672,112.0,1.0,28.2287600082456,89.66901468757169,15.514200415733498,108.41067567973687,53.62997362509029
229,673,74.0,1.0,28.2287600082456,89.66901468757169,15.514200415733498,108.41067567973687,53.62997362509029
438,675,56.0,1.0,28.2287600082456,89.66901468757169,15.514200415733498,108.41067567973687,53.62997362509029
438,676,68.0,1.0,28.2287600082456,89.66901468757169,15.514200415733498,108.41067567973687,53.62997362509029
466,677,92.0,1.0,28.2287600082456,89.66901468757169,15.514200415733498,108.41067567973687,53.62997362509029
466,678,82.0,1.0,28.2287600082456,89.66901468757169,15.514200415733498,108.41067567973687,53.62997362509029
348,679,128.0,1.0,28.2287600082456,89.66901468757169,15.514200415733498,108.41067567973687,53.62997362509029
348,680,86.0,1.0,28.2287600082456,89.66901468757169,15.514200415733498,108.41067567973687,53.62997362509029
352,681,122.0,1.0,28.2287600082456,89.66901468757169,15.514200415733498,108.41067567973687,53.62997362509029
352,682,100.0,1.0,28.2287600082456,89.66901468757169,15.514200415733498,108.41067567973687,53.62997362509029
474,683,78.0,1.0,28.2287600082456,89.66901468757169,15.514200415733498,108.41067567973687,53.62997362509029
474,684,122.0,1.0,28.2287600082456,89.66901468757169,15.514200415733498,108.41067567973687,53.62997362509029
538,685,94.0,1.0,28.2287600082456,89.66901468757169,15.514200415733498,108.41067567973687,53.62997362509029
538,686,82.0,1.0,28.2287600082456,89.66901468757169,15.514200415733498,108.41067567973687,53.62997362509029
253,687,102.0,1.0,28.2287600082456,89.66901468757169,15.514200415733498,108.41067567973687,53.62997362509029
253,688,92.0,1.0,28.2287600082456,89.66901468757169,15.514200415733498,108.41067567973687,53.62997362509029
360,689,114.0,1.0,28.2287600082456,89.66901468757169,15.514200415733498,108.41067567973687,53.62997362509029
360,690,134.0,1.0,28.2287600082456,89.66901468757169,15.514200415733498,108.41067567973687,53.62997362509029
414,691,122.0,1.0,28.2287600082456,89.66901468757169,15.514200415733498,108.41067567973687,53.62997362509029
414,692,128.0,1.0,28.2287600082456,89.66901468757169,15.514200415733498,108.41067567973687,53.62997362509029
385,693,132.0,1.0,28.2287600082456,89.66901468757169,15.514200415733498,108.41067567973687,53.62997362509029
385,694,76.0,1.0,28.2287600082456,89.66901468757169,15.514200415733498,108.41067567973687,53.62997362509029
303,695,136.0,1.0,28.2287600082456,89.66901468757169,15.514200415733498,108.41067567973687,53.62997362509029
303,696,72.0,1.0,28.2287600082456,89.66901468757169,15.514200415733498,108.41067567973687,53.62997362509029
195,697,48.0,1.0,28.2287600082456,89.66901468757169,15.514200415733498,108.41067567973687,53.62997362509029
195,698,118.0,1.0,28.2287600082456,89.66901468757169,15.514200415733498,108.41067567973687,53.62997362509029
375,699,56.0,1.0,28.2287600082456,89.66901468757169,15.514200415733498,108.41067567973687,53.62997362509029
375,700,100.0,1.0,28.2287600082456,89.66901468757169,15.514200415733498,108.41067567973687,53.62997362509029
376,701,58.0,1.0,28.2287600082456,89.66901468757169,15.514200415733498,108.41067567973687,53.62997362509029
376,702,144.0,1.0,28.2287600082456,89.66901468757169,15.514200415733498,108.41067567973687,53.62997362509029
392,703,40.0,1.0,28.2287600082456,89.66901468757169,15.514200415733498,108.41067567973687,53.62997362509029
392,704,64.0,1.0,28.2287600082456,89.66901468757169,15.514200415733498,108.41067567973687,53.62997362509029
319,705,150.0,1.0,28.2287600082456,89.66901468757169,15.514200415733498,108.41067567973687,53.62997362509029
319,706,116.0,1.0,28.2287600082456,89.66901468757169,15.514200415733498,108.41067567973687,53.62997362509029
448,707,112.0,1.0,28.2287600082456,89.66901468757169,15.514200415733498,108.41067567973687,53.62997362509029
448,708,182.0,1.0,28.2287600082456,89.66901468757169,15.514200415733498,108.41067567973687,53.62997362509029
312,709,48.0,1.0,28.2287600082456,89.66901468757169,15.514200415733498,108.41067567973687,53.62997362509029
312,710,164.0,1.0,28.2287600082456,89.66901468757169,15.514200415733498,108.41067567973687,53.62997362509029
384,711,50.0,1.0,28.2287600082456,89.66901468757169,15.514200415733498,108.41067567973687,53.62997362509029
384,712,72.0,1.0,28.2287600082456,89.66901468757169,15.514200415733498,108.41067567973687,53.62997362509029
373,713,92.0,1.0,28.2287600082456,89.66901468757169,15.514200415733498,108.41067567973687,53.62997362509029
373,714,98.0,1.0,28.2287600082456,89.66901468757169,15.514200415733498,108.41067567973687,53.62997362509029
508,715,98.0,1.0,28.2287600082456,89.66901468757169,15.514200415733498,108.41067567973687,53.62997362509029
508,716,126.0,1.0,28.2287600082456,89.66901468757169,15.514200415733498,108.41067567973687,53.62997362509029
422,717,138.0,1.0,28.2287600082456,89.66901468757169,15.514200415733498,108.41067567973687,53.62997362509029
422,718,80.0,1.0,28.2287600082456,89.66901468757169,15.514200415733498,108.41067567973687,53.62997362509029
428,719,122.0,1.0,28.2287600082456,89.66901468757169,15.514200415733498,108.41067567973687,53.62997362509029
428,720,166.0,1.0,28.2287600082456,89.66901468757169,15.514200415733498,108.41067567973687,53.62997362509029
440,721,108.0,1.0,28.2287600082456,89.66901468757169,15.514200415733498,108.41067567973687,53.62997362509029
440,722,160.0,1.0,28.2287600082456,89.66901468757169,15.514200415733498,108.41067567973687,53.62997362509029
636,723,124.0,1.0,28.2287600082456,89.66901468757169,15.514200415733498,108.41067567973687,53.62997362509029
636,724,104.0,1.0,28.2287600082456,89.66901468757169,15.514200415733498,108.41067567973687,53.62997362509029
297,726,102.0,1.0,28.2287600082456,89.66901468757169,15.514200415733498,108.41067567973687,53.62997362509029
363,727,120.0,1.0,28.2287600082456,89.66901468757169,15.514200415733498,108.41067567973687,53.62997362509029
363,728,106.0,1.0,28.2287600082456,89.66901468757169,15.514200415733498,108.41067567973687,53.62997362509029
534,729,96.0,1.0,28.2287600082456,89.66901468757169,15.514200415733498,108.41067567973687,53.62997362509029
534,730,92.0,1.0,28.2287600082456,89.66901468757169,15.514200415733498,108.41067567973687,53.62997362509029
243,731,60.0,1.0,28.2287600082456,89.66901468757169,15.514200415733498,108.41067567973687,53.62997362509029
243,732,140.0,1.0,28.2287600082456,89.66901468757169,15.514200415733498,108.41067567973687,53.62997362509029
432,733,76.0,1.0,28.2287600082456,89.66901468757169,15.514200415733498,108.41067567973687,53.62997362509029
432,734,126.0,1.0,28.2287600082456,89.66901468757169,15.514200415733498,108.41067567973687,53.62997362509029
443,735,96.0,1.0,28.2287600082456,89.66901468757169,15.514200415733498,108.41067567973687,53.62997362509029
443,736,38.0,1.0,28.2287600082456,89.66901468757169,15.514200415733498,108.41067567973687,53.62997362509029
504,737,156.0,1.0,28.2287600082456,89.66901468757169,15.514200415733498,108.41067567973687,53.62997362509029
504,738,112.0,1.0,28.2287600082456,89.66901468757169,15.514200415733498,108.41067567973687,53.62997362509029
237,739,118.0,1.0,28.2287600082456,89.66901468757169,15.514200415733498,108.41067567973687,53.62997362509029
237,740,140.0,1.0,28.2287600082456,89.66901468757169,15.514200415733498,108.41067567973687,53.62997362509029
501,741,52.0,1.0,28.2287600082456,89.66901468757169,15.514200415733498,108.41067567973687,53.62997362509029
501,742,92.0,1.0,28.2287600082456,89.66901468757169,15.514200415733498,108.41067567973687,53.62997362509029
430,743,68.0,1.0,28.2287600082456,89.66901468757169,15.514200415733498,108.41067567973687,53.62997362509029
430,744,102.0,1.0,28.2287600082456,89.66901468757169,15.514200415733498,108.41067567973687,53.62997362509029
291,745,88.0,1.0,28.2287600082456,89.66901468757169,15.514200415733498,108.41067567973687,53.62997362509029
291,746,70.0,1.0,28.2287600082456,89.66901468757169,15.514200415733498,108.41067567973687,53.62997362509029
446,747,114.0,1.0,28.2287600082456,89.66901468757169,15.514200415733498,108.41067567973687,53.62997362509029
446,748,108.0,1.0,28.2287600082456,89.66901468757169,15.514200415733498,108.41067567973687,53.62997362509029
394,749,84.0,1.0,28.2287600082456,89.66901468757169,15.514200415733498,108.41067567973687,53.62997362509029
394,750,88.0,1.0,28.2287600082456,89.66901468757169,15.514200415733498,108.41067567973687,53.62997362509029
301,751,130.0,1.0,28.2287600082456,89.66901468757169,15.514200415733498,108.41067567973687,53.62997362509029
301,752,86.0,1.0,28.2287600082456,89.66901468757169,15.514200415733498,108.41067567973687,53.62997362509029
578,753,142.0,1.0,28.2287600082456,89.66901468757169,15.514200415733498,108.41067567973687,53.62997362509029
578,754,98.0,1.0,28.2287600082456,89.66901468757169,15.514200415733498,108.41067567973687,53.62997362509029
434,755,48.0,1.0,28.2287600082456,89.66901468757169,15.514200415733498,108.41067567973687,53.62997362509029
434,756,76.0,1.0,28.2287600082456,89.66901468757169,15.514200415733498,108.41067567973687,53.62997362509029
450,757,150.0,1.0,28.2287600082456,89.66901468757169,15.514200415733498,108.41067567973687,53.62997362509029
450,758,130.0,1.0,28.2287600082456,89.66901468757169,15.514200415733498,108.41067567973687,53.62997362509029
457,759,56.0,1.0,28.2287600082456,89.66901468757169,15.514200415733498,108.41067567973687,53.62997362509029
457,760,44.0,1.0,28.2287600082456,89.66901468757169,15.514200415733498,108.41067567973687,53.62997362509029
490,761,102.0,1.0,28.2287600082456,89.66901468757169,15.514200415733498,108.41067567973687,53.62997362509029
490,762,88.0,1.0,28.2287600082456,89.66901468757169,15.514200415733498,108.41067567973687,53.62997362509029
314,763,96.0,1.0,28.2287600082456,89.66901468757169,15.514200415733498,108.41067567973687,53.62997362509029
314,764,108.0,1.0,28.2287600082456,89.66901468757169,15.514200415733498,108.41067567973687,53.62997362509029
389,765,102.0,1.0,28.2287600082456,89.66901468757169,15.514200415733498,108.41067567973687,53.62997362509029
389,766,126.0,1.0,28.2287600082456,89.66901468757169,15.514200415733498,108.41067567973687,53.62997362509029
251,767,80.0,1.0,28.2287600082456,89.66901468757169,15.514200415733498,108.41067567973687,53.62997362509029
251,768,158.0,1.0,28.2287600082456,89.66901468757169,15.514200415733498,108.41067567973687,53.62997362509029
402,769,50.0,1.0,28.2287600082456,89.66901468757169,15.514200415733498,108.41067567973687,53.62997362509029
402,770,130.0,1.0,28.2287600082456,89.66901468757169,15.514200415733498,108.41067567973687,53.62997362509029
494,771,140.0,1.0,28.2287600082456,89.66901468757169,15.514200415733498,108.41067567973687,53.62997362509029
494,772,100.0,1.0,28.2287600082456,89.66901468757169,15.514200415733498,108.41067567973687,53.62997362509029
339,773,160.0,1.0,28.2287600082456,89.66901468757169,15.514200415733498,108.41067567973687,53.62997362509029
339,774,108.0,1.0,28.2287600082456,89.66901468757169,15.514200415733498,108.41067567973687,53.62997362509029
418,775,82.0,1.0,28.2287600082456,89.66901468757169,15.514200415733498,108.41067567973687,53.62997362509029
418,776,106.0,1.0,28.2287600082456,89.66901468757169,15.514200415733498,108.41067567973687,53.62997362509029
283,777,54.0,1.0,28.2287600082456,89.66901468757169,15.514200415733498,108.41067567973687,53.62997362509029
283,778,122.0,1.0,28.2287600082456,89.66901468757169,15.514200415733498,108.41067567973687,53.62997362509029
526,779,80.0,1.0,28.2287600082456,89.66901468757169,15.514200415733498,108.41067567973687,53.62997362509029
526,780,112.0,1.0,28.2287600082456,89.66901468757169,15.514200415733498,108.41067567973687,53.62997362509029
529,781,90.0,1.0,28.2287600082456,89.66901468757169,15.514200415733498,108.41067567973687,53.62997362509029
529,782,118.0,1.0,28.2287600082456,89.66901468757169,15.514200415733498,108.41067567973687,53.62997362509029
492,783,120.0,1.0,28.2287600082456,89.66901468757169,15.514200415733498,108.41067567973687,53.62997362509029
492,784,52.0,1.0,28.2287600082456,89.66901468757169,15.514200415733498,108.41067567973687,53.62997362509029
431,785,48.0,1.0,28.2287600082456,89.66901468757169,15.514200415733498,108.41067567973687,53.62997362509029
431,786,104.0,1.0,28.2287600082456,89.66901468757169,15.514200415733498,108.41067567973687,53.62997362509029
632,787,146.0,1.0,28.2287600082456,89.66901468757169,15.514200415733498,108.41067567973687,53.62997362509029
632,788,66.0,1.0,28.2287600082456,89.66901468757169,15.514200415733498,108.41067567973687,53.62997362509029
408,789,128.0,1.0,28.2287600082456,89.66901468757169,15.514200415733498,108.41067567973687,53.62997362509029
408,790,12.0,1.0,28.2287600082456,89.66901468757169,15.514200415733498,108.41067567973687,53.62997362509029
267,791,140.0,1.0,28.2287600082456,89.66901468757169,15.514200415733498,108.41067567973687,53.62997362509029
267,792,108.0,1.0,28.2287600082456,89.66901468757169,15.514200415733498,108.41067567973687,53.62997362509029
436,793,68.0,1.0,28.2287600082456,89.66901468757169,15.514200415733498,108.41067567973687,53.62997362509029
235,795,102.0,1.0,28.2287600082456,89.66901468757169,15.514200415733498,108.41067567973687,53.62997362509029
235,796,126.0,1.0,28.2287600082456,89.66901468757169,15.514200415733498,108.41067567973687,53.62997362509029
476,797,152.0,1.0,28.2287600082456,89.66901468757169,15.514200415733498,108.41067567973687,53.62997362509029
476,798,82.0,1.0,28.2287600082456,89.66901468757169,15.514200415733498,108.41067567973687,53.62997362509029
486,799,130.0,1.0,28.2287600082456,89.66901468757169,15.514200415733498,108.41067567973687,53.62997362509029
486,800,86.0,1.0,28.2287600082456,89.66901468757169,15.514200415733498,108.41067567973687,53.62997362509029
488,801,132.0,1.0,28.2287600082456,89.66901468757169,15.514200415733498,108.41067567973687,53.62997362509029
488,802,118.0,1.0,28.2287600082456,89.66901468757169,15.514200415733498,108.41067567973687,53.62997362509029
411,803,62.0,1.0,28.2287600082456,89.66901468757169,15.514200415733498,108.41067567973687,53.62997362509029
411,804,100.0,1.0,28.2287600082456,89.66901468757169,15.514200415733498,108.41067567973687,53.62997362509029
626,805,146.0,1.0,28.2287600082456,89.66901468757169,15.514200415733498,108.41067567973687,53.62997362509029
626,806,158.0,1.0,28.2287600082456,89.66901468757169,15.514200415733498,108.41067567973687,53.62997362509029
365,807,92.0,1.0,28.2287600082456,89.66901468757169,15.514200415733498,108.41067567973687,53.62997362509029
365,808,64.0,1.0,28.2287600082456,89.66901468757169,15.514200415733498,108.41067567973687,53.62997362509029
305,809,152.0,1.0,28.2287600082456,89.66901468757169,15.514200415733498,108.41067567973687,53.62997362509029
366,811,122.0,1.0,28.2287600082456,89.66901468757169,15.514200415733498,108.41067567973687,53.62997362509029
366,812,14.0,1.0,28.2287600082456,89.66901468757169,15.514200415733498,108.41067567973687,53.62997362509029
468,813,92.0,1.0,28.2287600082456,89.66901468757169,15.514200415733498,108.41067567973687,53.62997362509029
468,814,54.0,1.0,28.2287600082456,89.66901468757169,15.514200415733498,108.41067567973687,53.62997362509029
511,815,96.0,1.0,28.2287600082456,89.66901468757169,15.514200415733498,108.41067567973687,53.62997362509029
511,816,50.0,1.0,28.2287600082456,89.66901468757169,15.514200415733498,108.41067567973687,53.62997362509029
321,817,41.922773974965544,1.0,28.2287600082456,89.66901468757169,15.514200415733498,108.41067567973687,53.62997362509029
321,818,94.0,1.0,28.2287600082456,89.66901468757169,15.514200415733498,108.41067567973687,53.62997362509029
355,819,112.0,1.0,28.2287600082456,89.66901468757169,15.514200415733498,108.41067567973687,53.62997362509029
355,820,54.0,1.0,28.2287600082456,89.66901468757169,15.514200415733498,108.41067567973687,53.62997362509029
445,821,224.0,1.0,28.2287600082456,89.66901468757169,15.514200415733498,108.41067567973687,53.62997362509029
445,822,90.0,1.0,28.2287600082456,89.66901468757169,15.514200415733498,108.41067567973687,53.62997362509029
470,823,80.0,1.0,28.2287600082456,89.66901468757169,15.514200415733498,108.41067567973687,53.62997362509029
470,824,144.0,1.0,28.2287600082456,89.66901468757169,15.514200415733498,108.41067567973687,53.62997362509029
518,825,176.0,1.0,28.2287600082456,89.66901468757169,15.514200415733498,108.41067567973687,53.62997362509029
518,826,90.0,1.0,28.2287600082456,89.66901468757169,15.514200415733498,108.41067567973687,53.62997362509029
358,827,22.0,1.0,28.2287600082456,89.66901468757169,15.514200415733498,108.41067567973687,53.62997362509029
358,828,96.0,1.0,28.2287600082456,89.66901468757169,15.514200415733498,108.41067567973687,53.62997362509029
458,829,82.0,1.0,28.2287600082456,89.66901468757169,15.514200415733498,108.41067567973687,53.62997362509029
458,830,100.0,1.0,28.2287600082456,89.66901468757169,15.514200415733498,108.41067567973687,53.62997362509029
464,831,84.0,1.0,28.2287600082456,89.66901468757169,15.514200415733498,108.41067567973687,53.62997362509029
464,832,146.0,1.0,28.2287600082456,89.66901468757169,15.514200415733498,108.41067567973687,53.62997362509029
484,833,80.0,1.0,28.2287600082456,89.66901468757169,15.514200415733498,108.41067567973687,53.62997362509029
484,834,174.0,1.0,28.2287600082456,89.66901468757169,15.514200415733498,108.41067567973687,53.62997362509029
506,835,82.0,1.0,28.2287600082456,89.66901468757169,15.514200415733498,108.41067567973687,53.62997362509029
506,836,90.0,1.0,28.2287600082456,89.66901468757169,15.514200415733498,108.41067567973687,53.62997362509029
564,837,106.0,1.0,28.2287600082456,89.66901468757169,15.514200415733498,108.41067567973687,53.62997362509029
564,838,208.0,1.0,28.2287600082456,89.66901468757169,15.514200415733498,108.41067567973687,53.62997362509029
514,839,152.0,1.0,28.2287600082456,89.66901468757169,15.514200415733498,108.41067567973687,53.62997362509029
514,840,98.0,1.0,28.2287600082456,89.66901468757169,15.514200415733498,108.41067567973687,53.62997362509029
449,841,124.0,1.0,28.2287600082456,89.66901468757169,15.514200415733498,108.41067567973687,53.62997362509029
449,842,80.0,1.0,28.2287600082456,89.66901468757169,15.514200415733498,108.41067567973687,53.62997362509029
634,843,86.0,1.0,28.2287600082456,89.66901468757169,15.514200415733498,108.41067567973687,53.62997362509029
634,844,52.0,1.0,28.2287600082456,89.66901468757169,15.514200415733498,108.41067567973687,53.62997362509029
331,845,94.0,1.0,28.2287600082456,89.66901468757169,15.514200415733498,108.41067567973687,53.62997362509029
331,846,104.0,1.0,28.2287600082456,89.66901468757169,15.514200415733498,108.41067567973687,53.62997362509029
462,847,102.0,1.0,28.2287600082456,89.66901468757169,15.514200415733498,108.41067567973687,53.62997362509029
462,848,78.0,1.0,28.2287600082456,89.66901468757169,15.514200415733498,108.41067567973687,53.62997362509029
95,849,62.0,1.0,28.2287600082456,89.66901468757169,15.514200415733498,108.41067567973687,53.62997362509029
95,850,112.0,1.0,28.2287600082456,89.66901468757169,15.514200415733498,108.41067567973687,53.62997362509029
483,851,104.0,1.0,28.2287600082456,89.66901468757169,15.514200415733498,108.41067567973687,53.62997362509029
483,852,160.0,1.0,28.2287600082456,89.66901468757169,15.514200415733498,108.41067567973687,53.62997362509029
790,853,80.0,1.0,28.2287600082456,89.66901468757169,15.514200415733498,108.41067567973687,53.62997362509029
416,855,124.0,1.0,28.2287600082456,89.66901468757169,15.514200415733498,108.41067567973687,53.62997362509029
416,856,90.0,1.0,28.2287600082456,89.66901468757169,15.514200415733498,108.41067567973687,53.62997362509029
510,857,86.0,1.0,28.2287600082456,89.66901468757169,15.514200415733498,108.41067567973687,53.62997362509029
510,858,70.0,1.0,28.2287600082456,89.66901468757169,15.514200415733498,108.41067567973687,53.62997362509029
423,859,126.0,1.0,28.2287600082456,89.66901468757169,15.514200415733498,108.41067567973687,53.62997362509029
423,860,96.0,1.0,28.2287600082456,89.66901468757169,15.514200415733498,108.41067567973687,53.62997362509029
574,861,108.0,1.0,28.2287600082456,89.66901468757169,15.514200415733498,108.41067567973687,53.62997362509029
574,862,102.0,1.0,28.2287600082456,89.66901468757169,15.514200415733498,108.41067567973687,53.62997362509029
442,863,48.0,1.0,28.2287600082456,89.66901468757169,15.514200415733498,108.41067567973687,53.62997362509029
442,864,86.0,1.0,28.2287600082456,89.66901468757169,15.514200415733498,108.41067567973687,53.62997362509029
444,865,96.0,1.0,28.2287600082456,89.66901468757169,15.514200415733498,108.41067567973687,53.62997362509029
444,866,104.0,1.0,28.2287600082456,89.66901468757169,15.514200415733498,108.41067567973687,53.62997362509029
482,867,98.0,1.0,28.2287600082456,89.66901468757169,15.514200415733498,108.41067567973687,53.62997362509029
482,868,44.0,1.0,28.2287600082456,89.66901468757169,15.514200415733498,108.41067567973687,53.62997362509029
548,869,104.0,1.0,28.2287600082456,89.66901468757169,15.514200415733498,108.41067567973687,53.62997362509029
548,870,152.0,1.0,28.2287600082456,89.66901468757169,15.514200415733498,108.41067567973687,53.62997362509029
429,871,126.0,1.0,28.2287600082456,89.66901468757169,15.514200415733498,108.41067567973687,53.62997362509029
429,872,86.0,1.0,28.2287600082456,89.66901468757169,15.514200415733498,108.41067567973687,53.62997362509029
407,873,88.0,1.0,28.2287600082456,89.66901468757169,15.514200415733498,108.41067567973687,53.62997362509029
407,874,72.0,1.0,28.2287600082456,89.66901468757169,15.514200415733498,108.41067567973687,53.62997362509029
640,875,98.0,1.0,28.2287600082456,89.66901468757169,15.514200415733498,108.41067567973687,53.62997362509029
640,876,66.0,1.0,28.2287600082456,89.66901468757169,15.514200415733498,108.41067567973687,53.62997362509029
812,877,80.0,1.0,28.2287600082456,89.66901468757169,15.514200415733498,108.41067567973687,53.62997362509029
812,878,102.0,1.0,28.2287600082456,89.66901468757169,15.514200415733498,108.41067567973687,53.62997362509029
736,879,60.0,1.0,28.2287600082456,89.66901468757169,15.514200415733498,108.41067567973687,53.62997362509029
736,880,58.0,1.0,28.2287600082456,89.66901468757169,15.514200415733498,108.41067567973687,53.62997362509029
452,881,76.0,1.0,28.2287600082456,89.66901468757169,15.514200415733498,108.41067567973687,53.62997362509029
452,882,188.0,1.0,28.2287600082456,89.66901468757169,15.514200415733498,108.41067567973687,53.62997362509029
516,883,102.0,1.0,28.2287600082456,89.66901468757169,15.514200415733498,108.41067567973687,53.62997362509029
516,884,94.0,1.0,28.2287600082456,89.66901468757169,15.514200415733498,108.41067567973687,53.62997362509029
532,885,124.0,1.0,28.2287600082456,89.66901468757169,15.514200415733498,108.41067567973687,53.62997362509029
532,886,116.0,1.0,28.2287600082456,89.66901468757169,15.514200415733498,108.41067567973687,53.62997362509029
463,887,130.0,1.0,28.2287600082456,89.66901468757169,15.514200415733498,108.41067567973687,53.62997362509029
463,888,252.0,1.0,28.2287600082456,89.66901468757169,15.514200415733498,108.41067567973687,53.62997362509029
502,889,76.0,1.0,28.2287600082456,89.66901468757169,15.514200415733498,108.41067567973687,53.62997362509029
502,890,144.0,1.0,28.2287600082456,89.66901468757169,15.514200415733498,108.41067567973687,53.62997362509029
546,891,58.0,1.0,28.2287600082456,89.66901468757169,15.514200415733498,108.41067567973687,53.62997362509029
546,892,94.0,1.0,28.2287600082456,89.66901468757169,15.514200415733498,108.41067567973687,53.62997362509029
572,893,84.0,1.0,28.2287600082456,89.66901468757169,15.514200415733498,108.41067567973687,53.62997362509029
572,894,114.0,1.0,28.2287600082456,89.66901468757169,15.514200415733498,108.41067567973687,53.62997362509029
576,895,156.0,1.0,28.2287600082456,89.66901468757169,15.514200415733498,108.41067567973687,53.62997362509029
576,896,152.0,1.0,28.2287600082456,89.66901468757169,15.514200415733498,108.41067567973687,53.62997362509029
619,897,76.0,1.0,28.2287600082456,89.66901468757169,15.514200415733498,108.41067567973687,53.62997362509029
619,898,44.0,1.0,28.2287600082456,89.66901468757169,15.514200415733498,108.41067567973687,53.62997362509029
424,899,80.0,1.0,28.2287600082456,89.66901468757169,15.514200415733498,108.41067567973687,53.62997362509029
424,900,134.0,1.0,28.2287600082456,89.66901468757169,15.514200415733498,108.41067567973687,53.62997362509029
121,902,110.0,1.0,28.2287600082456,89.66901468757169,15.514200415733498,108.41067567973687,53.62997362509029
139,903,128.0,1.0,28.2287600082456,89.66901468757169,15.514200415733498,108.41067567973687,53.62997362509029
139,904,118.0,1.0,28.2287600082456,89.66901468757169,15.514200415733498,108.41067567973687,53.62997362509029
586,905,66.0,1.0,28.2287600082456,89.66901468757169,15.514200415733498,108.41067567973687,53.62997362509029
586,906,184.0,1.0,28.2287600082456,89.66901468757169,15.514200415733498,108.41067567973687,53.62997362509029
512,907,76.0,1.0,28.2287600082456,89.66901468757169,15.514200415733498,108.41067567973687,53.62997362509029
512,908,78.0,1.0,28.2287600082456,89.66901468757169,15.514200415733498,108.41067567973687,53.62997362509029
551,909,74.0,1.0,28.2287600082456,89.66901468757169,15.514200415733498,108.41067567973687,53.62997362509029
551,910,164.0,1.0,28.2287600082456,89.66901468757169,15.514200415733498,108.41067567973687,53.62997362509029
558,911,78.0,1.0,28.2287600082456,89.66901468757169,15.514200415733498,108.41067567973687,53.62997362509029
558,912,126.0,1.0,28.2287600082456,89.66901468757169,15.514200415733498,108.41067567973687,53.62997362509029
568,913,114.0,1.0,28.2287600082456,89.66901468757169,15.514200415733498,108.41067567973687,53.62997362509029
568,914,114.0,1.0,28.2287600082456,89.66901468757169,15.514200415733498,108.41067567973687,53.62997362509029
676,915,136.0,1.0,28.2287600082456,89.66901468757169,15.514200415733498,108.41067567973687,53.62997362509029
676,916,148.0,1.0,28.2287600082456,89.66901468757169,15.514200415733498,108.41067567973687,53.62997362509029
611,917,110.0,1.0,28.2287600082456,89.66901468757169,15.514200415733498,108.41067567973687,53.62997362509029
611,918,76.0,1.0,28.2287600082456,89.66901468757169,15.514200415733498,108.41067567973687,53.62997362509029
524,919,72.0,1.0,28.2287600082456,89.66901468757169,15.514200415733498,108.41067567973687,53.62997362509029
524,920,116.0,1.0,28.2287600082456,89.66901468757169,15.514200415733498,108.41067567973687,53.62997362509029
598,921,82.0,1.0,28.2287600082456,89.66901468757169,15.514200415733498,108.41067567973687,53.62997362509029
598,922,130.0,1.0,28.2287600082456,89.66901468757169,15.514200415733498,108.41067567973687,53.62997362509029
605,923,100.0,1.0,28.2287600082456,89.66901468757169,15.514200415733498,108.41067567973687,53.62997362509029
605,924,92.0,1.0,28.2287600082456,89.66901468757169,15.514200415733498,108.41067567973687,53.62997362509029
760,925,164.0,1.0,28.2287600082456,89.66901468757169,15.514200415733498,108.41067567973687,53.62997362509029
760,926,124.0,1.0,28.2287600082456,89.66901468757169,15.514200415733498,108.41067567973687,53.62997362509029
265,927,74.0,1.0,28.2287600082456,89.66901468757169,15.514200415733498,108.41067567973687,53.62997362509029
265,928,100.0,1.0,28.2287600082456,89.66901468757169,15.514200415733498,108.41067567973687,53.62997362509029
528,929,98.0,1.0,28.2287600082456,89.66901468757169,15.514200415733498,108.41067567973687,53.62997362509029
528,930,42.0,1.0,28.2287600082456,89.66901468757169,15.514200415733498,108.41067567973687,53.62997362509029
562,931,131.78288065803605,1.0,28.2287600082456,89.66901468757169,15.514200415733498,108.41067567973687,53.62997362509029
562,932,102.0,1.0,28.2287600082456,89.66901468757169,15.514200415733498,108.41067567973687,53.62997362509029
588,933,90.0,1.0,28.2287600082456,89.66901468757169,15.514200415733498,108.41067567973687,53.62997362509029
588,934,110.0,1.0,28.2287600082456,89.66901468757169,15.514200415733498,108.41067567973687,53.62997362509029
606,935,36.0,1.0,28.2287600082456,89.66901468757169,15.514200415733498,108.41067567973687,53.62997362509029
606,936,152.0,1.0,28.2287600082456,89.66901468757169,15.514200415733498,108.41067567973687,53.62997362509029
652,937,94.0,1.0,28.2287600082456,89.66901468757169,15.514200415733498,108.41067567973687,53.62997362509029
652,938,124.0,1.0,28.2287600082456,89.66901468757169,15.514200415733498,108.41067567973687,53.62997362509029
177,939,102.0,1.0,28.2287600082456,89.66901468757169,15.514200415733498,108.41067567973687,53.62997362509029
177,940,72.0,1.0,28.2287600082456,89.66901468757169,15.514200415733498,108.41067567973687,53.62997362509029
571,941,86.0,1.0,28.2287600082456,89.66901468757169,15.514200415733498,108.41067567973687,53.62997362509029
571,942,178.0,1.0,28.2287600082456,89.66901468757169,15.514200415733498,108.41067567973687,53.62997362509029
381,943,128.0,1.0,28.2287600082456,89.66901468757169,15.514200415733498,108.41067567973687,53.62997362509029
381,944,110.0,1.0,28.2287600082456,89.66901468757169,15.514200415733498,108.41067567973687,53.62997362509029
498,946,76.0,1.0,28.2287600082456,89.66901468757169,15.514200415733498,108.41067567973687,53.62997362509029
189,947,112.0,1.0,28.2287600082456,89.66901468757169,15.514200415733498,108.41067567973687,53.62997362509029
189,948,116.0,1.0,28.2287600082456,89.66901468757169,15.514200415733498,108.41067567973687,53.62997362509029
584,949,66.0,1.0,28.2287600082456,89.66901468757169,15.514200415733498,108.41067567973687,53.62997362509029
584,950,152.0,1.0,28.2287600082456,89.66901468757169,15.514200415733498,108.41067567973687,53.62997362509029
133,951,138.0,1.0,28.2287600082456,89.66901468757169,15.514200415733498,108.41067567973687,53.62997362509029
133,952,24.0,1.0,28.2287600082456,89.66901468757169,15.514200415733498,108.41067567973687,53.62997362509029
704,953,92.0,1.0,28.2287600082456,89.66901468757169,15.514200415733498,108.41067567973687,53.62997362509029
704,954,72.0,1.0,28.2287600082456,89.66901468757169,15.514200415733498,108.41067567973687,53.62997362509029
755,955,136.0,1.0,28.2287600082456,89.66901468757169,15.514200415733498,108.41067567973687,53.62997362509029
755,956,90.0,1.0,28.2287600082456,89.66901468757169,15.514200415733498,108.41067567973687,53.62997362509029
427,958,88.0,1.0,28.2287600082456,89.66901468757169,15.514200415733498,108.41067567973687,53.62997362509029
395,959,146.0,1.0,28.2287600082456,89.66901468757169,15.514200415733498,108.41067567973687,53.62997362509029
395,960,68.0,1.0,28.2287600082456,89.66901468757169,15.514200415733498,108.41067567973687,53.62997362509029
614,961,46.0,1.0,28.2287600082456,89.66901468757169,15.514200415733498,108.41067567973687,53.62997362509029
614,962,114.0,1.0,28.2287600082456,89.66901468757169,15.514200415733498,108.41067567973687,53.62997362509029
475,963,36.0,1.0,28.2287600082456,89.66901468757169,15.514200415733498,108.41067567973687,53.62997362509029
475,964,138.0,1.0,28.2287600082456,89.66901468757169,15.514200415733498,108.41067567973687,53.62997362509029
337,965,146.0,1.0,28.2287600082456,89.66901468757169,15.514200415733498,108.41067567973687,53.62997362509029
337,966,70.0,1.0,28.2287600082456,89.66901468757169,15.514200415733498,108.41067567973687,53.62997362509029
413,967,160.0,1.0,28.2287600082456,89.66901468757169,15.514200415733498,108.41067567973687,53.62997362509029
413,968,158.0,1.0,28.2287600082456,89.66901468757169,15.514200415733498,108.41067567973687,53.62997362509029
173,969,50.0,1.0,28.2287600082456,89.66901468757169,15.514200415733498,108.41067567973687,53.62997362509029
173,970,82.0,1.0,28.2287600082456,89.66901468757169,15.514200415733498,108.41067567973687,53.62997362509029
696,971,106.0,1.0,28.2287600082456,89.66901468757169,15.514200415733498,108.41067567973687,53.62997362509029
696,972,108.0,1.0,28.2287600082456,89.66901468757169,15.514200415733498,108.41067567973687,53.62997362509029
357,975,126.0,1.0,28.2287600082456,89.66901468757169,15.514200415733498,108.41067567973687,53.62997362509029
357,976,138.0,1.0,28.2287600082456,89.66901468757169,15.514200415733498,108.41067567973687,53.62997362509029
513,977,106.0,1.0,28.2287600082456,89.66901468757169,15.514200415733498,108.41067567973687,53.62997362509029
513,978,66.0,1.0,28.2287600082456,89.66901468757169,15.514200415733498,108.41067567973687,53.62997362509029
579,979,120.0,1.0,28.2287600082456,89.66901468757169,15.514200415733498,108.41067567973687,53.62997362509029
579,980,136.0,1.0,28.2287600082456,89.66901468757169,15.514200415733498,108.41067567973687,53.62997362509029
473,981,96.0,1.0,28.2287600082456,89.66901468757169,15.514200415733498,108.41067567973687,53.62997362509029
473,982,174.0,1.0,28.2287600082456,89.66901468757169,15.514200415733498,108.41067567973687,53.62997362509029
678,983,80.0,1.0,28.2287600082456,89.66901468757169,15.514200415733498,108.41067567973687,53.62997362509029
678,984,152.0,1.0,28.2287600082456,89.66901468757169,15.514200415733498,108.41067567973687,53.62997362509029
694,985,92.0,1.0,28.2287600082456,89.66901468757169,15.514200415733498,108.41067567973687,53.62997362509029
694,986,50.0,1.0,28.2287600082456,89.66901468757169,15.514200415733498,108.41067567973687,53.62997362509029
509,987,136.0,1.0,28.2287600082456,89.66901468757169,15.514200415733498,108.41067567973687,53.62997362509029
509,988,172.0,1.0,28.2287600082456,89.66901468757169,15.514200415733498,108.41067567973687,53.62997362509029
550,989,78.0,1.0,28.2287600082456,89.66901468757169,15.514200415733498,108.41067567973687,53.62997362509029
550,990,72.0,1.0,28.2287600082456,89.66901468757169,15.514200415733498,108.41067567973687,53.62997362509029
507,991,54.0,1.0,28.2287600082456,89.66901468757169,15.514200415733498,108.41067567973687,53.62997362509029
507,992,120.0,1.0,28.2287600082456,89.66901468757169,15.514200415733498,108.41067567973687,53.62997362509029
686,994,92.0,1.0,28.2287600082456,89.66901468757169,15.514200415733498,108.41067567973687,53.62997362509029
583,995,142.0,1.0,28.2287600082456,89.66901468757169,15.514200415733498,108.41067567973687,53.62997362509029
583,996,114.0,1.0,28.2287600082456,89.66901468757169,15.514200415733498,108.41067567973687,53.62997362509029
515,997,92.0,1.0,28.2287600082456,89.66901468757169,15.514200415733498,108.41067567973687,53.62997362509029
515,998,106.0,1.0,28.2287600082456,89.66901468757169,15.514200415733498,108.41067567973687,53.62997362509029
594,999,110.0,1.0,28.2287600082456,89.66901468757169,15.514200415733498,108.41067567973687,53.62997362509029
594,1000,108.0,1.0,28.2287600082456,89.66901468757169,15.514200415733498,108.41067567973687,53.62997362509029
628,1001,110.0,1.0,28.2287600082456,89.66901468757169,15.514200415733498,108.41067567973687,53.62997362509029
628,1002,172.0,1.0,28.2287600082456,89.66901468757169,15.514200415733498,108.41067567973687,53.62997362509029
646,1003,174.0,1.0,28.2287600082456,89.66901468757169,15.514200415733498,108.41067567973687,53.62997362509029
646,1004,80.0,1.0,28.2287600082456,89.66901468757169,15.514200415733498,108.41067567973687,53.62997362509029
666,1005,130.0,1.0,28.2287600082456,89.66901468757169,15.514200415733498,108.41067567973687,53.62997362509029
666,1006,100.0,1.0,28.2287600082456,89.66901468757169,15.514200415733498,108.41067567973687,53.62997362509029
517,1007,66.0,1.0,28.2287600082456,89.66901468757169,15.514200415733498,108.41067567973687,53.62997362509029
517,1008,150.0,1.0,28.2287600082456,89.66901468757169,15.514200415733498,108.41067567973687,53.62997362509029
712,1009,92.0,1.0,28.2287600082456,89.66901468757169,15.514200415733498,108.41067567973687,53.62997362509029
712,1010,110.0,1.0,28.2287600082456,89.66901468757169,15.514200415733498,108.41067567973687,53.62997362509029
467,1011,68.0,1.0,28.2287600082456,89.66901468757169,15.514200415733498,108.41067567973687,53.62997362509029
467,1012,118.0,1.0,28.2287600082456,89.66901468757169,15.514200415733498,108.41067567973687,53.62997362509029
536,1013,110.0,1.0,28.2287600082456,89.66901468757169,15.514200415733498,108.41067567973687,53.62997362509029
536,1014,162.0,1.0,28.2287600082456,89.66901468757169,15.514200415733498,108.41067567973687,53.62997362509029
351,1015,122.0,1.0,28.2287600082456,89.66901468757169,15.514200415733498,108.41067567973687,53.62997362509029
351,1016,118.0,1.0,28.2287600082456,89.66901468757169,15.514200415733498,108.41067567973687,53.62997362509029
421,1017,118.0,1.0,28.2287600082456,89.66901468757169,15.514200415733498,108.41067567973687,53.62997362509029
421,1018,114.0,1.0,28.2287600082456,89.66901468757169,15.514200415733498,108.41067567973687,53.62997362509029
618,1019,56.0,1.0,28.2287600082456,89.66901468757169,15.514200415733498,108.41067567973687,53.62997362509029
618,1020,106.0,1.0,28.2287600082456,89.66901468757169,15.514200415733498,108.41067567973687,53.62997362509029
441,1021,114.0,1.0,28.2287600082456,89.66901468757169,15.514200415733498,108.41067567973687,53.62997362509029
441,1022,90.0,1.0,28.2287600082456,89.66901468757169,15.514200415733498,108.41067567973687,53.62997362509029
543,1024,88.0,1.0,28.2287600082456,89.66901468757169,15.514200415733498,108.41067567973687,53.62997362509029
680,1026,126.0,1.0,28.2287600082456,89.66901468757169,15.514200415733498,108.41067567973687,53.62997362509029
784,1027,84.0,1.0,28.2287600082456,89.66901468757169,15.514200415733498,108.41067567973687,53.62997362509029
784,1028,134.0,1.0,28.2287600082456,89.66901468757169,15.514200415733498,108.41067567973687,53.62997362509029
542,1030,96.0,1.0,28.2287600082456,89.66901468757169,15.514200415733498,108.41067567973687,53.62997362509029
560,1032,78.0,1.0,28.2287600082456,89.66901468757169,15.514200415733498,108.41067567973687,53.62997362509029
580,1033,178.0,1.0,28.2287600082456,89.66901468757169,15.514200415733498,108.41067567973687,53.62997362509029
580,1034,110.0,1.0,28.2287600082456,89.66901468757169,15.514200415733498,108.41067567973687,53.62997362509029
610,1035,128.0,1.0,28.2287600082456,89.66901468757169,15.514200415733498,108.41067567973687,53.62997362509029
610,1036,158.0,1.0,28.2287600082456,89.66901468757169,15.514200415733498,108.41067567973687,53.62997362509029
561,1037,144.0,1.0,28.2287600082456,89.66901468757169,15.514200415733498,108.41067567973687,53.62997362509029
561,1038,82.0,1.0,28.2287600082456,89.66901468757169,15.514200415733498,108.41067567973687,53.62997362509029
664,1039,122.0,1.0,28.2287600082456,89.66901468757169,15.514200415733498,108.41067567973687,53.62997362509029
664,1040,100.0,1.0,28.2287600082456,89.66901468757169,15.514200415733498,108.41067567973687,53.62997362509029
630,1041,84.0,1.0,28.2287600082456,89.66901468757169,15.514200415733498,108.41067567973687,53.62997362509029
630,1042,88.0,1.0,28.2287600082456,89.66901468757169,15.514200415733498,108.41067567973687,53.62997362509029
746,1043,110.0,1.0,28.2287600082456,89.66901468757169,15.514200415733498,108.41067567973687,53.62997362509029
746,1044,74.0,1.0,28.2287600082456,89.66901468757169,15.514200415733498,108.41067567973687,53.62997362509029
675,1045,68.0,1.0,28.2287600082456,89.66901468757169,15.514200415733498,108.41067567973687,53.62997362509029
675,1046,76.0,1.0,28.2287600082456,89.66901468757169,15.514200415733498,108.41067567973687,53.62997362509029
816,1047,94.0,1.0,28.2287600082456,89.66901468757169,15.514200415733498,108.41067567973687,53.62997362509029
816,1048,136.0,1.0,28.2287600082456,89.66901468757169,15.514200415733498,108.41067567973687,53.62997362509029
654,1049,156.0,1.0,28.2287600082456,89.66901468757169,15.514200415733498,108.41067567973687,53.62997362509029
325,1051,126.0,1.0,28.2287600082456,89.66901468757169,15.514200415733498,108.41067567973687,53.62997362509029
325,1052,78.0,1.0,28.2287600082456,89.66901468757169,15.514200415733498,108.41067567973687,53.62997362509029
500,1054,122.0,1.0,28.2287600082456,89.66901468757169,15.514200415733498,108.41067567973687,53.62997362509029
489,1055,94.0,1.0,28.2287600082456,89.66901468757169,15.514200415733498,108.41067567973687,53.62997362509029
489,1056,130.0,1.0,28.2287600082456,89.66901468757169,15.514200415733498,108.41067567973687,53.62997362509029
566,1058,126.0,1.0,28.2287600082456,89.66901468757169,15.514200415733498,108.41067567973687,53.62997362509029
533,1059,66.0,1.0,28.2287600082456,89.66901468757169,15.514200415733498,108.41067567973687,53.62997362509029
533,1060,38.0,1.0,28.2287600082456,89.66901468757169,15.514200415733498,108.41067567973687,53.62997362509029
604,1061,102.0,1.0,28.2287600082456,89.66901468757169,15.514200415733498,108.41067567973687,53.62997362509029
604,1062,110.0,1.0,28.2287600082456,89.66901468757169,15.514200415733498,108.41067567973687,53.62997362509029
648,1063,112.0,1.0,28.2287600082456,89.66901468757169,15.514200415733498,108.41067567973687,53.62997362509029
648,1064,146.0,1.0,28.2287600082456,89.66901468757169,15.514200415733498,108.41067567973687,53.62997362509029
688,1066,104.0,1.0,28.2287600082456,89.66901468757169,15.514200415733498,108.41067567973687,53.62997362509029
315,1067,110.0,1.0,28.2287600082456,89.66901468757169,15.514200415733498,108.41067567973687,53.62997362509029
315,1068,124.0,1.0,28.2287600082456,89.66901468757169,15.514200415733498,108.41067567973687,53.62997362509029
718,1070,132.0,1.0,28.2287600082456,89.66901468757169,15.514200415733498,108.41067567973687,53.62997362509029
814,1071,80.0,1.0,28.2287600082456,89.66901468757169,15.514200415733498,108.41067567973687,53.62997362509029
814,1072,106.0,1.0,28.2287600082456,89.66901468757169,15.514200415733498,108.41067567973687,53.62997362509029
554,1073,170.0,1.0,28.2287600082456,89.66901468757169,15.514200415733498,108.41067567973687,53.62997362509029
554,1074,106.0,1.0,28.2287600082456,89.66901468757169,15.514200415733498,108.41067567973687,53.62997362509029
590,1078,134.0,1.0,28.2287600082456,89.66901468757169,15.514200415733498,108.41067567973687,53.62997362509029
658,1079,98.0,1.0,28.2287600082456,89.66901468757169,15.514200415733498,108.41067567973687,53.62997362509029
658,1080,72.0,1.0,28.2287600082456,89.66901468757169,15.514200415733498,108.41067567973687,53.62997362509029
660,1081,158.0,1.0,28.2287600082456,89.66901468757169,15.514200415733498,108.41067567973687,53.62997362509029
660,1082,100.0,1.0,28.2287600082456,89.66901468757169,15.514200415733498,108.41067567973687,53.62997362509029
820,1083,124.0,1.0,28.2287600082456,89.66901468757169,15.514200415733498,108.41067567973687,53.62997362509029
820,1084,50.0,1.0,28.2287600082456,89.66901468757169,15.514200415733498,108.41067567973687,53.62997362509029
868,1085,112.0,1.0,28.2287600082456,89.66901468757169,15.514200415733498,108.41067567973687,53.62997362509029
868,1086,78.0,1.0,28.2287600082456,89.66901468757169,15.514200415733498,108.41067567973687,53.62997362509029
616,1087,112.0,1.0,28.2287600082456,89.66901468757169,15.514200415733498,108.41067567973687,53.62997362509029
616,1088,112.0,1.0,28.2287600082456,89.66901468757169,15.514200415733498,108.41067567973687,53.62997362509029
393,1090,72.0,1.0,28.2287600082456,89.66901468757169,15.514200415733498,108.41067567973687,53.62997362509029
731,1091,120.0,1.0,28.2287600082456,89.66901468757169,15.514200415733498,108.41067567973687,53.62997362509029
731,1092,104.0,1.0,28.2287600082456,89.66901468757169,15.514200415733498,108.41067567973687,53.62997362509029
844,1093,108.0,1.0,28.2287600082456,89.66901468757169,15.514200415733498,108.41067567973687,53.62997362509029
844,1094,170.0,1.0,28.2287600082456,89.66901468757169,15.514200415733498,108.41067567973687,53.62997362509029
952,1095,108.0,1.0,28.2287600082456,89.66901468757169,15.514200415733498,108.41067567973687,53.62997362509029
952,1096,110.0,1.0,28.2287600082456,89.66901468757169,15.514200415733498,108.41067567973687,53.62997362509029
602,1097,134.0,1.0,28.2287600082456,89.66901468757169,15.514200415733498,108.41067567973687,53.62997362509029
602,1098,104.0,1.0,28.2287600082456,89.66901468757169,15.514200415733498,108.41067567973687,53.62997362509029
620,1100,110.0,1.0,28.2287600082456,89.66901468757169,15.514200415733498,108.41067567973687,53.62997362509029
638,1101,124.0,1.0,28.2287600082456,89.66901468757169,15.514200415733498,108.41067567973687,53.62997362509029
638,1102,86.0,1.0,28.2287600082456,89.66901468757169,15.514200415733498,108.41067567973687,53.62997362509029
153,1103,122.0,1.0,28.2287600082456,89.66901468757169,15.514200415733498,108.41067567973687,53.62997362509029
153,1104,134.0,1.0,28.2287600082456,89.66901468757169,15.514200415733498,108.41067567973687,53.62997362509029
682,1105,168.0,1.0,28.2287600082456,89.66901468757169,15.514200415733498,108.41067567973687,53.62997362509029
682,1106,104.0,1.0,28.2287600082456,89.66901468757169,15.514200415733498,108.41067567973687,53.62997362509029
756,1107,66.0,1.0,28.2287600082456,89.66901468757169,15.514200415733498,108.41067567973687,53.62997362509029
756,1108,148.0,1.0,28.2287600082456,89.66901468757169,15.514200415733498,108.41067567973687,53.62997362509029
788,1109,68.0,1.0,28.2287600082456,89.66901468757169,15.514200415733498,108.41067567973687,53.62997362509029
788,1110,48.0,1.0,28.2287600082456,89.66901468757169,15.514200415733498,108.41067567973687,53.62997362509029
808,1111,126.0,1.0,28.2287600082456,89.66901468757169,15.514200415733498,108.41067567973687,53.62997362509029
808,1112,42.0,1.0,28.2287600082456,89.66901468757169,15.514200415733498,108.41067567973687,53.62997362509029
644,1113,80.0,1.0,28.2287600082456,89.66901468757169,15.514200415733498,108.41067567973687,53.62997362509029
644,1114,136.0,1.0,28.2287600082456,89.66901468757169,15.514200415733498,108.41067567973687,53.62997362509029
277,1116,180.0,1.0,28.2287600082456,89.66901468757169,15.514200415733498,108.41067567973687,53.62997362509029
531,1117,160.0,1.0,28.2287600082456,89.66901468757169,15.514200415733498,108.41067567973687,53.62997362509029
531,1118,88.0,1.0,28.2287600082456,89.66901468757169,15.514200415733498,108.41067567973687,53.62997362509029
697,1119,50.0,1.0,28.2287600082456,89.66901468757169,15.514200415733498,108.41067567973687,53.62997362509029
697,1120,104.0,1.0,28.2287600082456,89.66901468757169,15.514200415733498,108.41067567973687,53.62997362509029
599,1121,96.0,1.0,28.2287600082456,89.66901468757169,15.514200415733498,108.41067567973687,53.62997362509029
599,1122,86.0,1.0,28.2287600082456,89.66901468757169,15.514200415733498,108.41067567973687,53.62997362509029
603,1123,70.0,1.0,28.2287600082456,89.66901468757169,15.514200415733498,108.41067567973687,53.62997362509029
898,1125,106.0,1.0,28.2287600082456,89.66901468757169,15.514200415733498,108.41067567973687,53.62997362509029
898,1126,118.0,1.0,28.2287600082456,89.66901468757169,15.514200415733498,108.41067567973687,53.62997362509029
582,1127,222.0,1.0,28.2287600082456,89.66901468757169,15.514200415733498,108.41067567973687,53.62997362509029
499,1129,96.0,1.0,28.2287600082456,89.66901468757169,15.514200415733498,108.41067567973687,53.62997362509029
499,1130,116.0,1.0,28.2287600082456,89.66901468757169,15.514200415733498,108.41067567973687,53.62997362509029
700,1131,98.0,1.0,28.2287600082456,89.66901468757169,15.514200415733498,108.41067567973687,53.62997362509029
700,1132,46.0,1.0,28.2287600082456,89.66901468757169,15.514200415733498,108.41067567973687,53.62997362509029
621,1133,96.0,1.0,28.2287600082456,89.66901468757169,15.514200415733498,108.41067567973687,53.62997362509029
621,1134,196.0,1.0,28.2287600082456,89.66901468757169,15.514200415733498,108.41067567973687,53.62997362509029
469,1135,102.0,1.0,28.2287600082456,89.66901468757169,15.514200415733498,108.41067567973687,53.62997362509029
469,1136,180.0,1.0,28.2287600082456,89.66901468757169,15.514200415733498,108.41067567973687,53.62997362509029
383,1137,88.0,1.0,28.2287600082456,89.66901468757169,15.514200415733498,108.41067567973687,53.62997362509029
383,1138,126.0,1.0,28.2287600082456,89.66901468757169,15.514200415733498,108.41067567973687,53.62997362509029
343,1139,100.0,1.0,28.2287600082456,89.66901468757169,15.514200415733498,108.41067567973687,53.62997362509029
343,1140,128.0,1.0,28.2287600082456,89.66901468757169,15.514200415733498,108.41067567973687,53.62997362509029
730,1141,134.0,1.0,28.2287600082456,89.66901468757169,15.514200415733498,108.41067567973687,53.62997362509029
730,1142,104.0,1.0,28.2287600082456,89.66901468757169,15.514200415733498,108.41067567973687,53.62997362509029
752,1143,138.0,1.0,28.2287600082456,89.66901468757169,15.514200415733498,108.41067567973687,53.62997362509029
465,1145,120.0,1.0,28.2287600082456,89.66901468757169,15.514200415733498,108.41067567973687,53.62997362509029
465,1146,20.0,1.0,28.2287600082456,89.66901468757169,15.514200415733498,108.41067567973687,53.62997362509029
668,1147,114.0,1.0,28.2287600082456,89.66901468757169,15.514200415733498,108.41067567973687,53.62997362509029
668,1148,200.0,1.0,28.2287600082456,89.66901468757169,15.514200415733498,108.41067567973687,53.62997362509029
672,1149,98.0,1.0,28.2287600082456,89.66901468757169,15.514200415733498,108.41067567973687,53.62997362509029
672,1150,136.0,1.0,28.2287600082456,89.66901468757169,15.514200415733498,108.41067567973687,53.62997362509029
461,1151,156.0,1.0,28.2287600082456,89.66901468757169,15.514200415733498,108.41067567973687,53.62997362509029
461,1152,98.0,1.0,28.2287600082456,89.66901468757169,15.514200415733498,108.41067567973687,53.62997362509029
714,1153,102.0,1.0,28.2287600082456,89.66901468757169,15.514200415733498,108.41067567973687,53.62997362509029
714,1154,50.0,1.0,28.2287600082456,89.66901468757169,15.514200415733498,108.41067567973687,53.62997362509029
742,1155,22.0,1.0,28.2287600082456,89.66901468757169,15.514200415733498,108.41067567973687,53.62997362509029
750,1158,132.0,1.0,28.2287600082456,89.66901468757169,15.514200415733498,108.41067567973687,53.62997362509029
530,1159,100.0,1.0,28.2287600082456,89.66901468757169,15.514200415733498,108.41067567973687,53.62997362509029
540,1161,52.0,1.0,28.2287600082456,89.66901468757169,15.514200415733498,108.41067567973687,53.62997362509029
540,1162,80.0,1.0,28.2287600082456,89.66901468757169,15.514200415733498,108.41067567973687,53.62997362509029
762,1163,210.0,1.0,28.2287600082456,89.66901468757169,15.514200415733498,108.41067567973687,53.62997362509029
762,1164,112.0,1.0,28.2287600082456,89.66901468757169,15.514200415733498,108.41067567973687,53.62997362509029
609,1165,102.0,1.0,28.2287600082456,89.66901468757169,15.514200415733498,108.41067567973687,53.62997362509029
609,1166,162.0,1.0,28.2287600082456,89.66901468757169,15.514200415733498,108.41067567973687,53.62997362509029
930,1167,76.0,1.0,28.2287600082456,89.66901468757169,15.514200415733498,108.41067567973687,53.62997362509029
930,1168,66.0,1.0,28.2287600082456,89.66901468757169,15.514200415733498,108.41067567973687,53.62997362509029
493,1169,78.0,1.0,28.2287600082456,89.66901468757169,15.514200415733498,108.41067567973687,53.62997362509029
493,1170,90.0,1.0,28.2287600082456,89.66901468757169,15.514200415733498,108.41067567973687,53.62997362509029
880,1171,126.0,1.0,28.2287600082456,89.66901468757169,15.514200415733498,108.41067567973687,53.62997362509029
880,1172,62.0,1.0,28.2287600082456,89.66901468757169,15.514200415733498,108.41067567973687,53.62997362509029
785,1173,46.0,1.0,28.2287600082456,89.66901468757169,15.514200415733498,108.41067567973687,53.62997362509029
785,1174,110.0,1.0,28.2287600082456,89.66901468757169,15.514200415733498,108.41067567973687,53.62997362509029
656,1175,62.0,1.0,28.2287600082456,89.66901468757169,15.514200415733498,108.41067567973687,53.62997362509029
656,1176,26.0,1.0,28.2287600082456,89.66901468757169,15.514200415733498,108.41067567973687,53.62997362509029
607,1177,108.0,1.0,28.2287600082456,89.66901468757169,15.514200415733498,108.41067567973687,53.62997362509029
607,1178,108.0,1.0,28.2287600082456,89.66901468757169,15.514200415733498,108.41067567973687,53.62997362509029
589,1179,128.0,1.0,28.2287600082456,89.66901468757169,15.514200415733498,108.41067567973687,53.62997362509029
589,1180,168.0,1.0,28.2287600082456,89.66901468757169,15.514200415733498,108.41067567973687,53.62997362509029
403,1181,62.0,1.0,28.2287600082456,89.66901468757169,15.514200415733498,108.41067567973687,53.62997362509029
403,1182,114.0,1.0,28.2287600082456,89.66901468757169,15.514200415733498,108.41067567973687,53.62997362509029
642,1183,84.0,1.0,28.2287600082456,89.66901468757169,15.514200415733498,108.41067567973687,53.62997362509029
642,1184,78.0,1.0,28.2287600082456,89.66901468757169,15.514200415733498,108.41067567973687,53.62997362509029
724,1185,70.0,1.0,28.2287600082456,89.66901468757169,15.514200415733498,108.41067567973687,53.62997362509029
724,1186,80.0,1.0,28.2287600082456,89.66901468757169,15.514200415733498,108.41067567973687,53.62997362509029
726,1187,116.0,1.0,28.2287600082456,89.66901468757169,15.514200415733498,108.41067567973687,53.62997362509029
726,1188,200.0,1.0,28.2287600082456,89.66901468757169,15.514200415733498,108.41067567973687,53.62997362509029
555,1189,62.0,1.0,28.2287600082456,89.66901468757169,15.514200415733498,108.41067567973687,53.62997362509029
555,1190,124.0,1.0,28.2287600082456,89.66901468757169,15.514200415733498,108.41067567973687,53.62997362509029
798,1191,78.0,1.0,28.2287600082456,89.66901468757169,15.514200415733498,108.41067567973687,53.62997362509029
798,1192,88.0,1.0,28.2287600082456,89.66901468757169,15.514200415733498,108.41067567973687,53.62997362509029
754,1193,74.0,1.0,28.2287600082456,89.66901468757169,15.514200415733498,108.41067567973687,53.62997362509029
754,1194,142.0,1.0,28.2287600082456,89.66901468757169,15.514200415733498,108.41067567973687,53.62997362509029
858,1196,100.0,1.0,28.2287600082456,89.66901468757169,15.514200415733498,108.41067567973687,53.62997362509029
876,1198,106.0,1.0,28.2287600082456,89.66901468757169,15.514200415733498,108.41067567973687,53.62997362509029
699,1199,106.0,1.0,28.2287600082456,89.66901468757169,15.514200415733498,108.41067567973687,53.62997362509029
699,1200,96.0,1.0,28.2287600082456,89.66901468757169,15.514200415733498,108.41067567973687,53.62997362509029
963,1201,110.0,1.0,28.2287600082456,89.66901468757169,15.514200415733498,108.41067567973687,53.62997362509029
963,1202,126.0,1.0,28.2287600082456,89.66901468757169,15.514200415733498,108.41067567973687,53.62997362509029
573,1203,224.0,1.0,28.2287600082456,89.66901468757169,15.514200415733498,108.41067567973687,53.62997362509029
573,1204,104.0,1.0,28.2287600082456,89.66901468757169,15.514200415733498,108.41067567973687,53.62997362509029
600,1205,78.0,1.0,28.2287600082456,89.66901468757169,15.514200415733498,108.41067567973687,53.62997362509029
622,1207,148.0,1.0,28.2287600082456,89.66901468757169,15.514200415733498,108.41067567973687,53.62997362509029
622,1208,108.0,1.0,28.2287600082456,89.66901468757169,15.514200415733498,108.41067567973687,53.62997362509029
684,1209,126.0,1.0,28.2287600082456,89.66901468757169,15.514200415733498,108.41067567973687,53.62997362509029
684,1210,138.0,1.0,28.2287600082456,89.66901468757169,15.514200415733498,108.41067567973687,53.62997362509029
491,1212,38.0,1.0,28.2287600082456,89.66901468757169,15.514200415733498,108.41067567973687,53.62997362509029
728,1213,110.0,1.0,28.2287600082456,89.66901468757169,15.514200415733498,108.41067567973687,53.62997362509029
728,1214,122.0,1.0,28.2287600082456,89.66901468757169,15.514200415733498,108.41067567973687,53.62997362509029
744,1215,130.0,1.0,28.2287600082456,89.66901468757169,15.514200415733498,108.41067567973687,53.62997362509029
744,1216,52.0,1.0,28.2287600082456,89.66901468757169,15.514200415733498,108.41067567973687,53.62997362509029
800,1217,96.0,1.0,28.2287600082456,89.66901468757169,15.514200415733498,108.41067567973687,53.62997362509029
800,1218,192.0,1.0,28.2287600082456,89.66901468757169,15.514200415733498,108.41067567973687,53.62997362509029
698,1219,70.0,1.0,28.2287600082456,89.66901468757169,15.514200415733498,108.41067567973687,53.62997362509029
698,1220,58.0,1.0,28.2287600082456,89.66901468757169,15.514200415733498,108.41067567973687,53.62997362509029
453,1221,36.0,1.0,28.2287600082456,89.66901468757169,15.514200415733498,108.41067567973687,53.62997362509029
453,1222,84.0,1.0,28.2287600082456,89.66901468757169,15.514200415733498,108.41067567973687,53.62997362509029
706,1223,176.0,1.0,28.2287600082456,89.66901468757169,15.514200415733498,108.41067567973687,53.62997362509029
706,1224,96.0,1.0,28.2287600082456,89.66901468757169,15.514200415733498,108.41067567973687,53.62997362509029
633,1225,104.0,1.0,28.2287600082456,89.66901468757169,15.514200415733498,108.41067567973687,53.62997362509029
633,1226,102.0,1.0,28.2287600082456,89.66901468757169,15.514200415733498,108.41067567973687,53.62997362509029
537,1227,88.0,1.0,28.2287600082456,89.66901468757169,15.514200415733498,108.41067567973687,53.62997362509029
537,1228,140.0,1.0,28.2287600082456,89.66901468757169,15.514200415733498,108.41067567973687,53.62997362509029
842,1230,90.0,1.0,28.2287600082456,89.66901468757169,15.514200415733498,108.41067567973687,53.62997362509029
848,1232,80.0,1.0,28.2287600082456,89.66901468757169,15.514200415733498,108.41067567973687,53.62997362509029
874,1233,108.0,1.0,28.2287600082456,89.66901468757169,15.514200415733498,108.41067567973687,53.62997362509029
874,1234,98.0,1.0,28.2287600082456,89.66901468757169,15.514200415733498,108.41067567973687,53.62997362509029
454,1235,46.0,1.0,28.2287600082456,89.66901468757169,15.514200415733498,108.41067567973687,53.62997362509029
454,1236,136.0,1.0,28.2287600082456,89.66901468757169,15.514200415733498,108.41067567973687,53.62997362509029
596,1237,82.0,1.0,28.2287600082456,89.66901468757169,15.514200415733498,108.41067567973687,53.62997362509029
596,1238,102.0,1.0,28.2287600082456,89.66901468757169,15.514200415733498,108.41067567973687,53.62997362509029
624,1239,86.0,1.0,28.2287600082456,89.66901468757169,15.514200415733498,108.41067567973687,53.62997362509029
624,1240,116.0,1.0,28.2287600082456,89.66901468757169,15.514200415733498,108.41067567973687,53.62997362509029
659,1241,100.0,1.0,28.2287600082456,89.66901468757169,15.514200415733498,108.41067567973687,53.62997362509029
659,1242,80.0,1.0,28.2287600082456,89.66901468757169,15.514200415733498,108.41067567973687,53.62997362509029
748,1243,280.0,1.0,28.2287600082456,89.66901468757169,15.514200415733498,108.41067567973687,53.62997362509029
748,1244,72.0,1.0,28.2287600082456,89.66901468757169,15.514200415733498,108.41067567973687,53.62997362509029
772,1245,120.0,1.0,28.2287600082456,89.66901468757169,15.514200415733498,108.41067567973687,53.62997362509029
577,1247,116.0,1.0,28.2287600082456,89.66901468757169,15.514200415733498,108.41067567973687,53.62997362509029
577,1248,60.0,1.0,28.2287600082456,89.66901468757169,15.514200415733498,108.41067567973687,53.62997362509029
433,1250,118.0,1.0,28.2287600082456,89.66901468757169,15.514200415733498,108.41067567973687,53.62997362509029
692,1251,136.0,1.0,28.2287600082456,89.66901468757169,15.514200415733498,108.41067567973687,53.62997362509029
692,1252,112.0,1.0,28.2287600082456,89.66901468757169,15.514200415733498,108.41067567973687,53.62997362509029
738,1253,102.0,1.0,28.2287600082456,89.66901468757169,15.514200415733498,108.41067567973687,53.62997362509029
738,1254,84.0,1.0,28.2287600082456,89.66901468757169,15.514200415733498,108.41067567973687,53.62997362509029
779,1255,86.0,1.0,28.2287600082456,89.66901468757169,15.514200415733498,108.41067567973687,53.62997362509029
779,1256,162.0,1.0,28.2287600082456,89.66901468757169,15.514200415733498,108.41067567973687,53.62997362509029
986,1258,102.0,1.0,28.2287600082456,89.66901468757169,15.514200415733498,108.41067567973687,53.62997362509029
711,1260,114.0,1.0,28.2287600082456,89.66901468757169,15.514200415733498,108.41067567973687,53.62997362509029
1146,1261,136.0,1.0,28.2287600082456,89.66901468757169,15.514200415733498,108.41067567973687,53.62997362509029
1146,1262,114.0,1.0,28.2287600082456,89.66901468757169,15.514200415733498,108.41067567973687,53.62997362509029
535,1263,62.0,1.0,28.2287600082456,89.66901468757169,15.514200415733498,108.41067567973687,53.62997362509029
687,1265,114.0,1.0,28.2287600082456,89.66901468757169,15.514200415733498,108.41067567973687,53.62997362509029
687,1266,100.0,1.0,28.2287600082456,89.66901468757169,15.514200415733498,108.41067567973687,53.62997362509029
765,1267,152.0,1.0,28.2287600082456,89.66901468757169,15.514200415733498,108.41067567973687,53.62997362509029
765,1268,116.0,1.0,28.2287600082456,89.66901468757169,15.514200415733498,108.41067567973687,53.62997362509029
822,1270,116.0,1.0,28.2287600082456,89.66901468757169,15.514200415733498,108.41067567973687,53.62997362509029
826,1271,148.0,1.0,28.2287600082456,89.66901468757169,15.514200415733498,108.41067567973687,53.62997362509029
826,1272,80.0,1.0,28.2287600082456,89.66901468757169,15.514200415733498,108.41067567973687,53.62997362509029
1060,1273,90.0,1.0,28.2287600082456,89.66901468757169,15.514200415733498,108.41067567973687,53.62997362509029
1060,1274,142.0,1.0,28.2287600082456,89.66901468757169,15.514200415733498,108.41067567973687,53.62997362509029
522,1275,72.0,1.0,28.2287600082456,89.66901468757169,15.514200415733498,108.41067567973687,53.62997362509029
522,1276,124.0,1.0,28.2287600082456,89.66901468757169,15.514200415733498,108.41067567973687,53.62997362509029
764,1279,74.0,1.0,28.2287600082456,89.66901468757169,15.514200415733498,108.41067567973687,53.62997362509029
764,1280,110.0,1.0,28.2287600082456,89.66901468757169,15.514200415733498,108.41067567973687,53.62997362509029
627,1281,100.0,1.0,28.2287600082456,89.66901468757169,15.514200415733498,108.41067567973687,53.62997362509029
627,1282,62.0,1.0,28.2287600082456,89.66901468757169,15.514200415733498,108.41067567973687,53.62997362509029
836,1284,104.0,1.0,28.2287600082456,89.66901468757169,15.514200415733498,108.41067567973687,53.62997362509029
637,1286,78.0,1.0,28.2287600082456,89.66901468757169,15.514200415733498,108.41067567973687,53.62997362509029
520,1287,76.0,1.0,28.2287600082456,89.66901468757169,15.514200415733498,108.41067567973687,53.62997362509029
520,1288,44.0,1.0,28.2287600082456,89.66901468757169,15.514200415733498,108.41067567973687,53.62997362509029
662,1289,100.0,1.0,28.2287600082456,89.66901468757169,15.514200415733498,108.41067567973687,53.62997362509029
662,1290,58.0,1.0,28.2287600082456,89.66901468757169,15.514200415733498,108.41067567973687,53.62997362509029
639,1291,116.0,1.0,28.2287600082456,89.66901468757169,15.514200415733498,108.41067567973687,53.62997362509029
639,1292,172.0,1.0,28.2287600082456,89.66901468757169,15.514200415733498,108.41067567973687,53.62997362509029
690,1293,76.0,1.0,28.2287600082456,89.66901468757169,15.514200415733498,108.41067567973687,53.62997362509029
690,1294,134.0,1.0,28.2287600082456,89.66901468757169,15.514200415733498,108.41067567973687,53.62997362509029
569,1296,128.0,1.0,28.2287600082456,89.66901468757169,15.514200415733498,108.41067567973687,53.62997362509029
804,1297,114.0,1.0,28.2287600082456,89.66901468757169,15.514200415733498,108.41067567973687,53.62997362509029
804,1298,84.0,1.0,28.2287600082456,89.66901468757169,15.514200415733498,108.41067567973687,53.62997362509029
818,1299,126.0,1.0,28.2287600082456,89.66901468757169,15.514200415733498,108.41067567973687,53.62997362509029
818,1300,116.0,1.0,28.2287600082456,89.66901468757169,15.514200415733498,108.41067567973687,53.62997362509029
539,1302,110.0,1.0,28.2287600082456,89.66901468757169,15.514200415733498,108.41067567973687,53.62997362509029
716,1303,112.0,1.0,28.2287600082456,89.66901468757169,15.514200415733498,108.41067567973687,53.62997362509029
716,1304,70.0,1.0,28.2287600082456,89.66901468757169,15.514200415733498,108.41067567973687,53.62997362509029
774,1305,70.0,1.0,28.2287600082456,89.66901468757169,15.514200415733498,108.41067567973687,53.62997362509029
774,1306,100.0,1.0,28.2287600082456,89.66901468757169,15.514200415733498,108.41067567973687,53.62997362509029
776,1308,172.0,1.0,28.2287600082456,89.66901468757169,15.514200415733498,108.41067567973687,53.62997362509029
786,1310,90.0,1.0,28.2287600082456,89.66901468757169,15.514200415733498,108.41067567973687,53.62997362509029
864,1311,112.0,1.0,28.2287600082456,89.66901468757169,15.514200415733498,108.41067567973687,53.62997362509029
864,1312,84.0,1.0,28.2287600082456,89.66901468757169,15.514200415733498,108.41067567973687,53.62997362509029
872,1313,118.0,1.0,28.2287600082456,89.66901468757169,15.514200415733498,108.41067567973687,53.62997362509029
872,1314,218.0,1.0,28.2287600082456,89.66901468757169,15.514200415733498,108.41067567973687,53.62997362509029
410,1315,122.0,1.0,28.2287600082456,89.66901468757169,15.514200415733498,108.41067567973687,53.62997362509029
410,1316,168.0,1.0,28.2287600082456,89.66901468757169,15.514200415733498,108.41067567973687,53.62997362509029
485,1317,54.0,1.0,28.2287600082456,89.66901468757169,15.514200415733498,108.41067567973687,53.62997362509029
485,1318,46.0,1.0,28.2287600082456,89.66901468757169,15.514200415733498,108.41067567973687,53.62997362509029
565,1319,146.0,1.0,28.2287600082456,89.66901468757169,15.514200415733498,108.41067567973687,53.62997362509029
565,1320,76.0,1.0,28.2287600082456,89.66901468757169,15.514200415733498,108.41067567973687,53.62997362509029
587,1321,64.0,1.0,28.2287600082456,89.66901468757169,15.514200415733498,108.41067567973687,53.62997362509029
587,1322,126.0,1.0,28.2287600082456,89.66901468757169,15.514200415733498,108.41067567973687,53.62997362509029
828,1323,78.0,1.0,28.2287600082456,89.66901468757169,15.514200415733498,108.41067567973687,53.62997362509029
828,1324,70.0,1.0,28.2287600082456,89.66901468757169,15.514200415733498,108.41067567973687,53.62997362509029
856,1325,72.0,1.0,28.2287600082456,89.66901468757169,15.514200415733498,108.41067567973687,53.62997362509029
856,1326,122.0,1.0,28.2287600082456,89.66901468757169,15.514200415733498,108.41067567973687,53.62997362509029
919,1327,122.0,1.0,28.2287600082456,89.66901468757169,15.514200415733498,108.41067567973687,53.62997362509029
919,1328,82.0,1.0,28.2287600082456,89.66901468757169,15.514200415733498,108.41067567973687,53.62997362509029
481,1329,72.0,1.0,28.2287600082456,89.66901468757169,15.514200415733498,108.41067567973687,53.62997362509029
481,1330,198.0,1.0,28.2287600082456,89.66901468757169,15.514200415733498,108.41067567973687,53.62997362509029
563,1331,86.0,1.0,28.2287600082456,89.66901468757169,15.514200415733498,108.41067567973687,53.62997362509029
563,1332,80.0,1.0,28.2287600082456,89.66901468757169,15.514200415733498,108.41067567973687,53.62997362509029
908,1333,88.0,1.0,28.2287600082456,89.66901468757169,15.514200415733498,108.41067567973687,53.62997362509029
918,1335,222.0,1.0,28.2287600082456,89.66901468757169,15.514200415733498,108.41067567973687,53.62997362509029
918,1336,136.0,1.0,28.2287600082456,89.66901468757169,15.514200415733498,108.41067567973687,53.62997362509029
1112,1339,87.68077409183098,1.0,28.2287600082456,89.66901468757169,15.514200415733498,108.41067567973687,53.62997362509029
1176,1341,94.0,1.0,28.2287600082456,89.66901468757169,15.514200415733498,108.41067567973687,53.62997362509029
1176,1342,62.0,1.0,28.2287600082456,89.66901468757169,15.514200415733498,108.41067567973687,53.62997362509029
650,1343,108.0,1.0,28.2287600082456,89.66901468757169,15.514200415733498,108.41067567973687,53.62997362509029
650,1344,44.0,1.0,28.2287600082456,89.66901468757169,15.514200415733498,108.41067567973687,53.62997362509029
581,1345,62.0,1.0,28.2287600082456,89.66901468757169,15.514200415733498,108.41067567973687,53.62997362509029
581,1346,98.0,1.0,28.2287600082456,89.66901468757169,15.514200415733498,108.41067567973687,53.62997362509029
734,1348,102.0,1.0,28.2287600082456,89.66901468757169,15.514200415733498,108.41067567973687,53.62997362509029
780,1349,110.0,1.0,28.2287600082456,89.66901468757169,15.514200415733498,108.41067567973687,53.62997362509029
780,1350,132.0,1.0,28.2287600082456,89.66901468757169,15.514200415733498,108.41067567973687,53.62997362509029
792,1351,78.0,1.0,28.2287600082456,89.66901468757169,15.514200415733498,108.41067567973687,53.62997362509029
792,1352,94.0,1.0,28.2287600082456,89.66901468757169,15.514200415733498,108.41067567973687,53.62997362509029
459,1353,84.0,1.0,28.2287600082456,89.66901468757169,15.514200415733498,108.41067567973687,53.62997362509029
459,1354,56.0,1.0,28.2287600082456,89.66901468757169,15.514200415733498,108.41067567973687,53.62997362509029
830,1355,110.0,1.0,28.2287600082456,89.66901468757169,15.514200415733498,108.41067567973687,53.62997362509029
830,1356,40.0,1.0,28.2287600082456,89.66901468757169,15.514200415733498,108.41067567973687,53.62997362509029
840,1357,120.0,1.0,28.2287600082456,89.66901468757169,15.514200415733498,108.41067567973687,53.62997362509029
840,1358,70.0,1.0,28.2287600082456,89.66901468757169,15.514200415733498,108.41067567973687,53.62997362509029
575,1362,60.0,1.0,28.2287600082456,89.66901468757169,15.514200415733498,108.41067567973687,53.62997362509029
940,1364,118.0,1.0,28.2287600082456,89.66901468757169,15.514200415733498,108.41067567973687,53.62997362509029
960,1365,72.0,1.0,28.2287600082456,89.66901468757169,15.514200415733498,108.41067567973687,53.62997362509029
960,1366,132.0,1.0,28.2287600082456,89.66901468757169,15.514200415733498,108.41067567973687,53.62997362509029
793,1367,88.0,1.0,28.2287600082456,89.66901468757169,15.514200415733498,108.41067567973687,53.62997362509029
793,1368,84.0,1.0,28.2287600082456,89.66901468757169,15.514200415733498,108.41067567973687,53.62997362509029
860,1369,52.0,1.0,28.2287600082456,89.66901468757169,15.514200415733498,108.41067567973687,53.62997362509029
860,1370,154.0,1.0,28.2287600082456,89.66901468757169,15.514200415733498,108.41067567973687,53.62997362509029
954,1372,114.0,1.0,28.2287600082456,89.66901468757169,15.514200415733498,108.41067567973687,53.62997362509029
978,1374,46.0,1.0,28.2287600082456,89.66901468757169,15.514200415733498,108.41067567973687,53.62997362509029
1084,1375,68.0,1.0,28.2287600082456,89.66901468757169,15.514200415733498,108.41067567973687,53.62997362509029
1084,1376,64.0,1.0,28.2287600082456,89.66901468757169,15.514200415733498,108.41067567973687,53.62997362509029
480,1377,58.0,1.0,28.2287600082456,89.66901468757169,15.514200415733498,108.41067567973687,53.62997362509029
480,1378,82.0,1.0,28.2287600082456,89.66901468757169,15.514200415733498,108.41067567973687,53.62997362509029
608,1379,124.0,1.0,28.2287600082456,89.66901468757169,15.514200415733498,108.41067567973687,53.62997362509029
608,1380,52.0,1.0,28.2287600082456,89.66901468757169,15.514200415733498,108.41067567973687,53.62997362509029
239,1381,78.0,1.0,28.2287600082456,89.66901468757169,15.514200415733498,108.41067567973687,53.62997362509029
239,1382,224.0,1.0,28.2287600082456,89.66901468757169,15.514200415733498,108.41067567973687,53.62997362509029
525,1384,88.0,1.0,28.2287600082456,89.66901468757169,15.514200415733498,108.41067567973687,53.62997362509029
593,1385,84.0,1.0,28.2287600082456,89.66901468757169,15.514200415733498,108.41067567973687,53.62997362509029
593,1386,86.0,1.0,28.2287600082456,89.66901468757169,15.514200415733498,108.41067567973687,53.62997362509029
966,1387,80.0,1.0,28.2287600082456,89.66901468757169,15.514200415733498,108.41067567973687,53.62997362509029
966,1388,110.0,1.0,28.2287600082456,89.66901468757169,15.514200415733498,108.41067567973687,53.62997362509029
1110,1390,80.0,1.0,28.2287600082456,89.66901468757169,15.514200415733498,108.41067567973687,53.62997362509029
552,1391,78.0,1.0,28.2287600082456,89.66901468757169,15.514200415733498,108.41067567973687,53.62997362509029
552,1392,182.0,1.0,28.2287600082456,89.66901468757169,15.514200415733498,108.41067567973687,53.62997362509029
570,1393,104.0,1.0,28.2287600082456,89.66901468757169,15.514200415733498,108.41067567973687,53.62997362509029
570,1394,84.0,1.0,28.2287600082456,89.66901468757169,15.514200415733498,108.41067567973687,53.62997362509029
782,1395,104.0,1.0,28.2287600082456,89.66901468757169,15.514200415733498,108.41067567973687,53.62997362509029
782,1396,88.0,1.0,28.2287600082456,89.66901468757169,15.514200415733498,108.41067567973687,53.62997362509029
663,1399,153.68627025154993,1.0,28.2287600082456,89.66901468757169,15.514200415733498,108.41067567973687,53.62997362509029
663,1400,66.0,1.0,28.2287600082456,89.66901468757169,15.514200415733498,108.41067567973687,53.62997362509029
946,1401,76.0,1.0,28.2287600082456,89.66901468757169,15.514200415733498,108.41067567973687,53.62997362509029
946,1402,110.0,1.0,28.2287600082456,89.66901468757169,15.514200415733498,108.41067567973687,53.62997362509029
702,1403,90.0,1.0,28.2287600082456,89.66901468757169,15.514200415733498,108.41067567973687,53.62997362509029
702,1404,136.0,1.0,28.2287600082456,89.66901468757169,15.514200415733498,108.41067567973687,53.62997362509029
766,1405,116.0,1.0,28.2287600082456,89.66901468757169,15.514200415733498,108.41067567973687,53.62997362509029
766,1406,88.0,1.0,28.2287600082456,89.66901468757169,15.514200415733498,108.41067567973687,53.62997362509029
846,1407,114.0,1.0,28.2287600082456,89.66901468757169,15.514200415733498,108.41067567973687,53.62997362509029
846,1408,128.0,1.0,28.2287600082456,89.66901468757169,15.514200415733498,108.41067567973687,53.62997362509029
862,1411,100.0,1.0,28.2287600082456,89.66901468757169,15.514200415733498,108.41067567973687,53.62997362509029
862,1412,52.0,1.0,28.2287600082456,89.66901468757169,15.514200415733498,108.41067567973687,53.62997362509029
884,1413,138.0,1.0,28.2287600082456,89.66901468757169,15.514200415733498,108.41067567973687,53.62997362509029
884,1414,246.0,1.0,28.2287600082456,89.66901468757169,15.514200415733498,108.41067567973687,53.62997362509029
899,1415,160.0,1.0,28.2287600082456,89.66901468757169,15.514200415733498,108.41067567973687,53.62997362509029
899,1416,130.0,1.0,28.2287600082456,89.66901468757169,15.514200415733498,108.41067567973687,53.62997362509029
1132,1417,108.0,1.0,28.2287600082456,89.66901468757169,15.514200415733498,108.41067567973687,53.62997362509029
1132,1418,72.0,1.0,28.2287600082456,89.66901468757169,15.514200415733498,108.41067567973687,53.62997362509029
367,1419,100.0,1.0,28.2287600082456,89.66901468757169,15.514200415733498,108.41067567973687,53.62997362509029
367,1420,92.0,1.0,28.2287600082456,89.66901468757169,15.514200415733498,108.41067567973687,53.62997362509029
758,1421,74.0,1.0,28.2287600082456,89.66901468757169,15.514200415733498,108.41067567973687,53.62997362509029
758,1422,126.0,1.0,28.2287600082456,89.66901468757169,15.514200415733498,108.41067567973687,53.62997362509029
778,1424,118.0,1.0,28.2287600082456,89.66901468757169,15.514200415733498,108.41067567973687,53.62997362509029
802,1426,102.0,1.0,28.2287600082456,89.66901468757169,15.514200415733498,108.41067567973687,53.62997362509029
837,1427,74.0,1.0,28.2287600082456,89.66901468757169,15.514200415733498,108.41067567973687,53.62997362509029
837,1428,108.0,1.0,28.2287600082456,89.66901468757169,15.514200415733498,108.41067567973687,53.62997362509029
892,1429,66.0,1.0,28.2287600082456,89.66901468757169,15.514200415733498,108.41067567973687,53.62997362509029
892,1430,114.0,1.0,28.2287600082456,89.66901468757169,15.514200415733498,108.41067567973687,53.62997362509029
553,1433,154.0,1.0,28.2287600082456,89.66901468757169,15.514200415733498,108.41067567973687,53.62997362509029
553,1434,44.0,1.0,28.2287600082456,89.66901468757169,15.514200415733498,108.41067567973687,53.62997362509029
863,1435,110.0,1.0,28.2287600082456,89.66901468757169,15.514200415733498,108.41067567973687,53.62997362509029
863,1436,72.0,1.0,28.2287600082456,89.66901468757169,15.514200415733498,108.41067567973687,53.62997362509029
866,1439,96.0,1.0,28.2287600082456,89.66901468757169,15.514200415733498,108.41067567973687,53.62997362509029
866,1440,90.0,1.0,28.2287600082456,89.66901468757169,15.514200415733498,108.41067567973687,53.62997362509029
878,1441,72.0,1.0,28.2287600082456,89.66901468757169,15.514200415733498,108.41067567973687,53.62997362509029
1007,1444,56.0,1.0,28.2287600082456,89.66901468757169,15.514200415733498,108.41067567973687,53.62997362509029
1119,1445,78.0,1.0,28.2287600082456,89.66901468757169,15.514200415733498,108.41067567973687,53.62997362509029
1119,1446,94.0,1.0,28.2287600082456,89.66901468757169,15.514200415733498,108.41067567973687,53.62997362509029
592,1448,124.0,1.0,28.2287600082456,89.66901468757169,15.514200415733498,108.41067567973687,53.62997362509029
732,1449,96.0,1.0,28.2287600082456,89.66901468757169,15.514200415733498,108.41067567973687,53.62997362509029
732,1450,90.0,1.0,28.2287600082456,89.66901468757169,15.514200415733498,108.41067567973687,53.62997362509029
740,1451,56.0,1.0,28.2287600082456,89.66901468757169,15.514200415733498,108.41067567973687,53.62997362509029
740,1452,116.0,1.0,28.2287600082456,89.66901468757169,15.514200415733498,108.41067567973687,53.62997362509029
770,1453,140.0,1.0,28.2287600082456,89.66901468757169,15.514200415733498,108.41067567973687,53.62997362509029
770,1454,120.0,1.0,28.2287600082456,89.66901468757169,15.514200415733498,108.41067567973687,53.62997362509029
679,1455,94.0,1.0,28.2287600082456,89.66901468757169,15.514200415733498,108.41067567973687,53.62997362509029
679,1456,88.0,1.0,28.2287600082456,89.66901468757169,15.514200415733498,108.41067567973687,53.62997362509029
707,1457,146.0,1.0,28.2287600082456,89.66901468757169,15.514200415733498,108.41067567973687,53.62997362509029
707,1458,100.0,1.0,28.2287600082456,89.66901468757169,15.514200415733498,108.41067567973687,53.62997362509029
723,1459,128.0,1.0,28.2287600082456,89.66901468757169,15.514200415733498,108.41067567973687,53.62997362509029
723,1460,94.0,1.0,28.2287600082456,89.66901468757169,15.514200415733498,108.41067567973687,53.62997362509029
850,1461,246.0,1.0,28.2287600082456,89.66901468757169,15.514200415733498,108.41067567973687,53.62997362509029
850,1462,152.0,1.0,28.2287600082456,89.66901468757169,15.514200415733498,108.41067567973687,53.62997362509029
819,1464,122.0,1.0,28.2287600082456,89.66901468757169,15.514200415733498,108.41067567973687,53.62997362509029
924,1465,110.0,1.0,28.2287600082456,89.66901468757169,15.514200415733498,108.41067567973687,53.62997362509029
924,1466,132.0,1.0,28.2287600082456,89.66901468757169,15.514200415733498,108.41067567973687,53.62997362509029
813,1467,82.0,1.0,28.2287600082456,89.66901468757169,15.514200415733498,108.41067567973687,53.62997362509029
1154,1471,32.83443891910444,1.0,28.2287600082456,89.66901468757169,15.514200415733498,108.41067567973687,53.62997362509029
1154,1472,72.0,1.0,28.2287600082456,89.66901468757169,15.514200415733498,108.41067567973687,53.62997362509029
1212,1473,78.0,1.0,28.2287600082456,89.66901468757169,15.514200415733498,108.41067567973687,53.62997362509029
1212,1474,48.0,1.0,28.2287600082456,89.66901468757169,15.514200415733498,108.41067567973687,53.62997362509029
827,1475,140.0,1.0,28.2287600082456,89.66901468757169,15.514200415733498,108.41067567973687,53.62997362509029
827,1476,64.0,1.0,28.2287600082456,89.66901468757169,15.514200415733498,108.41067567973687,53.62997362509029
612,1478,94.0,1.0,28.2287600082456,89.66901468757169,15.514200415733498,108.41067567973687,53.62997362509029
545,1480,54.0,1.0,28.2287600082456,89.66901468757169,15.514200415733498,108.41067567973687,53.62997362509029
796,1481,72.0,1.0,28.2287600082456,89.66901468757169,15.514200415733498,108.41067567973687,53.62997362509029
831,1483,80.0,1.0,28.2287600082456,89.66901468757169,15.514200415733498,108.41067567973687,53.62997362509029
831,1484,108.0,1.0,28.2287600082456,89.66901468757169,15.514200415733498,108.41067567973687,53.62997362509029
989,1485,128.0,1.0,28.2287600082456,89.66901468757169,15.514200415733498,108.41067567973687,53.62997362509029
989,1486,118.0,1.0,28.2287600082456,89.66901468757169,15.514200415733498,108.41067567973687,53.62997362509029
743,1487,84.0,1.0,28.2287600082456,89.66901468757169,15.514200415733498,108.41067567973687,53.62997362509029
743,1488,86.0,1.0,28.2287600082456,89.66901468757169,15.514200415733498,108.41067567973687,53.62997362509029
803,1489,98.0,1.0,28.2287600082456,89.66901468757169,15.514200415733498,108.41067567973687,53.62997362509029
803,1490,106.0,1.0,28.2287600082456,89.66901468757169,15.514200415733498,108.41067567973687,53.62997362509029
361,1491,124.0,1.0,28.2287600082456,89.66901468757169,15.514200415733498,108.41067567973687,53.62997362509029
361,1492,74.0,1.0,28.2287600082456,89.66901468757169,15.514200415733498,108.41067567973687,53.62997362509029
763,1493,56.0,1.0,28.2287600082456,89.66901468757169,15.514200415733498,108.41067567973687,53.62997362509029
956,1496,76.0,1.0,28.2287600082456,89.66901468757169,15.514200415733498,108.41067567973687,53.62997362509029
958,1497,84.0,1.0,28.2287600082456,89.66901468757169,15.514200415733498,108.41067567973687,53.62997362509029
958,1498,106.0,1.0,28.2287600082456,89.66901468757169,15.514200415733498,108.41067567973687,53.62997362509029
1004,1499,94.0,1.0,28.2287600082456,89.66901468757169,15.514200415733498,108.41067567973687,53.62997362509029
1004,1500,112.0,1.0,28.2287600082456,89.66901468757169,15.514200415733498,108.41067567973687,53.62997362509029
1044,1501,114.0,1.0,28.2287600082456,89.66901468757169,15.514200415733498,108.41067567973687,53.62997362509029
1044,1502,80.0,1.0,28.2287600082456,89.66901468757169,15.514200415733498,108.41067567973687,53.62997362509029
523,1503,76.0,1.0,28.2287600082456,89.66901468757169,15.514200415733498,108.41067567973687,53.62997362509029
523,1504,76.0,1.0,28.2287600082456,89.66901468757169,15.514200415733498,108.41067567973687,53.62997362509029
811,1505,62.0,1.0,28.2287600082456,89.66901468757169,15.514200415733498,108.41067567973687,53.62997362509029
811,1506,56.0,1.0,28.2287600082456,89.66901468757169,15.514200415733498,108.41067567973687,53.62997362509029
1032,1507,116.0,1.0,28.2287600082456,89.66901468757169,15.514200415733498,108.41067567973687,53.62997362509029
1032,1508,128.0,1.0,28.2287600082456,89.66901468757169,15.514200415733498,108.41067567973687,53.62997362509029
1046,1509,134.26209169921907,1.0,28.2287600082456,89.66901468757169,15.514200415733498,108.41067567973687,53.62997362509029
670,1513,104.0,1.0,28.2287600082456,89.66901468757169,15.514200415733498,108.41067567973687,53.62997362509029
670,1514,126.0,1.0,28.2287600082456,89.66901468757169,15.514200415733498,108.41067567973687,53.62997362509029
615,1515,148.0,1.0,28.2287600082456,89.66901468757169,15.514200415733498,108.41067567973687,53.62997362509029
615,1516,90.0,1.0,28.2287600082456,89.66901468757169,15.514200415733498,108.41067567973687,53.62997362509029
479,1517,118.0,1.0,28.2287600082456,89.66901468757169,15.514200415733498,108.41067567973687,53.62997362509029
479,1518,88.0,1.0,28.2287600082456,89.66901468757169,15.514200415733498,108.41067567973687,53.62997362509029
893,1520,64.0,1.0,28.2287600082456,89.66901468757169,15.514200415733498,108.41067567973687,53.62997362509029
1080,1521,106.0,1.0,28.2287600082456,89.66901468757169,15.514200415733498,108.41067567973687,53.62997362509029
1080,1522,100.0,1.0,28.2287600082456,89.66901468757169,15.514200415733498,108.41067567973687,53.62997362509029
949,1523,82.0,1.0,28.2287600082456,89.66901468757169,15.514200415733498,108.41067567973687,53.62997362509029
949,1524,108.0,1.0,28.2287600082456,89.66901468757169,15.514200415733498,108.41067567973687,53.62997362509029
841,1526,138.0,1.0,28.2287600082456,89.66901468757169,15.514200415733498,108.41067567973687,53.62997362509029
691,1527,116.0,1.0,28.2287600082456,89.66901468757169,15.514200415733498,108.41067567973687,53.62997362509029
691,1528,150.0,1.0,28.2287600082456,89.66901468757169,15.514200415733498,108.41067567973687,53.62997362509029
761,1530,124.0,1.0,28.2287600082456,89.66901468757169,15.514200415733498,108.41067567973687,53.62997362509029
928,1532,126.0,1.0,28.2287600082456,89.66901468757169,15.514200415733498,108.41067567973687,53.62997362509029
843,1533,70.0,1.0,28.2287600082456,89.66901468757169,15.514200415733498,108.41067567973687,53.62997362509029
843,1534,46.0,1.0,28.2287600082456,89.66901468757169,15.514200415733498,108.41067567973687,53.62997362509029
1038,1535,66.0,1.0,28.2287600082456,89.66901468757169,15.514200415733498,108.41067567973687,53.62997362509029
1038,1536,122.0,1.0,28.2287600082456,89.66901468757169,15.514200415733498,108.41067567973687,53.62997362509029
1052,1537,160.0,1.0,28.2287600082456,89.66901468757169,15.514200415733498,108.41067567973687,53.62997362509029
1052,1538,86.0,1.0,28.2287600082456,89.66901468757169,15.514200415733498,108.41067567973687,53.62997362509029
1076,1539,50.0,1.0,28.2287600082456,89.66901468757169,15.514200415733498,108.41067567973687,53.62997362509029
1076,1540,108.0,1.0,28.2287600082456,89.66901468757169,15.514200415733498,108.41067567973687,53.62997362509029
1090,1541,84.0,1.0,28.2287600082456,89.66901468757169,15.514200415733498,108.41067567973687,53.62997362509029
902,1543,45.45529595085246,1.0,28.2287600082456,89.66901468757169,15.514200415733498,108.41067567973687,53.62997362509029
902,1544,112.0,1.0,28.2287600082456,89.66901468757169,15.514200415733498,108.41067567973687,53.62997362509029
932,1545,56.0,1.0,28.2287600082456,89.66901468757169,15.514200415733498,108.41067567973687,53.62997362509029
932,1546,138.0,1.0,28.2287600082456,89.66901468757169,15.514200415733498,108.41067567973687,53.62997362509029
722,1548,100.0,1.0,28.2287600082456,89.66901468757169,15.514200415733498,108.41067567973687,53.62997362509029
886,1550,106.0,1.0,28.2287600082456,89.66901468757169,15.514200415733498,108.41067567973687,53.62997362509029
631,1551,80.0,1.0,28.2287600082456,89.66901468757169,15.514200415733498,108.41067567973687,53.62997362509029
631,1552,62.0,1.0,28.2287600082456,89.66901468757169,15.514200415733498,108.41067567973687,53.62997362509029
894,1553,86.0,1.0,28.2287600082456,89.66901468757169,15.514200415733498,108.41067567973687,53.62997362509029
894,1554,110.0,1.0,28.2287600082456,89.66901468757169,15.514200415733498,108.41067567973687,53.62997362509029
883,1557,36.0,1.0,28.2287600082456,89.66901468757169,15.514200415733498,108.41067567973687,53.62997362509029
883,1558,70.0,1.0,28.2287600082456,89.66901468757169,15.514200415733498,108.41067567973687,53.62997362509029
875,1560,144.0,1.0,28.2287600082456,89.66901468757169,15.514200415733498,108.41067567973687,53.62997362509029
994,1561,74.0,1.0,28.2287600082456,89.66901468757169,15.514200415733498,108.41067567973687,53.62997362509029
994,1562,124.0,1.0,28.2287600082456,89.66901468757169,15.514200415733498,108.41067567973687,53.62997362509029
1024,1563,116.0,1.0,28.2287600082456,89.66901468757169,15.514200415733498,108.41067567973687,53.62997362509029
1086,1565,54.0,1.0,28.2287600082456,89.66901468757169,15.514200415733498,108.41067567973687,53.62997362509029
1086,1566,74.0,1.0,28.2287600082456,89.66901468757169,15.514200415733498,108.41067567973687,53.62997362509029
907,1568,146.0,1.0,28.2287600082456,89.66901468757169,15.514200415733498,108.41067567973687,53.62997362509029
369,1569,60.43010259362607,1.0,28.2287600082456,89.66901468757169,15.514200415733498,108.41067567973687,53.62997362509029
369,1570,84.0,1.0,28.2287600082456,89.66901468757169,15.514200415733498,108.41067567973687,53.62997362509029
909,1571,114.0,1.0,28.2287600082456,89.66901468757169,15.514200415733498,108.41067567973687,53.62997362509029
909,1572,112.0,1.0,28.2287600082456,89.66901468757169,15.514200415733498,108.41067567973687,53.62997362509029
927,1573,108.0,1.0,28.2287600082456,89.66901468757169,15.514200415733498,108.41067567973687,53.62997362509029
927,1574,96.0,1.0,28.2287600082456,89.66901468757169,15.514200415733498,108.41067567973687,53.62997362509029
1216,1575,134.0,1.0,28.2287600082456,89.66901468757169,15.514200415733498,108.41067567973687,53.62997362509029
1216,1576,122.0,1.0,28.2287600082456,89.66901468757169,15.514200415733498,108.41067567973687,53.62997362509029
703,1578,76.0,1.0,28.2287600082456,89.66901468757169,15.514200415733498,108.41067567973687,53.62997362509029
521,1579,92.97066051569787,1.0,28.2287600082456,89.66901468757169,15.514200415733498,108.41067567973687,53.62997362509029
521,1580,102.0,1.0,28.2287600082456,89.66901468757169,15.514200415733498,108.41067567973687,53.62997362509029
710,1582,140.0,1.0,28.2287600082456,89.66901468757169,15.514200415733498,108.41067567973687,53.62997362509029
567,1583,166.0,1.0,28.2287600082456,89.66901468757169,15.514200415733498,108.41067567973687,53.62997362509029
567,1584,88.0,1.0,28.2287600082456,89.66901468757169,15.514200415733498,108.41067567973687,53.62997362509029
601,1585,82.0,1.0,28.2287600082456,89.66901468757169,15.514200415733498,108.41067567973687,53.62997362509029
1022,1587,76.0,1.0,28.2287600082456,89.66901468757169,15.514200415733498,108.41067567973687,53.62997362509029
1022,1588,114.0,1.0,28.2287600082456,89.66901468757169,15.514200415733498,108.41067567973687,53.62997362509029
1172,1589,162.0,1.0,28.2287600082456,89.66901468757169,15.514200415733498,108.41067567973687,53.62997362509029
1172,1590,74.0,1.0,28.2287600082456,89.66901468757169,15.514200415733498,108.41067567973687,53.62997362509029
399,1592,94.0,1.0,28.2287600082456,89.66901468757169,15.514200415733498,108.41067567973687,53.62997362509029
437,1593,174.0,1.0,28.2287600082456,89.66901468757169,15.514200415733498,108.41067567973687,53.62997362509029
437,1594,220.0,1.0,28.2287600082456,89.66901468757169,15.514200415733498,108.41067567973687,53.62997362509029
689,1595,82.0,1.0,28.2287600082456,89.66901468757169,15.514200415733498,108.41067567973687,53.62997362509029
689,1596,76.0,1.0,28.2287600082456,89.66901468757169,15.514200415733498,108.41067567973687,53.62997362509029
141,1597,82.0,1.0,28.2287600082456,89.66901468757169,15.514200415733498,108.41067567973687,53.62997362509029
141,1598,74.0,1.0,28.2287600082456,89.66901468757169,15.514200415733498,108.41067567973687,53.62997362509029
1042,1599,134.0,1.0,28.2287600082456,89.66901468757169,15.514200415733498,108.41067567973687,53.62997362509029
1042,1600,154.0,1.0,28.2287600082456,89.66901468757169,15.514200415733498,108.41067567973687,53.62997362509029
1168,1601,86.24877112628391,1.0,28.2287600082456,89.66901468757169,15.514200415733498,108.41067567973687,53.62997362509029
1168,1602,114.0,1.0,28.2287600082456,89.66901468757169,15.514200415733498,108.41067567973687,53.62997362509029
741,1603,112.0,1.0,28.2287600082456,89.66901468757169,15.514200415733498,108.41067567973687,53.62997362509029
741,1604,116.0,1.0,28.2287600082456,89.66901468757169,15.514200415733498,108.41067567973687,53.62997362509029
720,1605,130.0,1.0,28.2287600082456,89.66901468757169,15.514200415733498,108.41067567973687,53.62997362509029
720,1606,76.0,1.0,28.2287600082456,89.66901468757169,15.514200415733498,108.41067567973687,53.62997362509029
401,1607,144.0,1.0,28.2287600082456,89.66901468757169,15.514200415733498,108.41067567973687,53.62997362509029
401,1608,34.0,1.0,28.2287600082456,89.66901468757169,15.514200415733498,108.41067567973687,53.62997362509029
904,1609,76.0,1.0,28.2287600082456,89.66901468757169,15.514200415733498,108.41067567973687,53.62997362509029
904,1610,148.0,1.0,28.2287600082456,89.66901468757169,15.514200415733498,108.41067567973687,53.62997362509029
914,1611,147.95209746551853,1.0,28.2287600082456,89.66901468757169,15.514200415733498,108.41067567973687,53.62997362509029
914,1612,138.0,1.0,28.2287600082456,89.66901468757169,15.514200415733498,108.41067567973687,53.62997362509029
861,1614,138.0,1.0,28.2287600082456,89.66901468757169,15.514200415733498,108.41067567973687,53.62997362509029
997,1616,98.0,1.0,28.2287600082456,89.66901468757169,15.514200415733498,108.41067567973687,53.62997362509029
933,1618,148.0,1.0,28.2287600082456,89.66901468757169,15.514200415733498,108.41067567973687,53.62997362509029
941,1620,106.0,1.0,28.2287600082456,89.66901468757169,15.514200415733498,108.41067567973687,53.62997362509029
879,1621,160.0,1.0,28.2287600082456,89.66901468757169,15.514200415733498,108.41067567973687,53.62997362509029
879,1622,116.0,1.0,28.2287600082456,89.66901468757169,15.514200415733498,108.41067567973687,53.62997362509029
1288,1624,74.0,1.0,28.2287600082456,89.66901468757169,15.514200415733498,108.41067567973687,53.62997362509029
934,1626,124.0,1.0,28.2287600082456,89.66901468757169,15.514200415733498,108.41067567973687,53.62997362509029
1220,1627,102.0,1.0,28.2287600082456,89.66901468757169,15.514200415733498,108.41067567973687,53.62997362509029
1220,1628,122.0,1.0,28.2287600082456,89.66901468757169,15.514200415733498,108.41067567973687,53.62997362509029
556,1629,114.0,1.0,28.2287600082456,89.66901468757169,15.514200415733498,108.41067567973687,53.62997362509029
556,1630,52.0,1.0,28.2287600082456,89.66901468757169,15.514200415733498,108.41067567973687,53.62997362509029
920,1631,144.0,1.0,28.2287600082456,89.66901468757169,15.514200415733498,108.41067567973687,53.62997362509029
920,1632,66.0,1.0,28.2287600082456,89.66901468757169,15.514200415733498,108.41067567973687,53.62997362509029
944,1633,84.0,1.0,28.2287600082456,89.66901468757169,15.514200415733498,108.41067567973687,53.62997362509029
944,1634,82.0,1.0,28.2287600082456,89.66901468757169,15.514200415733498,108.41067567973687,53.62997362509029
1006,1636,66.0,1.0,28.2287600082456,89.66901468757169,15.514200415733498,108.41067567973687,53.62997362509029
359,1637,120.0,1.0,28.2287600082456,89.66901468757169,15.514200415733498,108.41067567973687,53.62997362509029
1030,1639,276.1186621832746,1.0,28.2287600082456,89.66901468757169,15.514200415733498,108.41067567973687,53.62997362509029
1030,1640,50.0,1.0,28.2287600082456,89.66901468757169,15.514200415733498,108.41067567973687,53.62997362509029
677,1641,128.0,1.0,28.2287600082456,89.66901468757169,15.514200415733498,108.41067567973687,53.62997362509029
677,1642,128.0,1.0,28.2287600082456,89.66901468757169,15.514200415733498,108.41067567973687,53.62997362509029
1045,1644,110.0,1.0,28.2287600082456,89.66901468757169,15.514200415733498,108.41067567973687,53.62997362509029
768,1648,64.0,1.0,28.2287600082456,89.66901468757169,15.514200415733498,108.41067567973687,53.62997362509029
824,1649,128.0,1.0,28.2287600082456,89.66901468757169,15.514200415733498,108.41067567973687,53.62997362509029
824,1650,94.0,1.0,28.2287600082456,89.66901468757169,15.514200415733498,108.41067567973687,53.62997362509029
972,1651,138.0,1.0,28.2287600082456,89.66901468757169,15.514200415733498,108.41067567973687,53.62997362509029
972,1652,116.0,1.0,28.2287600082456,89.66901468757169,15.514200415733498,108.41067567973687,53.62997362509029
847,1653,148.0,1.0,28.2287600082456,89.66901468757169,15.514200415733498,108.41067567973687,53.62997362509029
847,1654,70.0,1.0,28.2287600082456,89.66901468757169,15.514200415733498,108.41067567973687,53.62997362509029
865,1655,38.0,1.0,28.2287600082456,89.66901468757169,15.514200415733498,108.41067567973687,53.62997362509029
865,1656,108.0,1.0,28.2287600082456,89.66901468757169,15.514200415733498,108.41067567973687,53.62997362509029
937,1657,94.0,1.0,28.2287600082456,89.66901468757169,15.514200415733498,108.41067567973687,53.62997362509029
937,1658,96.0,1.0,28.2287600082456,89.66901468757169,15.514200415733498,108.41067567973687,53.62997362509029
1102,1659,128.0,1.0,28.2287600082456,89.66901468757169,15.514200415733498,108.41067567973687,53.62997362509029
1102,1660,138.0,1.0,28.2287600082456,89.66901468757169,15.514200415733498,108.41067567973687,53.62997362509029
1107,1661,126.0,1.0,28.2287600082456,89.66901468757169,15.514200415733498,108.41067567973687,53.62997362509029
1107,1662,92.0,1.0,28.2287600082456,89.66901468757169,15.514200415733498,108.41067567973687,53.62997362509029
1318,1663,170.0,1.0,28.2287600082456,89.66901468757169,15.514200415733498,108.41067567973687,53.62997362509029
1318,1664,110.0,1.0,28.2287600082456,89.66901468757169,15.514200415733498,108.41067567973687,53.62997362509029
1221,1665,138.0,1.0,28.2287600082456,89.66901468757169,15.514200415733498,108.41067567973687,53.62997362509029
1221,1666,108.0,1.0,28.2287600082456,89.66901468757169,15.514200415733498,108.41067567973687,53.62997362509029
623,1667,68.0,1.0,28.2287600082456,89.66901468757169,15.514200415733498,108.41067567973687,53.62997362509029
623,1668,62.0,1.0,28.2287600082456,89.66901468757169,15.514200415733498,108.41067567973687,53.62997362509029
591,1669,102.0,1.0,28.2287600082456,89.66901468757169,15.514200415733498,108.41067567973687,53.62997362509029
591,1670,98.0,1.0,28.2287600082456,89.66901468757169,15.514200415733498,108.41067567973687,53.62997362509029
719,1671,155.01222189449132,1.0,28.2287600082456,89.66901468757169,15.514200415733498,108.41067567973687,53.62997362509029
719,1672,192.0,1.0,28.2287600082456,89.66901468757169,15.514200415733498,108.41067567973687,53.62997362509029
913,1674,102.0,1.0,28.2287600082456,89.66901468757169,15.514200415733498,108.41067567973687,53.62997362509029
1040,1675,164.0,1.0,28.2287600082456,89.66901468757169,15.514200415733498,108.41067567973687,53.62997362509029
1040,1676,132.0,1.0,28.2287600082456,89.66901468757169,15.514200415733498,108.41067567973687,53.62997362509029
1248,1677,60.0,1.0,28.2287600082456,89.66901468757169,15.514200415733498,108.41067567973687,53.62997362509029
1248,1678,110.0,1.0,28.2287600082456,89.66901468757169,15.514200415733498,108.41067567973687,53.62997362509029
1161,1679,128.0,1.0,28.2287600082456,89.66901468757169,15.514200415733498,108.41067567973687,53.62997362509029
1161,1680,64.0,1.0,28.2287600082456,89.66901468757169,15.514200415733498,108.41067567973687,53.62997362509029
1344,1682,122.0,1.0,28.2287600082456,89.66901468757169,15.514200415733498,108.41067567973687,53.62997362509029
1155,1683,126.0,1.0,28.2287600082456,89.66901468757169,15.514200415733498,108.41067567973687,53.62997362509029
1155,1684,60.0,1.0,28.2287600082456,89.66901468757169,15.514200415733498,108.41067567973687,53.62997362509029
832,1686,120.0,1.0,28.2287600082456,89.66901468757169,15.514200415733498,108.41067567973687,53.62997362509029
948,1687,176.0,1.0,28.2287600082456,89.66901468757169,15.514200415733498,108.41067567973687,53.62997362509029
948,1688,146.0,1.0,28.2287600082456,89.66901468757169,15.514200415733498,108.41067567973687,53.62997362509029
962,1689,124.0,1.0,28.2287600082456,89.66901468757169,15.514200415733498,108.41067567973687,53.62997362509029
962,1690,88.0,1.0,28.2287600082456,89.66901468757169,15.514200415733498,108.41067567973687,53.62997362509029
998,1691,118.0,1.0,28.2287600082456,89.66901468757169,15.514200415733498,108.41067567973687,53.62997362509029
998,1692,104.0,1.0,28.2287600082456,89.66901468757169,15.514200415733498,108.41067567973687,53.62997362509029
669,1693,148.0,1.0,28.2287600082456,89.66901468757169,15.514200415733498,108.41067567973687,53.62997362509029
669,1694,102.0,1.0,28.2287600082456,89.66901468757169,15.514200415733498,108.41067567973687,53.62997362509029
1122,1697,108.0,1.0,28.2287600082456,89.66901468757169,15.514200415733498,108.41067567973687,53.62997362509029
1122,1698,112.0,1.0,28.2287600082456,89.66901468757169,15.514200415733498,108.41067567973687,53.62997362509029
853,1699,62.0,1.0,28.2287600082456,89.66901468757169,15.514200415733498,108.41067567973687,53.62997362509029
853,1700,148.0,1.0,28.2287600082456,89.66901468757169,15.514200415733498,108.41067567973687,53.62997362509029
961,1701,140.0,1.0,28.2287600082456,89.66901468757169,15.514200415733498,108.41067567973687,53.62997362509029
961,1702,84.0,1.0,28.2287600082456,89.66901468757169,15.514200415733498,108.41067567973687,53.62997362509029
708,1703,106.0,1.0,28.2287600082456,89.66901468757169,15.514200415733498,108.41067567973687,53.62997362509029
708,1704,74.0,1.0,28.2287600082456,89.66901468757169,15.514200415733498,108.41067567973687,53.62997362509029
419,1705,78.0,1.0,28.2287600082456,89.66901468757169,15.514200415733498,108.41067567973687,53.62997362509029
419,1706,94.0,1.0,28.2287600082456,89.66901468757169,15.514200415733498,108.41067567973687,53.62997362509029
635,1707,70.0,1.0,28.2287600082456,89.66901468757169,15.514200415733498,108.41067567973687,53.62997362509029
635,1708,44.0,1.0,28.2287600082456,89.66901468757169,15.514200415733498,108.41067567973687,53.62997362509029
341,1710,6.0,1.0,28.2287600082456,89.66901468757169,15.514200415733498,108.41067567973687,53.62997362509029
912,1711,116.0,1.0,28.2287600082456,89.66901468757169,15.514200415733498,108.41067567973687,53.62997362509029
912,1712,112.0,1.0,28.2287600082456,89.66901468757169,15.514200415733498,108.41067567973687,53.62997362509029
926,1713,150.95870688702726,1.0,28.2287600082456,89.66901468757169,15.514200415733498,108.41067567973687,53.62997362509029
926,1714,90.0,1.0,28.2287600082456,89.66901468757169,15.514200415733498,108.41067567973687,53.62997362509029
1000,1715,88.0,1.0,28.2287600082456,89.66901468757169,15.514200415733498,108.41067567973687,53.62997362509029
1000,1716,92.0,1.0,28.2287600082456,89.66901468757169,15.514200415733498,108.41067567973687,53.62997362509029
1020,1718,80.0,1.0,28.2287600082456,89.66901468757169,15.514200415733498,108.41067567973687,53.62997362509029
1055,1719,102.0,1.0,28.2287600082456,89.66901468757169,15.514200415733498,108.41067567973687,53.62997362509029
1055,1720,100.0,1.0,28.2287600082456,89.66901468757169,15.514200415733498,108.41067567973687,53.62997362509029
585,1722,146.0,1.0,28.2287600082456,89.66901468757169,15.514200415733498,108.41067567973687,53.62997362509029
985,1723,70.0,1.0,28.2287600082456,89.66901468757169,15.514200415733498,108.41067567973687,53.62997362509029
985,1724,110.0,1.0,28.2287600082456,89.66901468757169,15.514200415733498,108.41067567973687,53.62997362509029
1162,1725,106.0,1.0,28.2287600082456,89.66901468757169,15.514200415733498,108.41067567973687,53.62997362509029
1162,1726,102.0,1.0,28.2287600082456,89.66901468757169,15.514200415733498,108.41067567973687,53.62997362509029
1374,1728,70.0,1.0,28.2287600082456,89.66901468757169,15.514200415733498,108.41067567973687,53.62997362509029
806,1729,95.30560412814006,1.0,28.2287600082456,89.66901468757169,15.514200415733498,108.41067567973687,53.62997362509029
806,1730,90.0,1.0,28.2287600082456,89.66901468757169,15.514200415733498,108.41067567973687,53.62997362509029
645,1733,138.0,1.0,28.2287600082456,89.66901468757169,15.514200415733498,108.41067567973687,53.62997362509029
645,1734,78.0,1.0,28.2287600082456,89.66901468757169,15.514200415733498,108.41067567973687,53.62997362509029
1181,1735,57.22125280655027,1.0,28.2287600082456,89.66901468757169,15.514200415733498,108.41067567973687,53.62997362509029
1181,1736,144.0,1.0,28.2287600082456,89.66901468757169,15.514200415733498,108.41067567973687,53.62997362509029
1290,1737,102.0,1.0,28.2287600082456,89.66901468757169,15.514200415733498,108.41067567973687,53.62997362509029
1290,1738,110.0,1.0,28.2287600082456,89.66901468757169,15.514200415733498,108.41067567973687,53.62997362509029
695,1739,112.28734045375154,1.0,28.2287600082456,89.66901468757169,15.514200415733498,108.41067567973687,53.62997362509029
695,1740,110.0,1.0,28.2287600082456,89.66901468757169,15.514200415733498,108.41067567973687,53.62997362509029
900,1741,100.0,1.0,28.2287600082456,89.66901468757169,15.514200415733498,108.41067567973687,53.62997362509029
900,1742,130.0,1.0,28.2287600082456,89.66901468757169,15.514200415733498,108.41067567973687,53.62997362509029
667,1743,64.0,1.0,28.2287600082456,89.66901468757169,15.514200415733498,108.41067567973687,53.62997362509029
667,1744,110.0,1.0,28.2287600082456,89.66901468757169,15.514200415733498,108.41067567973687,53.62997362509029
938,1745,76.0,1.0,28.2287600082456,89.66901468757169,15.514200415733498,108.41067567973687,53.62997362509029
938,1746,166.0,1.0,28.2287600082456,89.66901468757169,15.514200415733498,108.41067567973687,53.62997362509029
996,1747,120.0,1.0,28.2287600082456,89.66901468757169,15.514200415733498,108.41067567973687,53.62997362509029
996,1748,122.0,1.0,28.2287600082456,89.66901468757169,15.514200415733498,108.41067567973687,53.62997362509029
747,1749,126.0,1.0,28.2287600082456,89.66901468757169,15.514200415733498,108.41067567973687,53.62997362509029
747,1750,80.0,1.0,28.2287600082456,89.66901468757169,15.514200415733498,108.41067567973687,53.62997362509029
1082,1751,104.0,1.0,28.2287600082456,89.66901468757169,15.514200415733498,108.41067567973687,53.62997362509029
1082,1752,134.0,1.0,28.2287600082456,89.66901468757169,15.514200415733498,108.41067567973687,53.62997362509029
983,1754,114.0,1.0,28.2287600082456,89.66901468757169,15.514200415733498,108.41067567973687,53.62997362509029
1184,1755,86.0,1.0,28.2287600082456,89.66901468757169,15.514200415733498,108.41067567973687,53.62997362509029
1184,1756,54.0,1.0,28.2287600082456,89.66901468757169,15.514200415733498,108.41067567973687,53.62997362509029
1282,1758,172.0,1.0,28.2287600082456,89.66901468757169,15.514200415733498,108.41067567973687,53.62997362509029
922,1759,84.0,1.0,28.2287600082456,89.66901468757169,15.514200415733498,108.41067567973687,53.62997362509029
922,1760,80.0,1.0,28.2287600082456,89.66901468757169,15.514200415733498,108.41067567973687,53.62997362509029
1034,1761,74.0,1.0,28.2287600082456,89.66901468757169,15.514200415733498,108.41067567973687,53.62997362509029
1034,1762,144.0,1.0,28.2287600082456,89.66901468757169,15.514200415733498,108.41067567973687,53.62997362509029
1066,1763,88.0,1.0,28.2287600082456,89.66901468757169,15.514200415733498,108.41067567973687,53.62997362509029
1066,1764,134.0,1.0,28.2287600082456,89.66901468757169,15.514200415733498,108.41067567973687,53.62997362509029
1186,1766,106.0,1.0,28.2287600082456,89.66901468757169,15.514200415733498,108.41067567973687,53.62997362509029
673,1767,86.0,1.0,28.2287600082456,89.66901468757169,15.514200415733498,108.41067567973687,53.62997362509029
673,1768,148.0,1.0,28.2287600082456,89.66901468757169,15.514200415733498,108.41067567973687,53.62997362509029
991,1770,72.0,1.0,28.2287600082456,89.66901468757169,15.514200415733498,108.41067567973687,53.62997362509029
1434,1771,130.0,1.0,28.2287600082456,89.66901468757169,15.514200415733498,108.41067567973687,53.62997362509029
1434,1772,78.0,1.0,28.2287600082456,89.66901468757169,15.514200415733498,108.41067567973687,53.62997362509029
1710,1774,90.0,1.0,28.2287600082456,89.66901468757169,15.514200415733498,108.41067567973687,53.62997362509029
1018,1778,138.0,1.0,28.2287600082456,89.66901468757169,15.514200415733498,108.41067567973687,53.62997362509029
1072,1779,179.29980792237387,1.0,28.2287600082456,89.66901468757169,15.514200415733498,108.41067567973687,53.62997362509029
1072,1780,126.0,1.0,28.2287600082456,89.66901468757169,15.514200415733498,108.41067567973687,53.62997362509029
857,1781,72.0,1.0,28.2287600082456,89.66901468757169,15.514200415733498,108.41067567973687,53.62997362509029
857,1782,76.0,1.0,28.2287600082456,89.66901468757169,15.514200415733498,108.41067567973687,53.62997362509029
881,1783,120.0,1.0,28.2287600082456,89.66901468757169,15.514200415733498,108.41067567973687,53.62997362509029
881,1784,100.0,1.0,28.2287600082456,89.66901468757169,15.514200415733498,108.41067567973687,53.62997362509029
1244,1785,80.0,1.0,28.2287600082456,89.66901468757169,15.514200415733498,108.41067567973687,53.62997362509029
1244,1786,82.0,1.0,28.2287600082456,89.66901468757169,15.514200415733498,108.41067567973687,53.62997362509029
1354,1787,74.0,1.0,28.2287600082456,89.66901468757169,15.514200415733498,108.41067567973687,53.62997362509029
1354,1788,118.0,1.0,28.2287600082456,89.66901468757169,15.514200415733498,108.41067567973687,53.62997362509029
1380,1789,88.0,1.0,28.2287600082456,89.66901468757169,15.514200415733498,108.41067567973687,53.62997362509029
1380,1790,74.0,1.0,28.2287600082456,89.66901468757169,15.514200415733498,108.41067567973687,53.62997362509029
943,1791,138.0,1.0,28.2287600082456,89.66901468757169,15.514200415733498,108.41067567973687,53.62997362509029
681,1793,138.0,1.0,28.2287600082456,89.66901468757169,15.514200415733498,108.41067567973687,53.62997362509029
681,1794,130.0,1.0,28.2287600082456,89.66901468757169,15.514200415733498,108.41067567973687,53.62997362509029
992,1795,136.0,1.0,28.2287600082456,89.66901468757169,15.514200415733498,108.41067567973687,53.62997362509029
992,1796,82.0,1.0,28.2287600082456,89.66901468757169,15.514200415733498,108.41067567973687,53.62997362509029
1074,1797,172.0,1.0,28.2287600082456,89.66901468757169,15.514200415733498,108.41067567973687,53.62997362509029
1074,1798,74.0,1.0,28.2287600082456,89.66901468757169,15.514200415733498,108.41067567973687,53.62997362509029
1092,1800,82.0,1.0,28.2287600082456,89.66901468757169,15.514200415733498,108.41067567973687,53.62997362509029
1121,1801,102.0,1.0,28.2287600082456,89.66901468757169,15.514200415733498,108.41067567973687,53.62997362509029
1121,1802,106.0,1.0,28.2287600082456,89.66901468757169,15.514200415733498,108.41067567973687,53.62997362509029
657,1803,102.0,1.0,28.2287600082456,89.66901468757169,15.514200415733498,108.41067567973687,53.62997362509029
657,1804,150.0,1.0,28.2287600082456,89.66901468757169,15.514200415733498,108.41067567973687,53.62997362509029
497,1805,102.0,1.0,28.2287600082456,89.66901468757169,15.514200415733498,108.41067567973687,53.62997362509029
497,1806,112.0,1.0,28.2287600082456,89.66901468757169,15.514200415733498,108.41067567973687,53.62997362509029
1019,1807,145.44170420238783,1.0,28.2287600082456,89.66901468757169,15.514200415733498,108.41067567973687,53.62997362509029
1019,1808,12.0,1.0,28.2287600082456,89.66901468757169,15.514200415733498,108.41067567973687,53.62997362509029
1317,1809,158.0,1.0,28.2287600082456,89.66901468757169,15.514200415733498,108.41067567973687,53.62997362509029
1317,1810,92.0,1.0,28.2287600082456,89.66901468757169,15.514200415733498,108.41067567973687,53.62997362509029
870,1811,84.0,1.0,28.2287600082456,89.66901468757169,15.514200415733498,108.41067567973687,53.62997362509029
870,1812,138.0,1.0,28.2287600082456,89.66901468757169,15.514200415733498,108.41067567973687,53.62997362509029
890,1814,132.0,1.0,28.2287600082456,89.66901468757169,15.514200415733498,108.41067567973687,53.62997362509029
1012,1816,80.0,1.0,28.2287600082456,89.66901468757169,15.514200415733498,108.41067567973687,53.62997362509029
1016,1818,146.0,1.0,28.2287600082456,89.66901468757169,15.514200415733498,108.41067567973687,53.62997362509029
1062,1819,106.0,1.0,28.2287600082456,89.66901468757169,15.514200415733498,108.41067567973687,53.62997362509029
1062,1820,188.0,1.0,28.2287600082456,89.66901468757169,15.514200415733498,108.41067567973687,53.62997362509029
1098,1822,88.0,1.0,28.2287600082456,89.66901468757169,15.514200415733498,108.41067567973687,53.62997362509029
1106,1823,110.0,1.0,28.2287600082456,89.66901468757169,15.514200415733498,108.41067567973687,53.62997362509029
1106,1824,100.0,1.0,28.2287600082456,89.66901468757169,15.514200415733498,108.41067567973687,53.62997362509029
293,1826,72.0,1.0,28.2287600082456,89.66901468757169,15.514200415733498,108.41067567973687,53.62997362509029
1170,1828,88.0,1.0,28.2287600082456,89.66901468757169,15.514200415733498,108.41067567973687,53.62997362509029
911,1829,150.0,1.0,28.2287600082456,89.66901468757169,15.514200415733498,108.41067567973687,53.62997362509029
911,1830,104.0,1.0,28.2287600082456,89.66901468757169,15.514200415733498,108.41067567973687,53.62997362509029
1342,1831,88.0,1.0,28.2287600082456,89.66901468757169,15.514200415733498,108.41067567973687,53.62997362509029
1362,1833,92.0,1.0,28.2287600082456,89.66901468757169,15.514200415733498,108.41067567973687,53.62997362509029
1362,1834,114.0,1.0,28.2287600082456,89.66901468757169,15.514200415733498,108.41067567973687,53.62997362509029
1412,1835,52.0,1.0,28.2287600082456,89.66901468757169,15.514200415733498,108.41067567973687,53.62997362509029
1120,1837,40.0,1.0,28.2287600082456,89.66901468757169,15.514200415733498,108.41067567973687,53.62997362509029
1120,1838,102.0,1.0,28.2287600082456,89.66901468757169,15.514200415733498,108.41067567973687,53.62997362509029
1192,1839,98.0,1.0,28.2287600082456,89.66901468757169,15.514200415733498,108.41067567973687,53.62997362509029
1192,1840,78.0,1.0,28.2287600082456,89.66901468757169,15.514200415733498,108.41067567973687,53.62997362509029
775,1842,182.0,1.0,28.2287600082456,89.66901468757169,15.514200415733498,108.41067567973687,53.62997362509029
1232,1844,84.0,1.0,28.2287600082456,89.66901468757169,15.514200415733498,108.41067567973687,53.62997362509029
1167,1846,44.0,1.0,28.2287600082456,89.66901468757169,15.514200415733498,108.41067567973687,53.62997362509029
852,1848,122.0,1.0,28.2287600082456,89.66901468757169,15.514200415733498,108.41067567973687,53.62997362509029
1096,1850,58.0,1.0,28.2287600082456,89.66901468757169,15.514200415733498,108.41067567973687,53.62997362509029
451,1851,110.0,1.0,28.2287600082456,89.66901468757169,15.514200415733498,108.41067567973687,53.62997362509029
451,1852,128.0,1.0,28.2287600082456,89.66901468757169,15.514200415733498,108.41067567973687,53.62997362509029
939,1853,58.0,1.0,28.2287600082456,89.66901468757169,15.514200415733498,108.41067567973687,53.62997362509029
939,1854,78.0,1.0,28.2287600082456,89.66901468757169,15.514200415733498,108.41067567973687,53.62997362509029
1152,1855,126.0,1.0,28.2287600082456,89.66901468757169,15.514200415733498,108.41067567973687,53.62997362509029
845,1857,106.0,1.0,28.2287600082456,89.66901468757169,15.514200415733498,108.41067567973687,53.62997362509029
845,1858,82.0,1.0,28.2287600082456,89.66901468757169,15.514200415733498,108.41067567973687,53.62997362509029
1222,1859,116.0,1.0,28.2287600082456,89.66901468757169,15.514200415733498,108.41067567973687,53.62997362509029
1222,1860,176.0,1.0,28.2287600082456,89.66901468757169,15.514200415733498,108.41067567973687,53.62997362509029
1242,1861,108.0,1.0,28.2287600082456,89.66901468757169,15.514200415733498,108.41067567973687,53.62997362509029
1242,1862,128.0,1.0,28.2287600082456,89.66901468757169,15.514200415733498,108.41067567973687,53.62997362509029
1304,1864,86.0,1.0,28.2287600082456,89.66901468757169,15.514200415733498,108.41067567973687,53.62997362509029
1474,1866,112.0,1.0,28.2287600082456,89.66901468757169,15.514200415733498,108.41067567973687,53.62997362509029
1088,1868,110.0,1.0,28.2287600082456,89.66901468757169,15.514200415733498,108.41067567973687,53.62997362509029
1324,1871,110.0,1.0,28.2287600082456,89.66901468757169,15.514200415733498,108.41067567973687,53.62997362509029
1324,1872,92.0,1.0,28.2287600082456,89.66901468757169,15.514200415733498,108.41067567973687,53.62997362509029
905,1874,106.0,1.0,28.2287600082456,89.66901468757169,15.514200415733498,108.41067567973687,53.62997362509029
1376,1875,72.0,1.0,28.2287600082456,89.66901468757169,15.514200415733498,108.41067567973687,53.62997362509029
1376,1876,60.0,1.0,28.2287600082456,89.66901468757169,15.514200415733498,108.41067567973687,53.62997362509029
896,1878,72.0,1.0,28.2287600082456,89.66901468757169,15.514200415733498,108.41067567973687,53.62997362509029
1026,1879,120.0,1.0,28.2287600082456,89.66901468757169,15.514200415733498,108.41067567973687,53.62997362509029
1026,1880,128.0,1.0,28.2287600082456,89.66901468757169,15.514200415733498,108.41067567973687,53.62997362509029
1093,1881,124.0,1.0,28.2287600082456,89.66901468757169,15.514200415733498,108.41067567973687,53.62997362509029
1142,1883,60.0,1.0,28.2287600082456,89.66901468757169,15.514200415733498,108.41067567973687,53.62997362509029
1142,1884,100.0,1.0,28.2287600082456,89.66901468757169,15.514200415733498,108.41067567973687,53.62997362509029
873,1885,60.0,1.0,28.2287600082456,89.66901468757169,15.514200415733498,108.41067567973687,53.62997362509029
873,1886,82.0,1.0,28.2287600082456,89.66901468757169,15.514200415733498,108.41067567973687,53.62997362509029
829,1887,120.0,1.0,28.2287600082456,89.66901468757169,15.514200415733498,108.41067567973687,53.62997362509029
829,1888,152.0,1.0,28.2287600082456,89.66901468757169,15.514200415733498,108.41067567973687,53.62997362509029
1272,1889,142.0,1.0,28.2287600082456,89.66901468757169,15.514200415733498,108.41067567973687,53.62997362509029
1272,1890,70.0,1.0,28.2287600082456,89.66901468757169,15.514200415733498,108.41067567973687,53.62997362509029
1286,1891,102.0,1.0,28.2287600082456,89.66901468757169,15.514200415733498,108.41067567973687,53.62997362509029
1286,1892,116.0,1.0,28.2287600082456,89.66901468757169,15.514200415733498,108.41067567973687,53.62997362509029
1321,1893,80.0,1.0,28.2287600082456,89.66901468757169,15.514200415733498,108.41067567973687,53.62997362509029
1321,1894,64.0,1.0,28.2287600082456,89.66901468757169,15.514200415733498,108.41067567973687,53.62997362509029
777,1897,100.0,1.0,28.2287600082456,89.66901468757169,15.514200415733498,108.41067567973687,53.62997362509029
777,1898,48.0,1.0,28.2287600082456,89.66901468757169,15.514200415733498,108.41067567973687,53.62997362509029
409,1899,72.0,1.0,28.2287600082456,89.66901468757169,15.514200415733498,108.41067567973687,53.62997362509029
409,1900,174.0,1.0,28.2287600082456,89.66901468757169,15.514200415733498,108.41067567973687,53.62997362509029
916,1901,70.18904771079517,1.0,28.2287600082456,89.66901468757169,15.514200415733498,108.41067567973687,53.62997362509029
916,1902,106.0,1.0,28.2287600082456,89.66901468757169,15.514200415733498,108.41067567973687,53.62997362509029
964,1903,80.0,1.0,28.2287600082456,89.66901468757169,15.514200415733498,108.41067567973687,53.62997362509029
964,1904,166.0,1.0,28.2287600082456,89.66901468757169,15.514200415733498,108.41067567973687,53.62997362509029
289,1905,96.0,1.0,28.2287600082456,89.66901468757169,15.514200415733498,108.41067567973687,53.62997362509029
289,1906,116.0,1.0,28.2287600082456,89.66901468757169,15.514200415733498,108.41067567973687,53.62997362509029
1254,1907,44.3995303140227,1.0,28.2287600082456,89.66901468757169,15.514200415733498,108.41067567973687,53.62997362509029
1254,1908,140.0,1.0,28.2287600082456,89.66901468757169,15.514200415733498,108.41067567973687,53.62997362509029
1358,1909,58.0,1.0,28.2287600082456,89.66901468757169,15.514200415733498,108.41067567973687,53.62997362509029
1358,1910,100.0,1.0,28.2287600082456,89.66901468757169,15.514200415733498,108.41067567973687,53.62997362509029
1608,1912,174.0,1.0,28.2287600082456,89.66901468757169,15.514200415733498,108.41067567973687,53.62997362509029
1808,1914,78.0,1.0,28.2287600082456,89.66901468757169,15.514200415733498,108.41067567973687,53.62997362509029
495,1915,38.27692115087191,1.0,28.2287600082456,89.66901468757169,15.514200415733498,108.41067567973687,53.62997362509029
495,1916,134.0,1.0,28.2287600082456,89.66901468757169,15.514200415733498,108.41067567973687,53.62997362509029
980,1918,112.0,1.0,28.2287600082456,89.66901468757169,15.514200415733498,108.41067567973687,53.62997362509029
1054,1919,102.0,1.0,28.2287600082456,89.66901468757169,15.514200415733498,108.41067567973687,53.62997362509029
1054,1920,98.0,1.0,28.2287600082456,89.66901468757169,15.514200415733498,108.41067567973687,53.62997362509029
971,1921,112.0,1.0,28.2287600082456,89.66901468757169,15.514200415733498,108.41067567973687,53.62997362509029
971,1922,118.0,1.0,28.2287600082456,89.66901468757169,15.514200415733498,108.41067567973687,53.62997362509029
795,1924,106.0,1.0,28.2287600082456,89.66901468757169,15.514200415733498,108.41067567973687,53.62997362509029
1200,1925,126.0,1.0,28.2287600082456,89.66901468757169,15.514200415733498,108.41067567973687,53.62997362509029
1200,1926,92.0,1.0,28.2287600082456,89.66901468757169,15.514200415733498,108.41067567973687,53.62997362509029
1230,1927,94.0,1.0,28.2287600082456,89.66901468757169,15.514200415733498,108.41067567973687,53.62997362509029
405,1929,148.0,1.0,28.2287600082456,89.66901468757169,15.514200415733498,108.41067567973687,53.62997362509029
405,1930,124.0,1.0,28.2287600082456,89.66901468757169,15.514200415733498,108.41067567973687,53.62997362509029
1320,1932,150.0,1.0,28.2287600082456,89.66901468757169,15.514200415733498,108.41067567973687,53.62997362509029
1293,1933,86.0,1.0,28.2287600082456,89.66901468757169,15.514200415733498,108.41067567973687,53.62997362509029
1293,1934,82.0,1.0,28.2287600082456,89.66901468757169,15.514200415733498,108.41067567973687,53.62997362509029
1338,1935,124.0,1.0,28.2287600082456,89.66901468757169,15.514200415733498,108.41067567973687,53.62997362509029
1338,1936,102.0,1.0,28.2287600082456,89.66901468757169,15.514200415733498,108.41067567973687,53.62997362509029
1400,1937,120.0,1.0,28.2287600082456,89.66901468757169,15.514200415733498,108.41067567973687,53.62997362509029
1400,1938,56.0,1.0,28.2287600082456,89.66901468757169,15.514200415733498,108.41067567973687,53.62997362509029
1480,1939,98.0,1.0,28.2287600082456,89.66901468757169,15.514200415733498,108.41067567973687,53.62997362509029
1480,1940,96.0,1.0,28.2287600082456,89.66901468757169,15.514200415733498,108.41067567973687,53.62997362509029
1534,1941,70.0,1.0,28.2287600082456,89.66901468757169,15.514200415733498,108.41067567973687,53.62997362509029
1534,1942,88.0,1.0,28.2287600082456,89.66901468757169,15.514200415733498,108.41067567973687,53.62997362509029
834,1944,98.0,1.0,28.2287600082456,89.66901468757169,15.514200415733498,108.41067567973687,53.62997362509029
976,1945,94.0,1.0,28.2287600082456,89.66901468757169,15.514200415733498,108.41067567973687,53.62997362509029
976,1946,64.0,1.0,28.2287600082456,89.66901468757169,15.514200415733498,108.41067567973687,53.62997362509029
1068,1948,94.0,1.0,28.2287600082456,89.66901468757169,15.514200415733498,108.41067567973687,53.62997362509029
1237,1951,110.0,1.0,28.2287600082456,89.66901468757169,15.514200415733498,108.41067567973687,53.62997362509029
1237,1952,104.0,1.0,28.2287600082456,89.66901468757169,15.514200415733498,108.41067567973687,53.62997362509029
1305,1953,154.0,1.0,28.2287600082456,89.66901468757169,15.514200415733498,108.41067567973687,53.62997362509029
1305,1954,144.0,1.0,28.2287600082456,89.66901468757169,15.514200415733498,108.41067567973687,53.62997362509029
397,1956,92.0,1.0,28.2287600082456,89.66901468757169,15.514200415733498,108.41067567973687,53.62997362509029
595,1957,66.0,1.0,28.2287600082456,89.66901468757169,15.514200415733498,108.41067567973687,53.62997362509029
1028,1961,134.0,1.0,28.2287600082456,89.66901468757169,15.514200415733498,108.41067567973687,53.62997362509029
1028,1962,46.0,1.0,28.2287600082456,89.66901468757169,15.514200415733498,108.41067567973687,53.62997362509029
1196,1965,80.0,1.0,28.2287600082456,89.66901468757169,15.514200415733498,108.41067567973687,53.62997362509029
1196,1966,172.0,1.0,28.2287600082456,89.66901468757169,15.514200415733498,108.41067567973687,53.62997362509029
1227,1968,98.0,1.0,28.2287600082456,89.66901468757169,15.514200415733498,108.41067567973687,53.62997362509029
1298,1969,78.0,1.0,28.2287600082456,89.66901468757169,15.514200415733498,108.41067567973687,53.62997362509029
1298,1970,112.0,1.0,28.2287600082456,89.66901468757169,15.514200415733498,108.41067567973687,53.62997362509029
1126,1974,74.0,1.0,28.2287600082456,89.66901468757169,15.514200415733498,108.41067567973687,53.62997362509029
1130,1976,124.0,1.0,28.2287600082456,89.66901468757169,15.514200415733498,108.41067567973687,53.62997362509029
257,1977,168.0,1.0,28.2287600082456,89.66901468757169,15.514200415733498,108.41067567973687,53.62997362509029
257,1978,72.0,1.0,28.2287600082456,89.66901468757169,15.514200415733498,108.41067567973687,53.62997362509029
1224,1979,154.0,1.0,28.2287600082456,89.66901468757169,15.514200415733498,108.41067567973687,53.62997362509029
1224,1980,68.0,1.0,28.2287600082456,89.66901468757169,15.514200415733498,108.41067567973687,53.62997362509029
1312,1981,166.0,1.0,28.2287600082456,89.66901468757169,15.514200415733498,108.41067567973687,53.62997362509029
1312,1982,170.0,1.0,28.2287600082456,89.66901468757169,15.514200415733498,108.41067567973687,53.62997362509029
1328,1983,128.0,1.0,28.2287600082456,89.66901468757169,15.514200415733498,108.41067567973687,53.62997362509029
1332,1985,154.0,1.0,28.2287600082456,89.66901468757169,15.514200415733498,108.41067567973687,53.62997362509029
1332,1986,106.0,1.0,28.2287600082456,89.66901468757169,15.514200415733498,108.41067567973687,53.62997362509029
1506,1987,48.0,1.0,28.2287600082456,89.66901468757169,15.514200415733498,108.41067567973687,53.62997362509029
1506,1988,112.0,1.0,28.2287600082456,89.66901468757169,15.514200415733498,108.41067567973687,53.62997362509029
379,1989,110.0,1.0,28.2287600082456,89.66901468757169,15.514200415733498,108.41067567973687,53.62997362509029
936,1992,96.0,1.0,28.2287600082456,89.66901468757169,15.514200415733498,108.41067567973687,53.62997362509029
965,1994,126.0,1.0,28.2287600082456,89.66901468757169,15.514200415733498,108.41067567973687,53.62997362509029
1056,1996,158.0,1.0,28.2287600082456,89.66901468757169,15.514200415733498,108.41067567973687,53.62997362509029
1164,1997,130.0,1.0,28.2287600082456,89.66901468757169,15.514200415733498,108.41067567973687,53.62997362509029
1164,1998,164.0,1.0,28.2287600082456,89.66901468757169,15.514200415733498,108.41067567973687,53.62997362509029
1174,1999,80.0,1.0,28.2287600082456,89.66901468757169,15.514200415733498,108.41067567973687,53.62997362509029
1178,2001,64.0,1.0,28.2287600082456,89.66901468757169,15.514200415733498,108.41067567973687,53.62997362509029
1178,2002,76.0,1.0,28.2287600082456,89.66901468757169,15.514200415733498,108.41067567973687,53.62997362509029
1204,2003,86.0,1.0,28.2287600082456,89.66901468757169,15.514200415733498,108.41067567973687,53.62997362509029
1204,2004,104.0,1.0,28.2287600082456,89.66901468757169,15.514200415733498,108.41067567973687,53.62997362509029
1234,2005,66.0,1.0,28.2287600082456,89.66901468757169,15.514200415733498,108.41067567973687,53.62997362509029
1234,2006,84.0,1.0,28.2287600082456,89.66901468757169,15.514200415733498,108.41067567973687,53.62997362509029
713,2007,118.0,1.0,28.2287600082456,89.66901468757169,15.514200415733498,108.41067567973687,53.62997362509029
1418,2009,72.0,1.0,28.2287600082456,89.66901468757169,15.514200415733498,108.41067567973687,53.62997362509029
1418,2010,180.0,1.0,28.2287600082456,89.66901468757169,15.514200415733498,108.41067567973687,53.62997362509029
1476,2012,108.0,1.0,28.2287600082456,89.66901468757169,15.514200415733498,108.41067567973687,53.62997362509029
950,2014,112.0,1.0,28.2287600082456,89.66901468757169,15.514200415733498,108.41067567973687,53.62997362509029
787,2016,80.0,1.0,28.2287600082456,89.66901468757169,15.514200415733498,108.41067567973687,53.62997362509029
1048,2017,136.0,1.0,28.2287600082456,89.66901468757169,15.514200415733498,108.41067567973687,53.62997362509029
1070,2019,50.0,1.0,28.2287600082456,89.66901468757169,15.514200415733498,108.41067567973687,53.62997362509029
1070,2020,110.0,1.0,28.2287600082456,89.66901468757169,15.514200415733498,108.41067567973687,53.62997362509029
435,2023,174.0,1.0,28.2287600082456,89.66901468757169,15.514200415733498,108.41067567973687,53.62997362509029
1198,2025,84.0,1.0,28.2287600082456,89.66901468757169,15.514200415733498,108.41067567973687,53.62997362509029
1436,2027,214.03119615034484,1.0,28.2287600082456,89.66901468757169,15.514200415733498,108.41067567973687,53.62997362509029
910,2029,158.0,1.0,28.2287600082456,89.66901468757169,15.514200415733498,108.41067567973687,53.62997362509029
910,2030,98.0,1.0,28.2287600082456,89.66901468757169,15.514200415733498,108.41067567973687,53.62997362509029
737,2031,132.0,1.0,28.2287600082456,89.66901468757169,15.514200415733498,108.41067567973687,53.62997362509029
737,2032,66.0,1.0,28.2287600082456,89.66901468757169,15.514200415733498,108.41067567973687,53.62997362509029
915,2034,70.0,1.0,28.2287600082456,89.66901468757169,15.514200415733498,108.41067567973687,53.62997362509029
1226,2037,100.0,1.0,28.2287600082456,89.66901468757169,15.514200415733498,108.41067567973687,53.62997362509029
1226,2038,158.0,1.0,28.2287600082456,89.66901468757169,15.514200415733498,108.41067567973687,53.62997362509029
1310,2040,160.0,1.0,28.2287600082456,89.66901468757169,15.514200415733498,108.41067567973687,53.62997362509029
1368,2041,64.0,1.0,28.2287600082456,89.66901468757169,15.514200415733498,108.41067567973687,53.62997362509029
1368,2042,106.0,1.0,28.2287600082456,89.66901468757169,15.514200415733498,108.41067567973687,53.62997362509029
1390,2043,143.7599946304807,1.0,28.2287600082456,89.66901468757169,15.514200415733498,108.41067567973687,53.62997362509029
1390,2044,74.0,1.0,28.2287600082456,89.66901468757169,15.514200415733498,108.41067567973687,53.62997362509029
1078,2045,70.0,1.0,28.2287600082456,89.66901468757169,15.514200415733498,108.41067567973687,53.62997362509029
1208,2048,122.0,1.0,28.2287600082456,89.66901468757169,15.514200415733498,108.41067567973687,53.62997362509029
1238,2049,60.53555796717534,1.0,28.2287600082456,89.66901468757169,15.514200415733498,108.41067567973687,53.62997362509029
1238,2050,132.0,1.0,28.2287600082456,89.66901468757169,15.514200415733498,108.41067567973687,53.62997362509029
1278,2051,132.0,1.0,28.2287600082456,89.66901468757169,15.514200415733498,108.41067567973687,53.62997362509029
1278,2052,84.0,1.0,28.2287600082456,89.66901468757169,15.514200415733498,108.41067567973687,53.62997362509029
653,2053,110.0,1.0,28.2287600082456,89.66901468757169,15.514200415733498,108.41067567973687,53.62997362509029
653,2054,114.0,1.0,28.2287600082456,89.66901468757169,15.514200415733498,108.41067567973687,53.62997362509029
1378,2055,78.0,1.0,28.2287600082456,89.66901468757169,15.514200415733498,108.41067567973687,53.62997362509029
1378,2056,104.0,1.0,28.2287600082456,89.66901468757169,15.514200415733498,108.41067567973687,53.62997362509029
1421,2057,130.0,1.0,28.2287600082456,89.66901468757169,15.514200415733498,108.41067567973687,53.62997362509029
1421,2058,86.0,1.0,28.2287600082456,89.66901468757169,15.514200415733498,108.41067567973687,53.62997362509029
1539,2060,108.0,1.0,28.2287600082456,89.66901468757169,15.514200415733498,108.41067567973687,53.62997362509029
984,2061,108.0,1.0,28.2287600082456,89.66901468757169,15.514200415733498,108.41067567973687,53.62997362509029
984,2062,108.0,1.0,28.2287600082456,89.66901468757169,15.514200415733498,108.41067567973687,53.62997362509029
1182,2063,136.0,1.0,28.2287600082456,89.66901468757169,15.514200415733498,108.41067567973687,53.62997362509029
1182,2064,106.0,1.0,28.2287600082456,89.66901468757169,15.514200415733498,108.41067567973687,53.62997362509029
1258,2065,44.0,1.0,28.2287600082456,89.66901468757169,15.514200415733498,108.41067567973687,53.62997362509029
1258,2066,62.0,1.0,28.2287600082456,89.66901468757169,15.514200415733498,108.41067567973687,53.62997362509029
1266,2067,80.0,1.0,28.2287600082456,89.66901468757169,15.514200415733498,108.41067567973687,53.62997362509029
1266,2068,84.0,1.0,28.2287600082456,89.66901468757169,15.514200415733498,108.41067567973687,53.62997362509029
929,2069,42.0,1.0,28.2287600082456,89.66901468757169,15.514200415733498,108.41067567973687,53.62997362509029
929,2070,182.0,1.0,28.2287600082456,89.66901468757169,15.514200415733498,108.41067567973687,53.62997362509029
807,2071,88.0,1.0,28.2287600082456,89.66901468757169,15.514200415733498,108.41067567973687,53.62997362509029
527,2073,102.0,1.0,28.2287600082456,89.66901468757169,15.514200415733498,108.41067567973687,53.62997362509029
527,2074,108.0,1.0,28.2287600082456,89.66901468757169,15.514200415733498,108.41067567973687,53.62997362509029
651,2076,122.0,1.0,28.2287600082456,89.66901468757169,15.514200415733498,108.41067567973687,53.62997362509029
1472,2079,146.0,1.0,28.2287600082456,89.66901468757169,15.514200415733498,108.41067567973687,53.62997362509029
1472,2080,152.0,1.0,28.2287600082456,89.66901468757169,15.514200415733498,108.41067567973687,53.62997362509029
1520,2081,84.0,1.0,28.2287600082456,89.66901468757169,15.514200415733498,108.41067567973687,53.62997362509029
1520,2082,86.0,1.0,28.2287600082456,89.66901468757169,15.514200415733498,108.41067567973687,53.62997362509029
1104,2085,103.51275815994805,1.0,28.2287600082456,89.66901468757169,15.514200415733498,108.41067567973687,53.62997362509029
799,2088,84.0,1.0,28.2287600082456,89.66901468757169,15.514200415733498,108.41067567973687,53.62997362509029
1138,2089,100.0,1.0,28.2287600082456,89.66901468757169,15.514200415733498,108.41067567973687,53.62997362509029
1138,2090,110.0,1.0,28.2287600082456,89.66901468757169,15.514200415733498,108.41067567973687,53.62997362509029
1153,2095,174.0,1.0,28.2287600082456,89.66901468757169,15.514200415733498,108.41067567973687,53.62997362509029
1153,2096,68.0,1.0,28.2287600082456,89.66901468757169,15.514200415733498,108.41067567973687,53.62997362509029
781,2097,40.64786366696566,1.0,28.2287600082456,89.66901468757169,15.514200415733498,108.41067567973687,53.62997362509029
1386,2099,130.0,1.0,28.2287600082456,89.66901468757169,15.514200415733498,108.41067567973687,53.62997362509029
1386,2100,134.0,1.0,28.2287600082456,89.66901468757169,15.514200415733498,108.41067567973687,53.62997362509029
1394,2102,70.0,1.0,28.2287600082456,89.66901468757169,15.514200415733498,108.41067567973687,53.62997362509029
1398,2103,120.0,1.0,28.2287600082456,89.66901468757169,15.514200415733498,108.41067567973687,53.62997362509029
1398,2104,98.0,1.0,28.2287600082456,89.66901468757169,15.514200415733498,108.41067567973687,53.62997362509029
1429,2106,108.0,1.0,28.2287600082456,89.66901468757169,15.514200415733498,108.41067567973687,53.62997362509029
1640,2107,147.22441155541435,1.0,28.2287600082456,89.66901468757169,15.514200415733498,108.41067567973687,53.62997362509029
1640,2108,126.0,1.0,28.2287600082456,89.66901468757169,15.514200415733498,108.41067567973687,53.62997362509029
968,2109,140.0,1.0,28.2287600082456,89.66901468757169,15.514200415733498,108.41067567973687,53.62997362509029
1140,2113,96.0,1.0,28.2287600082456,89.66901468757169,15.514200415733498,108.41067567973687,53.62997362509029
1095,2115,136.0,1.0,28.2287600082456,89.66901468757169,15.514200415733498,108.41067567973687,53.62997362509029
1241,2117,86.0,1.0,28.2287600082456,89.66901468757169,15.514200415733498,108.41067567973687,53.62997362509029
1241,2118,166.0,1.0,28.2287600082456,89.66901468757169,15.514200415733498,108.41067567973687,53.62997362509029
1384,2120,166.0,1.0,28.2287600082456,89.66901468757169,15.514200415733498,108.41067567973687,53.62997362509029
1191,2121,172.0,1.0,28.2287600082456,89.66901468757169,15.514200415733498,108.41067567973687,53.62997362509029
1191,2122,116.0,1.0,28.2287600082456,89.66901468757169,15.514200415733498,108.41067567973687,53.62997362509029
1323,2123,96.0,1.0,28.2287600082456,89.66901468757169,15.514200415733498,108.41067567973687,53.62997362509029
1323,2124,166.0,1.0,28.2287600082456,89.66901468757169,15.514200415733498,108.41067567973687,53.62997362509029
1552,2125,158.0,1.0,28.2287600082456,89.66901468757169,15.514200415733498,108.41067567973687,53.62997362509029
1552,2126,26.0,1.0,28.2287600082456,89.66901468757169,15.514200415733498,108.41067567973687,53.62997362509029
1630,2127,120.0,1.0,28.2287600082456,89.66901468757169,15.514200415733498,108.41067567973687,53.62997362509029
1630,2128,108.0,1.0,28.2287600082456,89.66901468757169,15.514200415733498,108.41067567973687,53.62997362509029
1708,2129,76.0,1.0,28.2287600082456,89.66901468757169,15.514200415733498,108.41067567973687,53.62997362509029
1708,2130,110.0,1.0,28.2287600082456,89.66901468757169,15.514200415733498,108.41067567973687,53.62997362509029
1114,2131,86.0,1.0,28.2287600082456,89.66901468757169,15.514200415733498,108.41067567973687,53.62997362509029
1114,2132,54.0,1.0,28.2287600082456,89.66901468757169,15.514200415733498,108.41067567973687,53.62997362509029
503,2138,86.0,1.0,28.2287600082456,89.66901468757169,15.514200415733498,108.41067567973687,53.62997362509029
1284,2139,75.56090711164991,1.0,28.2287600082456,89.66901468757169,15.514200415733498,108.41067567973687,53.62997362509029
1284,2140,210.0,1.0,28.2287600082456,89.66901468757169,15.514200415733498,108.41067567973687,53.62997362509029
1306,2141,60.0,1.0,28.2287600082456,89.66901468757169,15.514200415733498,108.41067567973687,53.62997362509029
1306,2142,32.0,1.0,28.2287600082456,89.66901468757169,15.514200415733498,108.41067567973687,53.62997362509029
1352,2143,154.0,1.0,28.2287600082456,89.66901468757169,15.514200415733498,108.41067567973687,53.62997362509029
1352,2144,92.0,1.0,28.2287600082456,89.66901468757169,15.514200415733498,108.41067567973687,53.62997362509029
1396,2145,76.0,1.0,28.2287600082456,89.66901468757169,15.514200415733498,108.41067567973687,53.62997362509029
1137,2148,110.0,1.0,28.2287600082456,89.66901468757169,15.514200415733498,108.41067567973687,53.62997362509029
1387,2149,76.0,1.0,28.2287600082456,89.66901468757169,15.514200415733498,108.41067567973687,53.62997362509029
1387,2150,44.0,1.0,28.2287600082456,89.66901468757169,15.514200415733498,108.41067567973687,53.62997362509029
1492,2151,112.0,1.0,28.2287600082456,89.66901468757169,15.514200415733498,108.41067567973687,53.62997362509029
1492,2152,146.0,1.0,28.2287600082456,89.66901468757169,15.514200415733498,108.41067567973687,53.62997362509029
1427,2154,150.0,1.0,28.2287600082456,89.66901468757169,15.514200415733498,108.41067567973687,53.62997362509029
1064,2156,72.0,1.0,28.2287600082456,89.66901468757169,15.514200415733498,108.41067567973687,53.62997362509029
959,2158,110.0,1.0,28.2287600082456,89.66901468757169,15.514200415733498,108.41067567973687,53.62997362509029
1406,2159,108.0,1.0,28.2287600082456,89.66901468757169,15.514200415733498,108.41067567973687,53.62997362509029
1496,2161,54.0,1.0,28.2287600082456,89.66901468757169,15.514200415733498,108.41067567973687,53.62997362509029
1496,2162,98.0,1.0,28.2287600082456,89.66901468757169,15.514200415733498,108.41067567973687,53.62997362509029
1504,2163,126.0,1.0,28.2287600082456,89.66901468757169,15.514200415733498,108.41067567973687,53.62997362509029
1504,2164,92.0,1.0,28.2287600082456,89.66901468757169,15.514200415733498,108.41067567973687,53.62997362509029
1158,2167,120.0,1.0,28.2287600082456,89.66901468757169,15.514200415733498,108.41067567973687,53.62997362509029
1158,2168,94.0,1.0,28.2287600082456,89.66901468757169,15.514200415733498,108.41067567973687,53.62997362509029
1190,2171,32.0,1.0,28.2287600082456,89.66901468757169,15.514200415733498,108.41067567973687,53.62997362509029
1190,2172,116.0,1.0,28.2287600082456,89.66901468757169,15.514200415733498,108.41067567973687,53.62997362509029
1252,2173,104.0,1.0,28.2287600082456,89.66901468757169,15.514200415733498,108.41067567973687,53.62997362509029
1252,2174,116.0,1.0,28.2287600082456,89.66901468757169,15.514200415733498,108.41067567973687,53.62997362509029
345,2175,82.0,1.0,28.2287600082456,89.66901468757169,15.514200415733498,108.41067567973687,53.62997362509029
345,2176,80.0,1.0,28.2287600082456,89.66901468757169,15.514200415733498,108.41067567973687,53.62997362509029
851,2177,120.0,1.0,28.2287600082456,89.66901468757169,15.514200415733498,108.41067567973687,53.62997362509029
851,2178,106.0,1.0,28.2287600082456,89.66901468757169,15.514200415733498,108.41067567973687,53.62997362509029
1346,2179,68.0,1.0,28.2287600082456,89.66901468757169,15.514200415733498,108.41067567973687,53.62997362509029
1109,2181,78.0,1.0,28.2287600082456,89.66901468757169,15.514200415733498,108.41067567973687,53.62997362509029
1109,2182,144.0,1.0,28.2287600082456,89.66901468757169,15.514200415733498,108.41067567973687,53.62997362509029
995,2186,18.0,1.0,28.2287600082456,89.66901468757169,15.514200415733498,108.41067567973687,53.62997362509029
1214,2188,158.0,1.0,28.2287600082456,89.66901468757169,15.514200415733498,108.41067567973687,53.62997362509029
1240,2190,72.0,1.0,28.2287600082456,89.66901468757169,15.514200415733498,108.41067567973687,53.62997362509029
1260,2191,82.0,1.0,28.2287600082456,89.66901468757169,15.514200415733498,108.41067567973687,53.62997362509029
1260,2192,66.0,1.0,28.2287600082456,89.66901468757169,15.514200415733498,108.41067567973687,53.62997362509029
1262,2193,102.0,1.0,28.2287600082456,89.66901468757169,15.514200415733498,108.41067567973687,53.62997362509029
1262,2194,130.0,1.0,28.2287600082456,89.66901468757169,15.514200415733498,108.41067567973687,53.62997362509029
1280,2196,196.0,1.0,28.2287600082456,89.66901468757169,15.514200415733498,108.41067567973687,53.62997362509029
1047,2202,100.0,1.0,28.2287600082456,89.66901468757169,15.514200415733498,108.41067567973687,53.62997362509029
1502,2203,54.0,1.0,28.2287600082456,89.66901468757169,15.514200415733498,108.41067567973687,53.62997362509029
1502,2204,56.0,1.0,28.2287600082456,89.66901468757169,15.514200415733498,108.41067567973687,53.62997362509029
1558,2205,70.0,1.0,28.2287600082456,89.66901468757169,15.514200415733498,108.41067567973687,53.62997362509029
1558,2206,62.0,1.0,28.2287600082456,89.66901468757169,15.514200415733498,108.41067567973687,53.62997362509029
882,2208,96.0,1.0,28.2287600082456,89.66901468757169,15.514200415733498,108.41067567973687,53.62997362509029
906,2209,118.0,1.0,28.2287600082456,89.66901468757169,15.514200415733498,108.41067567973687,53.62997362509029
906,2210,64.0,1.0,28.2287600082456,89.66901468757169,15.514200415733498,108.41067567973687,53.62997362509029
1036,2211,85.90501722320556,1.0,28.2287600082456,89.66901468757169,15.514200415733498,108.41067567973687,53.62997362509029
1036,2212,92.0,1.0,28.2287600082456,89.66901468757169,15.514200415733498,108.41067567973687,53.62997362509029
1150,2213,215.53549562588057,1.0,28.2287600082456,89.66901468757169,15.514200415733498,108.41067567973687,53.62997362509029
1150,2214,86.0,1.0,28.2287600082456,89.66901468757169,15.514200415733498,108.41067567973687,53.62997362509029
1202,2216,148.0,1.0,28.2287600082456,89.66901468757169,15.514200415733498,108.41067567973687,53.62997362509029
1250,2218,96.0,1.0,28.2287600082456,89.66901468757169,15.514200415733498,108.41067567973687,53.62997362509029
1067,2219,88.0,1.0,28.2287600082456,89.66901468757169,15.514200415733498,108.41067567973687,53.62997362509029
1067,2220,112.0,1.0,28.2287600082456,89.66901468757169,15.514200415733498,108.41067567973687,53.62997362509029
1348,2221,112.0,1.0,28.2287600082456,89.66901468757169,15.514200415733498,108.41067567973687,53.62997362509029
1348,2222,98.0,1.0,28.2287600082456,89.66901468757169,15.514200415733498,108.41067567973687,53.62997362509029
1420,2224,106.0,1.0,28.2287600082456,89.66901468757169,15.514200415733498,108.41067567973687,53.62997362509029
1440,2225,116.46490002541978,1.0,28.2287600082456,89.66901468757169,15.514200415733498,108.41067567973687,53.62997362509029
1440,2226,100.0,1.0,28.2287600082456,89.66901468757169,15.514200415733498,108.41067567973687,53.62997362509029
1456,2227,90.0,1.0,28.2287600082456,89.66901468757169,15.514200415733498,108.41067567973687,53.62997362509029
1456,2228,86.0,1.0,28.2287600082456,89.66901468757169,15.514200415733498,108.41067567973687,53.62997362509029
1535,2231,112.25257235491196,1.0,28.2287600082456,89.66901468757169,15.514200415733498,108.41067567973687,53.62997362509029
1535,2232,116.0,1.0,28.2287600082456,89.66901468757169,15.514200415733498,108.41067567973687,53.62997362509029
1014,2233,64.0,1.0,28.2287600082456,89.66901468757169,15.514200415733498,108.41067567973687,53.62997362509029
1014,2234,86.0,1.0,28.2287600082456,89.66901468757169,15.514200415733498,108.41067567973687,53.62997362509029
1108,2237,148.88755030015034,1.0,28.2287600082456,89.66901468757169,15.514200415733498,108.41067567973687,53.62997362509029
1108,2238,96.0,1.0,28.2287600082456,89.66901468757169,15.514200415733498,108.41067567973687,53.62997362509029
1268,2240,126.0,1.0,28.2287600082456,89.66901468757169,15.514200415733498,108.41067567973687,53.62997362509029
1270,2241,55.80375845928252,1.0,28.2287600082456,89.66901468757169,15.514200415733498,108.41067567973687,53.62997362509029
1270,2242,114.0,1.0,28.2287600082456,89.66901468757169,15.514200415733498,108.41067567973687,53.62997362509029
1302,2243,114.0,1.0,28.2287600082456,89.66901468757169,15.514200415733498,108.41067567973687,53.62997362509029
1302,2244,124.0,1.0,28.2287600082456,89.66901468757169,15.514200415733498,108.41067567973687,53.62997362509029
1450,2245,154.0,1.0,28.2287600082456,89.66901468757169,15.514200415733498,108.41067567973687,53.62997362509029
1450,2246,126.0,1.0,28.2287600082456,89.66901468757169,15.514200415733498,108.41067567973687,53.62997362509029
1488,2247,108.0,1.0,28.2287600082456,89.66901468757169,15.514200415733498,108.41067567973687,53.62997362509029
833,2249,74.0,1.0,28.2287600082456,89.66901468757169,15.514200415733498,108.41067567973687,53.62997362509029
833,2250,90.0,1.0,28.2287600082456,89.66901468757169,15.514200415733498,108.41067567973687,53.62997362509029
1566,2251,98.0,1.0,28.2287600082456,89.66901468757169,15.514200415733498,108.41067567973687,53.62997362509029
1566,2252,102.0,1.0,28.2287600082456,89.66901468757169,15.514200415733498,108.41067567973687,53.62997362509029
1325,2254,132.0,1.0,28.2287600082456,89.66901468757169,15.514200415733498,108.41067567973687,53.62997362509029
849,2255,98.0,1.0,28.2287600082456,89.66901468757169,15.514200415733498,108.41067567973687,53.62997362509029
849,2256,24.0,1.0,28.2287600082456,89.66901468757169,15.514200415733498,108.41067567973687,53.62997362509029
1684,2260,84.0,1.0,28.2287600082456,89.66901468757169,15.514200415733498,108.41067567973687,53.62997362509029
942,2261,54.0,1.0,28.2287600082456,89.66901468757169,15.514200415733498,108.41067567973687,53.62997362509029
1091,2263,90.0,1.0,28.2287600082456,89.66901468757169,15.514200415733498,108.41067567973687,53.62997362509029
1091,2264,104.0,1.0,28.2287600082456,89.66901468757169,15.514200415733498,108.41067567973687,53.62997362509029
549,2266,138.0,1.0,28.2287600082456,89.66901468757169,15.514200415733498,108.41067567973687,53.62997362509029
1149,2267,128.0,1.0,28.2287600082456,89.66901468757169,15.514200415733498,108.41067567973687,53.62997362509029
1149,2268,40.0,1.0,28.2287600082456,89.66901468757169,15.514200415733498,108.41067567973687,53.62997362509029
1446,2269,108.0,1.0,28.2287600082456,89.66901468757169,15.514200415733498,108.41067567973687,53.62997362509029
1446,2270,122.0,1.0,28.2287600082456,89.66901468757169,15.514200415733498,108.41067567973687,53.62997362509029
1578,2271,114.0,1.0,28.2287600082456,89.66901468757169,15.514200415733498,108.41067567973687,53.62997362509029
1578,2272,138.0,1.0,28.2287600082456,89.66901468757169,15.514200415733498,108.41067567973687,53.62997362509029
1590,2274,166.0,1.0,28.2287600082456,89.66901468757169,15.514200415733498,108.41067567973687,53.62997362509029
1632,2275,150.0,1.0,28.2287600082456,89.66901468757169,15.514200415733498,108.41067567973687,53.62997362509029
1648,2279,56.0,1.0,28.2287600082456,89.66901468757169,15.514200415733498,108.41067567973687,53.62997362509029
1648,2280,88.0,1.0,28.2287600082456,89.66901468757169,15.514200415733498,108.41067567973687,53.62997362509029
1668,2281,118.0,1.0,28.2287600082456,89.66901468757169,15.514200415733498,108.41067567973687,53.62997362509029
1668,2282,118.0,1.0,28.2287600082456,89.66901468757169,15.514200415733498,108.41067567973687,53.62997362509029
1846,2285,96.0,1.0,28.2287600082456,89.66901468757169,15.514200415733498,108.41067567973687,53.62997362509029
1846,2286,110.0,1.0,28.2287600082456,89.66901468757169,15.514200415733498,108.41067567973687,53.62997362509029
838,2287,138.0,1.0,28.2287600082456,89.66901468757169,15.514200415733498,108.41067567973687,53.62997362509029
838,2288,224.0,1.0,28.2287600082456,89.66901468757169,15.514200415733498,108.41067567973687,53.62997362509029
859,2290,66.0,1.0,28.2287600082456,89.66901468757169,15.514200415733498,108.41067567973687,53.62997362509029
1300,2291,94.0,1.0,28.2287600082456,89.66901468757169,15.514200415733498,108.41067567973687,53.62997362509029
1300,2292,98.0,1.0,28.2287600082456,89.66901468757169,15.514200415733498,108.41067567973687,53.62997362509029
613,2293,168.31947069422347,1.0,28.2287600082456,89.66901468757169,15.514200415733498,108.41067567973687,53.62997362509029
613,2294,178.0,1.0,28.2287600082456,89.66901468757169,15.514200415733498,108.41067567973687,53.62997362509029
547,2295,80.0,1.0,28.2287600082456,89.66901468757169,15.514200415733498,108.41067567973687,53.62997362509029
547,2296,78.0,1.0,28.2287600082456,89.66901468757169,15.514200415733498,108.41067567973687,53.62997362509029
1289,2299,60.0,1.0,28.2287600082456,89.66901468757169,15.514200415733498,108.41067567973687,53.62997362509029
1289,2300,130.0,1.0,28.2287600082456,89.66901468757169,15.514200415733498,108.41067567973687,53.62997362509029
1481,2304,112.0,1.0,28.2287600082456,89.66901468757169,15.514200415733498,108.41067567973687,53.62997362509029
1680,2306,80.0,1.0,28.2287600082456,89.66901468757169,15.514200415733498,108.41067567973687,53.62997362509029
1565,2308,106.0,1.0,28.2287600082456,89.66901468757169,15.514200415733498,108.41067567973687,53.62997362509029
969,2309,108.0,1.0,28.2287600082456,89.66901468757169,15.514200415733498,108.41067567973687,53.62997362509029
969,2310,52.0,1.0,28.2287600082456,89.66901468757169,15.514200415733498,108.41067567973687,53.62997362509029
982,2311,40.62421777167783,1.0,28.2287600082456,89.66901468757169,15.514200415733498,108.41067567973687,53.62997362509029
982,2312,156.0,1.0,28.2287600082456,89.66901468757169,15.514200415733498,108.41067567973687,53.62997362509029
988,2313,66.0,1.0,28.2287600082456,89.66901468757169,15.514200415733498,108.41067567973687,53.62997362509029
988,2314,98.0,1.0,28.2287600082456,89.66901468757169,15.514200415733498,108.41067567973687,53.62997362509029
801,2315,188.0,1.0,28.2287600082456,89.66901468757169,15.514200415733498,108.41067567973687,53.62997362509029
801,2316,58.0,1.0,28.2287600082456,89.66901468757169,15.514200415733498,108.41067567973687,53.62997362509029
1085,2317,94.0,1.0,28.2287600082456,89.66901468757169,15.514200415733498,108.41067567973687,53.62997362509029
1085,2318,142.0,1.0,28.2287600082456,89.66901468757169,15.514200415733498,108.41067567973687,53.62997362509029
1355,2319,72.0,1.0,28.2287600082456,89.66901468757169,15.514200415733498,108.41067567973687,53.62997362509029
1355,2320,170.0,1.0,28.2287600082456,89.66901468757169,15.514200415733498,108.41067567973687,53.62997362509029
1410,2321,84.0,1.0,28.2287600082456,89.66901468757169,15.514200415733498,108.41067567973687,53.62997362509029
1410,2322,128.0,1.0,28.2287600082456,89.66901468757169,15.514200415733498,108.41067567973687,53.62997362509029
1460,2323,86.0,1.0,28.2287600082456,89.66901468757169,15.514200415733498,108.41067567973687,53.62997362509029
1403,2328,74.0,1.0,28.2287600082456,89.66901468757169,15.514200415733498,108.41067567973687,53.62997362509029
1497,2329,130.0,1.0,28.2287600082456,89.66901468757169,15.514200415733498,108.41067567973687,53.62997362509029
1497,2330,76.0,1.0,28.2287600082456,89.66901468757169,15.514200415733498,108.41067567973687,53.62997362509029
877,2331,116.0,1.0,28.2287600082456,89.66901468757169,15.514200415733498,108.41067567973687,53.62997362509029
877,2332,62.0,1.0,28.2287600082456,89.66901468757169,15.514200415733498,108.41067567973687,53.62997362509029
1596,2334,26.0,1.0,28.2287600082456,89.66901468757169,15.514200415733498,108.41067567973687,53.62997362509029
1624,2335,192.0,1.0,28.2287600082456,89.66901468757169,15.514200415733498,108.41067567973687,53.62997362509029
1624,2336,122.0,1.0,28.2287600082456,89.66901468757169,15.514200415733498,108.41067567973687,53.62997362509029
935,2338,170.0,1.0,28.2287600082456,89.66901468757169,15.514200415733498,108.41067567973687,53.62997362509029
1111,2341,114.03794106869776,1.0,28.2287600082456,89.66901468757169,15.514200415733498,108.41067567973687,53.62997362509029
1291,2344,128.0,1.0,28.2287600082456,89.66901468757169,15.514200415733498,108.41067567973687,53.62997362509029
1087,2346,54.0,1.0,28.2287600082456,89.66901468757169,15.514200415733498,108.41067567973687,53.62997362509029
1303,2347,139.07560728200693,1.0,28.2287600082456,89.66901468757169,15.514200415733498,108.41067567973687,53.62997362509029
1303,2348,38.0,1.0,28.2287600082456,89.66901468757169,15.514200415733498,108.41067567973687,53.62997362509029
1426,2349,43.99618213270816,1.0,28.2287600082456,89.66901468757169,15.514200415733498,108.41067567973687,53.62997362509029
1426,2350,116.0,1.0,28.2287600082456,89.66901468757169,15.514200415733498,108.41067567973687,53.62997362509029
1131,2352,122.0,1.0,28.2287600082456,89.66901468757169,15.514200415733498,108.41067567973687,53.62997362509029
1478,2353,100.0,1.0,28.2287600082456,89.66901468757169,15.514200415733498,108.41067567973687,53.62997362509029
1478,2354,144.0,1.0,28.2287600082456,89.66901468757169,15.514200415733498,108.41067567973687,53.62997362509029
1518,2355,62.0,1.0,28.2287600082456,89.66901468757169,15.514200415733498,108.41067567973687,53.62997362509029
1518,2356,96.0,1.0,28.2287600082456,89.66901468757169,15.514200415733498,108.41067567973687,53.62997362509029
1538,2357,80.0,1.0,28.2287600082456,89.66901468757169,15.514200415733498,108.41067567973687,53.62997362509029
1538,2358,56.0,1.0,28.2287600082456,89.66901468757169,15.514200415733498,108.41067567973687,53.62997362509029
1606,2359,62.0,1.0,28.2287600082456,89.66901468757169,15.514200415733498,108.41067567973687,53.62997362509029
1606,2360,84.0,1.0,28.2287600082456,89.66901468757169,15.514200415733498,108.41067567973687,53.62997362509029
889,2361,85.90817776118772,1.0,28.2287600082456,89.66901468757169,15.514200415733498,108.41067567973687,53.62997362509029
889,2362,136.0,1.0,28.2287600082456,89.66901468757169,15.514200415733498,108.41067567973687,53.62997362509029
1654,2363,144.0,1.0,28.2287600082456,89.66901468757169,15.514200415733498,108.41067567973687,53.62997362509029
1654,2364,164.0,1.0,28.2287600082456,89.66901468757169,15.514200415733498,108.41067567973687,53.62997362509029
709,2366,92.0,1.0,28.2287600082456,89.66901468757169,15.514200415733498,108.41067567973687,53.62997362509029
1276,2367,38.0,1.0,28.2287600082456,89.66901468757169,15.514200415733498,108.41067567973687,53.62997362509029
1276,2368,116.0,1.0,28.2287600082456,89.66901468757169,15.514200415733498,108.41067567973687,53.62997362509029
885,2369,72.0,1.0,28.2287600082456,89.66901468757169,15.514200415733498,108.41067567973687,53.62997362509029
885,2370,84.0,1.0,28.2287600082456,89.66901468757169,15.514200415733498,108.41067567973687,53.62997362509029
1388,2373,80.0,1.0,28.2287600082456,89.66901468757169,15.514200415733498,108.41067567973687,53.62997362509029
1458,2375,50.0,1.0,28.2287600082456,89.66901468757169,15.514200415733498,108.41067567973687,53.62997362509029
1458,2376,108.0,1.0,28.2287600082456,89.66901468757169,15.514200415733498,108.41067567973687,53.62997362509029
1516,2378,96.0,1.0,28.2287600082456,89.66901468757169,15.514200415733498,108.41067567973687,53.62997362509029
1570,2380,126.0,1.0,28.2287600082456,89.66901468757169,15.514200415733498,108.41067567973687,53.62997362509029
1041,2382,182.0,1.0,28.2287600082456,89.66901468757169,15.514200415733498,108.41067567973687,53.62997362509029
1193,2384,128.0,1.0,28.2287600082456,89.66901468757169,15.514200415733498,108.41067567973687,53.62997362509029
629,2387,68.0,1.0,28.2287600082456,89.66901468757169,15.514200415733498,108.41067567973687,53.62997362509029
1372,2390,106.0,1.0,28.2287600082456,89.66901468757169,15.514200415733498,108.41067567973687,53.62997362509029
1402,2392,94.0,1.0,28.2287600082456,89.66901468757169,15.514200415733498,108.41067567973687,53.62997362509029
1331,2394,82.0,1.0,28.2287600082456,89.66901468757169,15.514200415733498,108.41067567973687,53.62997362509029
1898,2395,98.0,1.0,28.2287600082456,89.66901468757169,15.514200415733498,108.41067567973687,53.62997362509029
1898,2396,84.0,1.0,28.2287600082456,89.66901468757169,15.514200415733498,108.41067567973687,53.62997362509029
1194,2397,162.0,1.0,28.2287600082456,89.66901468757169,15.514200415733498,108.41067567973687,53.62997362509029
1194,2398,126.0,1.0,28.2287600082456,89.66901468757169,15.514200415733498,108.41067567973687,53.62997362509029
1326,2401,98.0,1.0,28.2287600082456,89.66901468757169,15.514200415733498,108.41067567973687,53.62997362509029
1364,2403,108.0,1.0,28.2287600082456,89.66901468757169,15.514200415733498,108.41067567973687,53.62997362509029
1364,2404,80.0,1.0,28.2287600082456,89.66901468757169,15.514200415733498,108.41067567973687,53.62997362509029
1043,2405,92.0,1.0,28.2287600082456,89.66901468757169,15.514200415733498,108.41067567973687,53.62997362509029
1043,2406,90.0,1.0,28.2287600082456,89.66901468757169,15.514200415733498,108.41067567973687,53.62997362509029
1428,2407,114.0,1.0,28.2287600082456,89.66901468757169,15.514200415733498,108.41067567973687,53.62997362509029
1428,2408,104.0,1.0,28.2287600082456,89.66901468757169,15.514200415733498,108.41067567973687,53.62997362509029
1159,2409,45.5605218575997,1.0,28.2287600082456,89.66901468757169,15.514200415733498,108.41067567973687,53.62997362509029
1159,2410,104.0,1.0,28.2287600082456,89.66901468757169,15.514200415733498,108.41067567973687,53.62997362509029
1419,2411,88.0,1.0,28.2287600082456,89.66901468757169,15.514200415733498,108.41067567973687,53.62997362509029
1419,2412,78.0,1.0,28.2287600082456,89.66901468757169,15.514200415733498,108.41067567973687,53.62997362509029
953,2413,132.0,1.0,28.2287600082456,89.66901468757169,15.514200415733498,108.41067567973687,53.62997362509029
953,2414,94.0,1.0,28.2287600082456,89.66901468757169,15.514200415733498,108.41067567973687,53.62997362509029
1113,2416,70.0,1.0,28.2287600082456,89.66901468757169,15.514200415733498,108.41067567973687,53.62997362509029
1391,2417,82.0,1.0,28.2287600082456,89.66901468757169,15.514200415733498,108.41067567973687,53.62997362509029
1728,2419,149.2081859390669,1.0,28.2287600082456,89.66901468757169,15.514200415733498,108.41067567973687,53.62997362509029
2126,2421,86.0,1.0,28.2287600082456,89.66901468757169,15.514200415733498,108.41067567973687,53.62997362509029
2126,2422,122.0,1.0,28.2287600082456,89.66901468757169,15.514200415733498,108.41067567973687,53.62997362509029
1236,2425,111.99399071085973,1.0,28.2287600082456,89.66901468757169,15.514200415733498,108.41067567973687,53.62997362509029
1236,2426,82.0,1.0,28.2287600082456,89.66901468757169,15.514200415733498,108.41067567973687,53.62997362509029
1141,2427,78.25760493357103,1.0,28.2287600082456,89.66901468757169,15.514200415733498,108.41067567973687,53.62997362509029
1141,2428,86.0,1.0,28.2287600082456,89.66901468757169,15.514200415733498,108.41067567973687,53.62997362509029
1296,2430,114.0,1.0,28.2287600082456,89.66901468757169,15.514200415733498,108.41067567973687,53.62997362509029
1584,2432,92.0,1.0,28.2287600082456,89.66901468757169,15.514200415733498,108.41067567973687,53.62997362509029
1151,2434,130.0,1.0,28.2287600082456,89.66901468757169,15.514200415733498,108.41067567973687,53.62997362509029
1228,2435,42.0,1.0,28.2287600082456,89.66901468757169,15.514200415733498,108.41067567973687,53.62997362509029
1228,2436,126.0,1.0,28.2287600082456,89.66901468757169,15.514200415733498,108.41067567973687,53.62997362509029
1322,2437,64.1613417584681,1.0,28.2287600082456,89.66901468757169,15.514200415733498,108.41067567973687,53.62997362509029
1322,2438,158.0,1.0,28.2287600082456,89.66901468757169,15.514200415733498,108.41067567973687,53.62997362509029
1357,2439,82.0,1.0,28.2287600082456,89.66901468757169,15.514200415733498,108.41067567973687,53.62997362509029
1357,2440,186.0,1.0,28.2287600082456,89.66901468757169,15.514200415733498,108.41067567973687,53.62997362509029
1247,2441,76.0,1.0,28.2287600082456,89.66901468757169,15.514200415733498,108.41067567973687,53.62997362509029
1343,2443,100.0,1.0,28.2287600082456,89.66901468757169,15.514200415733498,108.41067567973687,53.62997362509029
1343,2444,136.0,1.0,28.2287600082456,89.66901468757169,15.514200415733498,108.41067567973687,53.62997362509029
1634,2445,100.0,1.0,28.2287600082456,89.66901468757169,15.514200415733498,108.41067567973687,53.62997362509029
1634,2446,72.0,1.0,28.2287600082456,89.66901468757169,15.514200415733498,108.41067567973687,53.62997362509029
1704,2449,42.0,1.0,28.2287600082456,89.66901468757169,15.514200415733498,108.41067567973687,53.62997362509029
1704,2450,80.0,1.0,28.2287600082456,89.66901468757169,15.514200415733498,108.41067567973687,53.62997362509029
1850,2451,78.0,1.0,28.2287600082456,89.66901468757169,15.514200415733498,108.41067567973687,53.62997362509029
1850,2452,32.0,1.0,28.2287600082456,89.66901468757169,15.514200415733498,108.41067567973687,53.62997362509029
1962,2454,108.0,1.0,28.2287600082456,89.66901468757169,15.514200415733498,108.41067567973687,53.62997362509029
1094,2455,38.0,1.0,28.2287600082456,89.66901468757169,15.514200415733498,108.41067567973687,53.62997362509029
1094,2456,124.0,1.0,28.2287600082456,89.66901468757169,15.514200415733498,108.41067567973687,53.62997362509029
1073,2457,104.0,1.0,28.2287600082456,89.66901468757169,15.514200415733498,108.41067567973687,53.62997362509029
1073,2458,108.0,1.0,28.2287600082456,89.66901468757169,15.514200415733498,108.41067567973687,53.62997362509029
855,2460,118.0,1.0,28.2287600082456,89.66901468757169,15.514200415733498,108.41067567973687,53.62997362509029
1187,2461,94.0,1.0,28.2287600082456,89.66901468757169,15.514200415733498,108.41067567973687,53.62997362509029
1430,2463,114.0,1.0,28.2287600082456,89.66901468757169,15.514200415733498,108.41067567973687,53.62997362509029
1430,2464,84.0,1.0,28.2287600082456,89.66901468757169,15.514200415733498,108.41067567973687,53.62997362509029
671,2465,94.46338626365929,1.0,28.2287600082456,89.66901468757169,15.514200415733498,108.41067567973687,53.62997362509029
671,2466,294.0445765295153,1.0,28.2287600082456,89.66901468757169,15.514200415733498,108.41067567973687,53.62997362509029
1490,2467,64.62894919981376,1.0,28.2287600082456,89.66901468757169,15.514200415733498,108.41067567973687,53.62997362509029
1490,2468,86.0,1.0,28.2287600082456,89.66901468757169,15.514200415733498,108.41067567973687,53.62997362509029
1393,2470,70.0,1.0,28.2287600082456,89.66901468757169,15.514200415733498,108.41067567973687,53.62997362509029
1061,2471,94.0,1.0,28.2287600082456,89.66901468757169,15.514200415733498,108.41067567973687,53.62997362509029
1061,2472,120.0,1.0,28.2287600082456,89.66901468757169,15.514200415733498,108.41067567973687,53.62997362509029
1522,2474,110.0,1.0,28.2287600082456,89.66901468757169,15.514200415733498,108.41067567973687,53.62997362509029
735,2477,64.0,1.0,28.2287600082456,89.66901468757169,15.514200415733498,108.41067567973687,53.62997362509029
735,2478,138.0,1.0,28.2287600082456,89.66901468757169,15.514200415733498,108.41067567973687,53.62997362509029
1699,2479,124.0,1.0,28.2287600082456,89.66901468757169,15.514200415733498,108.41067567973687,53.62997362509029
1699,2480,98.0,1.0,28.2287600082456,89.66901468757169,15.514200415733498,108.41067567973687,53.62997362509029
797,2483,68.0,1.0,28.2287600082456,89.66901468757169,15.514200415733498,108.41067567973687,53.62997362509029
797,2484,84.0,1.0,28.2287600082456,89.66901468757169,15.514200415733498,108.41067567973687,53.62997362509029
705,2486,122.0,1.0,28.2287600082456,89.66901468757169,15.514200415733498,108.41067567973687,53.62997362509029
1294,2487,62.0,1.0,28.2287600082456,89.66901468757169,15.514200415733498,108.41067567973687,53.62997362509029
1294,2488,90.0,1.0,28.2287600082456,89.66901468757169,15.514200415733498,108.41067567973687,53.62997362509029
661,2489,38.0,1.0,28.2287600082456,89.66901468757169,15.514200415733498,108.41067567973687,53.62997362509029
661,2490,108.0,1.0,28.2287600082456,89.66901468757169,15.514200415733498,108.41067567973687,53.62997362509029
1484,2491,101.8696923174895,1.0,28.2287600082456,89.66901468757169,15.514200415733498,108.41067567973687,53.62997362509029
1498,2493,106.0,1.0,28.2287600082456,89.66901468757169,15.514200415733498,108.41067567973687,53.62997362509029
1498,2494,154.0,1.0,28.2287600082456,89.66901468757169,15.514200415733498,108.41067567973687,53.62997362509029
1411,2496,110.0,1.0,28.2287600082456,89.66901468757169,15.514200415733498,108.41067567973687,53.62997362509029
1574,2498,178.0,1.0,28.2287600082456,89.66901468757169,15.514200415733498,108.41067567973687,53.62997362509029
1445,2499,90.0,1.0,28.2287600082456,89.66901468757169,15.514200415733498,108.41067567973687,53.62997362509029
1445,2500,90.0,1.0,28.2287600082456,89.66901468757169,15.514200415733498,108.41067567973687,53.62997362509029
1876,2504,96.0,1.0,28.2287600082456,89.66901468757169,15.514200415733498,108.41067567973687,53.62997362509029
2142,2505,110.0,1.0,28.2287600082456,89.66901468757169,15.514200415733498,108.41067567973687,53.62997362509029
2142,2506,106.0,1.0,28.2287600082456,89.66901468757169,15.514200415733498,108.41067567973687,53.62997362509029
1592,2515,40.0,1.0,28.2287600082456,89.66901468757169,15.514200415733498,108.41067567973687,53.62997362509029
1255,2517,118.0,1.0,28.2287600082456,89.66901468757169,15.514200415733498,108.41067567973687,53.62997362509029
1255,2518,122.0,1.0,28.2287600082456,89.66901468757169,15.514200415733498,108.41067567973687,53.62997362509029
1718,2519,80.0,1.0,28.2287600082456,89.66901468757169,15.514200415733498,108.41067567973687,53.62997362509029
1718,2520,82.0,1.0,28.2287600082456,89.66901468757169,15.514200415733498,108.41067567973687,53.62997362509029
1734,2522,92.0,1.0,28.2287600082456,89.66901468757169,15.514200415733498,108.41067567973687,53.62997362509029
1441,2523,43.67166605711646,1.0,28.2287600082456,89.66901468757169,15.514200415733498,108.41067567973687,53.62997362509029
1441,2524,72.0,1.0,28.2287600082456,89.66901468757169,15.514200415733498,108.41067567973687,53.62997362509029
1375,2525,98.0,1.0,28.2287600082456,89.66901468757169,15.514200415733498,108.41067567973687,53.62997362509029
1375,2526,80.0,1.0,28.2287600082456,89.66901468757169,15.514200415733498,108.41067567973687,53.62997362509029
1938,2528,102.0,1.0,28.2287600082456,89.66901468757169,15.514200415733498,108.41067567973687,53.62997362509029
2256,2529,140.37473664020865,1.0,28.2287600082456,89.66901468757169,15.514200415733498,108.41067567973687,53.62997362509029
2256,2530,102.0,1.0,28.2287600082456,89.66901468757169,15.514200415733498,108.41067567973687,53.62997362509029
1166,2531,126.0,1.0,28.2287600082456,89.66901468757169,15.514200415733498,108.41067567973687,53.62997362509029
1166,2532,100.0,1.0,28.2287600082456,89.66901468757169,15.514200415733498,108.41067567973687,53.62997362509029
1274,2533,78.0,1.0,28.2287600082456,89.66901468757169,15.514200415733498,108.41067567973687,53.62997362509029
1274,2534,140.0,1.0,28.2287600082456,89.66901468757169,15.514200415733498,108.41067567973687,53.62997362509029
1452,2535,44.69196928313771,1.0,28.2287600082456,89.66901468757169,15.514200415733498,108.41067567973687,53.62997362509029
1548,2538,54.0,1.0,28.2287600082456,89.66901468757169,15.514200415733498,108.41067567973687,53.62997362509029
1702,2539,140.0,1.0,28.2287600082456,89.66901468757169,15.514200415733498,108.41067567973687,53.62997362509029
1702,2540,102.0,1.0,28.2287600082456,89.66901468757169,15.514200415733498,108.41067567973687,53.62997362509029
1487,2541,96.0,1.0,28.2287600082456,89.66901468757169,15.514200415733498,108.41067567973687,53.62997362509029
1487,2542,120.0,1.0,28.2287600082456,89.66901468757169,15.514200415733498,108.41067567973687,53.62997362509029
1483,2543,140.0,1.0,28.2287600082456,89.66901468757169,15.514200415733498,108.41067567973687,53.62997362509029
1483,2544,136.0,1.0,28.2287600082456,89.66901468757169,15.514200415733498,108.41067567973687,53.62997362509029
1790,2546,86.0,1.0,28.2287600082456,89.66901468757169,15.514200415733498,108.41067567973687,53.62997362509029
2166,2548,92.0,1.0,28.2287600082456,89.66901468757169,15.514200415733498,108.41067567973687,53.62997362509029
387,2549,20.0,1.0,28.2287600082456,89.66901468757169,15.514200415733498,108.41067567973687,53.62997362509029
387,2550,154.0,1.0,28.2287600082456,89.66901468757169,15.514200415733498,108.41067567973687,53.62997362509029
1350,2551,106.0,1.0,28.2287600082456,89.66901468757169,15.514200415733498,108.41067567973687,53.62997362509029
1350,2552,130.0,1.0,28.2287600082456,89.66901468757169,15.514200415733498,108.41067567973687,53.62997362509029
1366,2554,106.0,1.0,28.2287600082456,89.66901468757169,15.514200415733498,108.41067567973687,53.62997362509029
693,2556,110.0,1.0,28.2287600082456,89.66901468757169,15.514200415733498,108.41067567973687,53.62997362509029
1500,2557,29.42229540175307,1.0,28.2287600082456,89.66901468757169,15.514200415733498,108.41067567973687,53.62997362509029
1524,2560,128.0,1.0,28.2287600082456,89.66901468757169,15.514200415733498,108.41067567973687,53.62997362509029
1750,2562,86.0,1.0,28.2287600082456,89.66901468757169,15.514200415733498,108.41067567973687,53.62997362509029
1772,2563,92.0,1.0,28.2287600082456,89.66901468757169,15.514200415733498,108.41067567973687,53.62997362509029
1772,2564,48.0,1.0,28.2287600082456,89.66901468757169,15.514200415733498,108.41067567973687,53.62997362509029
1782,2566,98.0,1.0,28.2287600082456,89.66901468757169,15.514200415733498,108.41067567973687,53.62997362509029
1798,2568,122.0,1.0,28.2287600082456,89.66901468757169,15.514200415733498,108.41067567973687,53.62997362509029
1826,2569,114.0,1.0,28.2287600082456,89.66901468757169,15.514200415733498,108.41067567973687,53.62997362509029
1894,2571,52.0,1.0,28.2287600082456,89.66901468757169,15.514200415733498,108.41067567973687,53.62997362509029
1885,2573,80.0,1.0,28.2287600082456,89.66901468757169,15.514200415733498,108.41067567973687,53.62997362509029
2019,2575,136.52187369802616,1.0,28.2287600082456,89.66901468757169,15.514200415733498,108.41067567973687,53.62997362509029
2019,2576,70.0,1.0,28.2287600082456,89.66901468757169,15.514200415733498,108.41067567973687,53.62997362509029
925,2578,88.0,1.0,28.2287600082456,89.66901468757169,15.514200415733498,108.41067567973687,53.62997362509029
1336,2579,40.26176928307997,1.0,28.2287600082456,89.66901468757169,15.514200415733498,108.41067567973687,53.62997362509029
1336,2580,124.0,1.0,28.2287600082456,89.66901468757169,15.514200415733498,108.41067567973687,53.62997362509029
1261,2581,136.0,1.0,28.2287600082456,89.66901468757169,15.514200415733498,108.41067567973687,53.62997362509029
1097,2584,108.0,1.0,28.2287600082456,89.66901468757169,15.514200415733498,108.41067567973687,53.62997362509029
1179,2585,124.0,1.0,28.2287600082456,89.66901468757169,15.514200415733498,108.41067567973687,53.62997362509029
1179,2586,58.0,1.0,28.2287600082456,89.66901468757169,15.514200415733498,108.41067567973687,53.62997362509029
1103,2589,128.0,1.0,28.2287600082456,89.66901468757169,15.514200415733498,108.41067567973687,53.62997362509029
1103,2590,100.0,1.0,28.2287600082456,89.66901468757169,15.514200415733498,108.41067567973687,53.62997362509029
1454,2591,114.0,1.0,28.2287600082456,89.66901468757169,15.514200415733498,108.41067567973687,53.62997362509029
1454,2592,178.0,1.0,28.2287600082456,89.66901468757169,15.514200415733498,108.41067567973687,53.62997362509029
1540,2596,142.0,1.0,28.2287600082456,89.66901468757169,15.514200415733498,108.41067567973687,53.62997362509029
1580,2597,94.0,1.0,28.2287600082456,89.66901468757169,15.514200415733498,108.41067567973687,53.62997362509029
1580,2598,48.0,1.0,28.2287600082456,89.66901468757169,15.514200415733498,108.41067567973687,53.62997362509029
1616,2599,108.0,1.0,28.2287600082456,89.66901468757169,15.514200415733498,108.41067567973687,53.62997362509029
1616,2600,80.0,1.0,28.2287600082456,89.66901468757169,15.514200415733498,108.41067567973687,53.62997362509029
815,2601,128.0,1.0,28.2287600082456,89.66901468757169,15.514200415733498,108.41067567973687,53.62997362509029
815,2602,66.0,1.0,28.2287600082456,89.66901468757169,15.514200415733498,108.41067567973687,53.62997362509029
1662,2603,92.0,1.0,28.2287600082456,89.66901468757169,15.514200415733498,108.41067567973687,53.62997362509029
1690,2606,62.0,1.0,28.2287600082456,89.66901468757169,15.514200415733498,108.41067567973687,53.62997362509029
1760,2608,134.0,1.0,28.2287600082456,89.66901468757169,15.514200415733498,108.41067567973687,53.62997362509029
1551,2610,138.0,1.0,28.2287600082456,89.66901468757169,15.514200415733498,108.41067567973687,53.62997362509029
891,2611,146.0,1.0,28.2287600082456,89.66901468757169,15.514200415733498,108.41067567973687,53.62997362509029
891,2612,124.0,1.0,28.2287600082456,89.66901468757169,15.514200415733498,108.41067567973687,53.62997362509029
839,2613,104.0,1.0,28.2287600082456,89.66901468757169,15.514200415733498,108.41067567973687,53.62997362509029
1408,2615,186.0,1.0,28.2287600082456,89.66901468757169,15.514200415733498,108.41067567973687,53.62997362509029
1422,2617,100.0591850501568,1.0,28.2287600082456,89.66901468757169,15.514200415733498,108.41067567973687,53.62997362509029
1422,2618,88.0,1.0,28.2287600082456,89.66901468757169,15.514200415733498,108.41067567973687,53.62997362509029
1486,2621,84.0,1.0,28.2287600082456,89.66901468757169,15.514200415733498,108.41067567973687,53.62997362509029
1550,2623,76.0,1.0,28.2287600082456,89.66901468757169,15.514200415733498,108.41067567973687,53.62997362509029
1550,2624,70.0,1.0,28.2287600082456,89.66901468757169,15.514200415733498,108.41067567973687,53.62997362509029
1079,2625,217.07730510700176,1.0,28.2287600082456,89.66901468757169,15.514200415733498,108.41067567973687,53.62997362509029
1079,2626,168.0,1.0,28.2287600082456,89.66901468757169,15.514200415733498,108.41067567973687,53.62997362509029
1650,2627,111.4015068546091,1.0,28.2287600082456,89.66901468757169,15.514200415733498,108.41067567973687,53.62997362509029
1650,2628,104.0,1.0,28.2287600082456,89.66901468757169,15.514200415733498,108.41067567973687,53.62997362509029
1715,2629,66.0,1.0,28.2287600082456,89.66901468757169,15.514200415733498,108.41067567973687,53.62997362509029
1715,2630,84.0,1.0,28.2287600082456,89.66901468757169,15.514200415733498,108.41067567973687,53.62997362509029
1705,2631,100.0,1.0,28.2287600082456,89.66901468757169,15.514200415733498,108.41067567973687,53.62997362509029
1705,2632,102.0,1.0,28.2287600082456,89.66901468757169,15.514200415733498,108.41067567973687,53.62997362509029
2334,2633,124.0,1.0,28.2287600082456,89.66901468757169,15.514200415733498,108.41067567973687,53.62997362509029
2334,2634,142.0,1.0,28.2287600082456,89.66901468757169,15.514200415733498,108.41067567973687,53.62997362509029
1448,2640,110.0,1.0,28.2287600082456,89.66901468757169,15.514200415733498,108.41067567973687,53.62997362509029
1464,2641,106.0,1.0,28.2287600082456,89.66901468757169,15.514200415733498,108.41067567973687,53.62997362509029
1464,2642,70.0,1.0,28.2287600082456,89.66901468757169,15.514200415733498,108.41067567973687,53.62997362509029
1658,2643,66.0,1.0,28.2287600082456,89.66901468757169,15.514200415733498,108.41067567973687,53.62997362509029
1658,2644,34.0,1.0,28.2287600082456,89.66901468757169,15.514200415733498,108.41067567973687,53.62997362509029
981,2646,58.0,1.0,28.2287600082456,89.66901468757169,15.514200415733498,108.41067567973687,53.62997362509029
1714,2649,144.0,1.0,28.2287600082456,89.66901468757169,15.514200415733498,108.41067567973687,53.62997362509029
1786,2653,92.0,1.0,28.2287600082456,89.66901468757169,15.514200415733498,108.41067567973687,53.62997362509029
1786,2654,136.0,1.0,28.2287600082456,89.66901468757169,15.514200415733498,108.41067567973687,53.62997362509029
835,2656,98.0,1.0,28.2287600082456,89.66901468757169,15.514200415733498,108.41067567973687,53.62997362509029
1890,2657,68.0,1.0,28.2287600082456,89.66901468757169,15.514200415733498,108.41067567973687,53.62997362509029
1890,2658,104.0,1.0,28.2287600082456,89.66901468757169,15.514200415733498,108.41067567973687,53.62997362509029
1185,2659,120.0,1.0,28.2287600082456,89.66901468757169,15.514200415733498,108.41067567973687,53.62997362509029
1185,2660,106.0,1.0,28.2287600082456,89.66901468757169,15.514200415733498,108.41067567973687,53.62997362509029
1723,2662,50.0,1.0,28.2287600082456,89.66901468757169,15.514200415733498,108.41067567973687,53.62997362509029
1677,2666,34.0,1.0,28.2287600082456,89.66901468757169,15.514200415733498,108.41067567973687,53.62997362509029
2150,2667,62.0,1.0,28.2287600082456,89.66901468757169,15.514200415733498,108.41067567973687,53.62997362509029
2150,2668,118.0,1.0,28.2287600082456,89.66901468757169,15.514200415733498,108.41067567973687,53.62997362509029
1180,2669,79.62593217931675,1.0,28.2287600082456,89.66901468757169,15.514200415733498,108.41067567973687,53.62997362509029
1049,2671,78.0,1.0,28.2287600082456,89.66901468757169,15.514200415733498,108.41067567973687,53.62997362509029
887,2673,104.0,1.0,28.2287600082456,89.66901468757169,15.514200415733498,108.41067567973687,53.62997362509029
887,2674,42.0,1.0,28.2287600082456,89.66901468757169,15.514200415733498,108.41067567973687,53.62997362509029
1171,2676,98.0,1.0,28.2287600082456,89.66901468757169,15.514200415733498,108.41067567973687,53.62997362509029
1544,2677,101.50256971033835,1.0,28.2287600082456,89.66901468757169,15.514200415733498,108.41067567973687,53.62997362509029
1544,2678,56.0,1.0,28.2287600082456,89.66901468757169,15.514200415733498,108.41067567973687,53.62997362509029
1554,2679,193.01695454717157,1.0,28.2287600082456,89.66901468757169,15.514200415733498,108.41067567973687,53.62997362509029
1554,2680,152.0,1.0,28.2287600082456,89.66901468757169,15.514200415733498,108.41067567973687,53.62997362509029
1129,2681,118.0,1.0,28.2287600082456,89.66901468757169,15.514200415733498,108.41067567973687,53.62997362509029
1129,2682,106.0,1.0,28.2287600082456,89.66901468757169,15.514200415733498,108.41067567973687,53.62997362509029
1716,2684,132.0,1.0,28.2287600082456,89.66901468757169,15.514200415733498,108.41067567973687,53.62997362509029
1730,2685,134.3313587999505,1.0,28.2287600082456,89.66901468757169,15.514200415733498,108.41067567973687,53.62997362509029
1800,2689,125.09512910121322,1.0,28.2287600082456,89.66901468757169,15.514200415733498,108.41067567973687,53.62997362509029
1816,2692,134.0,1.0,28.2287600082456,89.66901468757169,15.514200415733498,108.41067567973687,53.62997362509029
1878,2695,86.0,1.0,28.2287600082456,89.66901468757169,15.514200415733498,108.41067567973687,53.62997362509029
1878,2696,86.0,1.0,28.2287600082456,89.66901468757169,15.514200415733498,108.41067567973687,53.62997362509029
1136,2697,113.28798047853243,1.0,28.2287600082456,89.66901468757169,15.514200415733498,108.41067567973687,53.62997362509029
1136,2698,134.0,1.0,28.2287600082456,89.66901468757169,15.514200415733498,108.41067567973687,53.62997362509029
727,2699,96.0,1.0,28.2287600082456,89.66901468757169,15.514200415733498,108.41067567973687,53.62997362509029
727,2700,106.0,1.0,28.2287600082456,89.66901468757169,15.514200415733498,108.41067567973687,53.62997362509029
1572,2702,54.0,1.0,28.2287600082456,89.66901468757169,15.514200415733498,108.41067567973687,53.62997362509029
1620,2703,142.0,1.0,28.2287600082456,89.66901468757169,15.514200415733498,108.41067567973687,53.62997362509029
1620,2704,122.0,1.0,28.2287600082456,89.66901468757169,15.514200415733498,108.41067567973687,53.62997362509029
1670,2705,152.0,1.0,28.2287600082456,89.66901468757169,15.514200415733498,108.41067567973687,53.62997362509029
1706,2707,86.0,1.0,28.2287600082456,89.66901468757169,15.514200415733498,108.41067567973687,53.62997362509029
1706,2708,100.0,1.0,28.2287600082456,89.66901468757169,15.514200415733498,108.41067567973687,53.62997362509029
665,2711,129.30166977410775,1.0,28.2287600082456,89.66901468757169,15.514200415733498,108.41067567973687,53.62997362509029
665,2712,116.0,1.0,28.2287600082456,89.66901468757169,15.514200415733498,108.41067567973687,53.62997362509029
1854,2713,64.0,1.0,28.2287600082456,89.66901468757169,15.514200415733498,108.41067567973687,53.62997362509029
1404,2715,125.27826874378862,1.0,28.2287600082456,89.66901468757169,15.514200415733498,108.41067567973687,53.62997362509029
1404,2716,124.0,1.0,28.2287600082456,89.66901468757169,15.514200415733498,108.41067567973687,53.62997362509029
1379,2717,54.0,1.0,28.2287600082456,89.66901468757169,15.514200415733498,108.41067567973687,53.62997362509029
1297,2721,80.0,1.0,28.2287600082456,89.66901468757169,15.514200415733498,108.41067567973687,53.62997362509029
1297,2722,66.0,1.0,28.2287600082456,89.66901468757169,15.514200415733498,108.41067567973687,53.62997362509029
1774,2723,100.0,1.0,28.2287600082456,89.66901468757169,15.514200415733498,108.41067567973687,53.62997362509029
1774,2724,104.0,1.0,28.2287600082456,89.66901468757169,15.514200415733498,108.41067567973687,53.62997362509029
1273,2725,178.0,1.0,28.2287600082456,89.66901468757169,15.514200415733498,108.41067567973687,53.62997362509029
1273,2726,128.0,1.0,28.2287600082456,89.66901468757169,15.514200415733498,108.41067567973687,53.62997362509029
1377,2729,120.0044530358465,1.0,28.2287600082456,89.66901468757169,15.514200415733498,108.41067567973687,53.62997362509029
1377,2730,106.0,1.0,28.2287600082456,89.66901468757169,15.514200415733498,108.41067567973687,53.62997362509029
1545,2731,100.0,1.0,28.2287600082456,89.66901468757169,15.514200415733498,108.41067567973687,53.62997362509029
821,2734,114.0,1.0,28.2287600082456,89.66901468757169,15.514200415733498,108.41067567973687,53.62997362509029
1588,2737,54.0,1.0,28.2287600082456,89.66901468757169,15.514200415733498,108.41067567973687,53.62997362509029
1588,2738,100.0,1.0,28.2287600082456,89.66901468757169,15.514200415733498,108.41067567973687,53.62997362509029
999,2739,126.0,1.0,28.2287600082456,89.66901468757169,15.514200415733498,108.41067567973687,53.62997362509029
999,2740,102.0,1.0,28.2287600082456,89.66901468757169,15.514200415733498,108.41067567973687,53.62997362509029
1674,2741,114.0,1.0,28.2287600082456,89.66901468757169,15.514200415733498,108.41067567973687,53.62997362509029
1674,2742,100.0,1.0,28.2287600082456,89.66901468757169,15.514200415733498,108.41067567973687,53.62997362509029
1844,2743,60.0,1.0,28.2287600082456,89.66901468757169,15.514200415733498,108.41067567973687,53.62997362509029
1844,2744,80.0,1.0,28.2287600082456,89.66901468757169,15.514200415733498,108.41067567973687,53.62997362509029
1858,2745,58.0,1.0,28.2287600082456,89.66901468757169,15.514200415733498,108.41067567973687,53.62997362509029
1858,2746,46.0,1.0,28.2287600082456,89.66901468757169,15.514200415733498,108.41067567973687,53.62997362509029
733,2748,104.0,1.0,28.2287600082456,89.66901468757169,15.514200415733498,108.41067567973687,53.62997362509029
1329,2750,104.0,1.0,28.2287600082456,89.66901468757169,15.514200415733498,108.41067567973687,53.62997362509029
1980,2752,98.0,1.0,28.2287600082456,89.66901468757169,15.514200415733498,108.41067567973687,53.62997362509029
2268,2753,126.0,1.0,28.2287600082456,89.66901468757169,15.514200415733498,108.41067567973687,53.62997362509029
2268,2754,128.0,1.0,28.2287600082456,89.66901468757169,15.514200415733498,108.41067567973687,53.62997362509029
1256,2755,82.0,1.0,28.2287600082456,89.66901468757169,15.514200415733498,108.41067567973687,53.62997362509029
1256,2756,112.0,1.0,28.2287600082456,89.66901468757169,15.514200415733498,108.41067567973687,53.62997362509029
1267,2757,146.0,1.0,28.2287600082456,89.66901468757169,15.514200415733498,108.41067567973687,53.62997362509029
1267,2758,116.0,1.0,28.2287600082456,89.66901468757169,15.514200415733498,108.41067567973687,53.62997362509029
1037,2759,62.23862643613199,1.0,28.2287600082456,89.66901468757169,15.514200415733498,108.41067567973687,53.62997362509029
1037,2760,88.0,1.0,28.2287600082456,89.66901468757169,15.514200415733498,108.41067567973687,53.62997362509029
1466,2761,154.0,1.0,28.2287600082456,89.66901468757169,15.514200415733498,108.41067567973687,53.62997362509029
1536,2763,122.56602605443055,1.0,28.2287600082456,89.66901468757169,15.514200415733498,108.41067567973687,53.62997362509029
1536,2764,104.0,1.0,28.2287600082456,89.66901468757169,15.514200415733498,108.41067567973687,53.62997362509029
1602,2765,113.0081269286329,1.0,28.2287600082456,89.66901468757169,15.514200415733498,108.41067567973687,53.62997362509029
1602,2766,58.0,1.0,28.2287600082456,89.66901468757169,15.514200415733498,108.41067567973687,53.62997362509029
1694,2767,130.0,1.0,28.2287600082456,89.66901468757169,15.514200415733498,108.41067567973687,53.62997362509029
1720,2769,44.0,1.0,28.2287600082456,89.66901468757169,15.514200415733498,108.41067567973687,53.62997362509029
1720,2770,88.0,1.0,28.2287600082456,89.66901468757169,15.514200415733498,108.41067567973687,53.62997362509029
1822,2771,48.0,1.0,28.2287600082456,89.66901468757169,15.514200415733498,108.41067567973687,53.62997362509029
1822,2772,102.0,1.0,28.2287600082456,89.66901468757169,15.514200415733498,108.41067567973687,53.62997362509029
1828,2773,27.331178330954792,1.0,28.2287600082456,89.66901468757169,15.514200415733498,108.41067567973687,53.62997362509029
1828,2774,98.0,1.0,28.2287600082456,89.66901468757169,15.514200415733498,108.41067567973687,53.62997362509029
1767,2776,100.0,1.0,28.2287600082456,89.66901468757169,15.514200415733498,108.41067567973687,53.62997362509029
1914,2779,82.0,1.0,28.2287600082456,89.66901468757169,15.514200415733498,108.41067567973687,53.62997362509029
1287,2782,114.0,1.0,28.2287600082456,89.66901468757169,15.514200415733498,108.41067567973687,53.62997362509029
2132,2785,70.0,1.0,28.2287600082456,89.66901468757169,15.514200415733498,108.41067567973687,53.62997362509029
2132,2786,86.0,1.0,28.2287600082456,89.66901468757169,15.514200415733498,108.41067567973687,53.62997362509029
1508,2789,94.0,1.0,28.2287600082456,89.66901468757169,15.514200415733498,108.41067567973687,53.62997362509029
1508,2790,120.0,1.0,28.2287600082456,89.66901468757169,15.514200415733498,108.41067567973687,53.62997362509029
1514,2791,88.0,1.0,28.2287600082456,89.66901468757169,15.514200415733498,108.41067567973687,53.62997362509029
1514,2792,110.0,1.0,28.2287600082456,89.66901468757169,15.514200415733498,108.41067567973687,53.62997362509029
1530,2794,104.0,1.0,28.2287600082456,89.66901468757169,15.514200415733498,108.41067567973687,53.62997362509029
1604,2795,122.0,1.0,28.2287600082456,89.66901468757169,15.514200415733498,108.41067567973687,53.62997362509029
1604,2796,82.0,1.0,28.2287600082456,89.66901468757169,15.514200415733498,108.41067567973687,53.62997362509029
1644,2797,96.0,1.0,28.2287600082456,89.66901468757169,15.514200415733498,108.41067567973687,53.62997362509029
1656,2799,98.0,1.0,28.2287600082456,89.66901468757169,15.514200415733498,108.41067567973687,53.62997362509029
1656,2800,92.0,1.0,28.2287600082456,89.66901468757169,15.514200415733498,108.41067567973687,53.62997362509029
1666,2801,18.0,1.0,28.2287600082456,89.66901468757169,15.514200415733498,108.41067567973687,53.62997362509029
1666,2802,114.0,1.0,28.2287600082456,89.66901468757169,15.514200415733498,108.41067567973687,53.62997362509029
1692,2805,84.0,1.0,28.2287600082456,89.66901468757169,15.514200415733498,108.41067567973687,53.62997362509029
1692,2806,108.0,1.0,28.2287600082456,89.66901468757169,15.514200415733498,108.41067567973687,53.62997362509029
1726,2807,86.0,1.0,28.2287600082456,89.66901468757169,15.514200415733498,108.41067567973687,53.62997362509029
1726,2808,68.0,1.0,28.2287600082456,89.66901468757169,15.514200415733498,108.41067567973687,53.62997362509029
1810,2812,86.0,1.0,28.2287600082456,89.66901468757169,15.514200415733498,108.41067567973687,53.62997362509029
1864,2815,100.0,1.0,28.2287600082456,89.66901468757169,15.514200415733498,108.41067567973687,53.62997362509029
1864,2816,100.0,1.0,28.2287600082456,89.66901468757169,15.514200415733498,108.41067567973687,53.62997362509029
1886,2818,136.0,1.0,28.2287600082456,89.66901468757169,15.514200415733498,108.41067567973687,53.62997362509029
1978,2819,98.0,1.0,28.2287600082456,89.66901468757169,15.514200415733498,108.41067567973687,53.62997362509029
1978,2820,142.0,1.0,28.2287600082456,89.66901468757169,15.514200415733498,108.41067567973687,53.62997362509029
1123,2821,63.3687051168694,1.0,28.2287600082456,89.66901468757169,15.514200415733498,108.41067567973687,53.62997362509029
1123,2822,114.0,1.0,28.2287600082456,89.66901468757169,15.514200415733498,108.41067567973687,53.62997362509029
2032,2824,102.0,1.0,28.2287600082456,89.66901468757169,15.514200415733498,108.41067567973687,53.62997362509029
2066,2825,44.0,1.0,28.2287600082456,89.66901468757169,15.514200415733498,108.41067567973687,53.62997362509029
2066,2826,124.0,1.0,28.2287600082456,89.66901468757169,15.514200415733498,108.41067567973687,53.62997362509029
2348,2828,68.0,1.0,28.2287600082456,89.66901468757169,15.514200415733498,108.41067567973687,53.62997362509029
557,2829,118.0,1.0,28.2287600082456,89.66901468757169,15.514200415733498,108.41067567973687,53.62997362509029
557,2830,80.0,1.0,28.2287600082456,89.66901468757169,15.514200415733498,108.41067567973687,53.62997362509029
625,2833,130.0,1.0,28.2287600082456,89.66901468757169,15.514200415733498,108.41067567973687,53.62997362509029
1532,2835,98.0,1.0,28.2287600082456,89.66901468757169,15.514200415733498,108.41067567973687,53.62997362509029
1532,2836,78.0,1.0,28.2287600082456,89.66901468757169,15.514200415733498,108.41067567973687,53.62997362509029
1576,2838,150.0,1.0,28.2287600082456,89.66901468757169,15.514200415733498,108.41067567973687,53.62997362509029
1622,2839,44.0,1.0,28.2287600082456,89.66901468757169,15.514200415733498,108.41067567973687,53.62997362509029
1622,2840,64.0,1.0,28.2287600082456,89.66901468757169,15.514200415733498,108.41067567973687,53.62997362509029
1664,2843,58.0,1.0,28.2287600082456,89.66901468757169,15.514200415733498,108.41067567973687,53.62997362509029
1664,2844,114.0,1.0,28.2287600082456,89.66901468757169,15.514200415733498,108.41067567973687,53.62997362509029
1177,2845,82.0,1.0,28.2287600082456,89.66901468757169,15.514200415733498,108.41067567973687,53.62997362509029
1177,2846,86.0,1.0,28.2287600082456,89.66901468757169,15.514200415733498,108.41067567973687,53.62997362509029
1893,2848,104.0,1.0,28.2287600082456,89.66901468757169,15.514200415733498,108.41067567973687,53.62997362509029
1401,2849,80.0,1.0,28.2287600082456,89.66901468757169,15.514200415733498,108.41067567973687,53.62997362509029
1401,2850,82.0,1.0,28.2287600082456,89.66901468757169,15.514200415733498,108.41067567973687,53.62997362509029
1974,2852,96.0,1.0,28.2287600082456,89.66901468757169,15.514200415733498,108.41067567973687,53.62997362509029
1941,2853,68.0,1.0,28.2287600082456,89.66901468757169,15.514200415733498,108.41067567973687,53.62997362509029
1941,2854,114.0,1.0,28.2287600082456,89.66901468757169,15.514200415733498,108.41067567973687,53.62997362509029
1105,2858,100.0,1.0,28.2287600082456,89.66901468757169,15.514200415733498,108.41067567973687,53.62997362509029
1556,2859,75.69588309578396,1.0,28.2287600082456,89.66901468757169,15.514200415733498,108.41067567973687,53.62997362509029
1556,2860,50.0,1.0,28.2287600082456,89.66901468757169,15.514200415733498,108.41067567973687,53.62997362509029
1562,2861,58.0,1.0,28.2287600082456,89.66901468757169,15.514200415733498,108.41067567973687,53.62997362509029
1562,2862,188.0,1.0,28.2287600082456,89.66901468757169,15.514200415733498,108.41067567973687,53.62997362509029
1027,2867,119.97835526504724,1.0,28.2287600082456,89.66901468757169,15.514200415733498,108.41067567973687,53.62997362509029
1633,2870,138.0,1.0,28.2287600082456,89.66901468757169,15.514200415733498,108.41067567973687,53.62997362509029
1934,2871,70.0,1.0,28.2287600082456,89.66901468757169,15.514200415733498,108.41067567973687,53.62997362509029
1934,2872,100.0,1.0,28.2287600082456,89.66901468757169,15.514200415733498,108.41067567973687,53.62997362509029
2034,2875,70.0,1.0,28.2287600082456,89.66901468757169,15.514200415733498,108.41067567973687,53.62997362509029
2034,2876,36.0,1.0,28.2287600082456,89.66901468757169,15.514200415733498,108.41067567973687,53.62997362509029
2452,2879,132.0,1.0,28.2287600082456,89.66901468757169,15.514200415733498,108.41067567973687,53.62997362509029
2452,2880,148.0,1.0,28.2287600082456,89.66901468757169,15.514200415733498,108.41067567973687,53.62997362509029
1370,2881,20.0,1.0,28.2287600082456,89.66901468757169,15.514200415733498,108.41067567973687,53.62997362509029
1370,2882,146.0,1.0,28.2287600082456,89.66901468757169,15.514200415733498,108.41067567973687,53.62997362509029
1083,2883,94.12832508721442,1.0,28.2287600082456,89.66901468757169,15.514200415733498,108.41067567973687,53.62997362509029
1083,2884,116.0,1.0,28.2287600082456,89.66901468757169,15.514200415733498,108.41067567973687,53.62997362509029
1265,2886,74.0,1.0,28.2287600082456,89.66901468757169,15.514200415733498,108.41067567973687,53.62997362509029
1233,2888,166.0,1.0,28.2287600082456,89.66901468757169,15.514200415733498,108.41067567973687,53.62997362509029
1784,2889,134.0,1.0,28.2287600082456,89.66901468757169,15.514200415733498,108.41067567973687,53.62997362509029
1784,2890,100.0,1.0,28.2287600082456,89.66901468757169,15.514200415733498,108.41067567973687,53.62997362509029
1205,2893,118.0,1.0,28.2287600082456,89.66901468757169,15.514200415733498,108.41067567973687,53.62997362509029
1205,2894,82.0,1.0,28.2287600082456,89.66901468757169,15.514200415733498,108.41067567973687,53.62997362509029
2002,2895,174.0,1.0,28.2287600082456,89.66901468757169,15.514200415733498,108.41067567973687,53.62997362509029
2002,2896,116.0,1.0,28.2287600082456,89.66901468757169,15.514200415733498,108.41067567973687,53.62997362509029
2204,2897,66.0,1.0,28.2287600082456,89.66901468757169,15.514200415733498,108.41067567973687,53.62997362509029
2204,2898,88.0,1.0,28.2287600082456,89.66901468757169,15.514200415733498,108.41067567973687,53.62997362509029
1134,2899,54.0,1.0,28.2287600082456,89.66901468757169,15.514200415733498,108.41067567973687,53.62997362509029
1134,2900,228.0,1.0,28.2287600082456,89.66901468757169,15.514200415733498,108.41067567973687,53.62997362509029
1319,2902,140.0,1.0,28.2287600082456,89.66901468757169,15.514200415733498,108.41067567973687,53.62997362509029
1101,2905,92.0,1.0,28.2287600082456,89.66901468757169,15.514200415733498,108.41067567973687,53.62997362509029
1101,2906,114.0,1.0,28.2287600082456,89.66901468757169,15.514200415733498,108.41067567973687,53.62997362509029
1652,2908,72.0,1.0,28.2287600082456,89.66901468757169,15.514200415733498,108.41067567973687,53.62997362509029
1407,2909,130.0,1.0,28.2287600082456,89.66901468757169,15.514200415733498,108.41067567973687,53.62997362509029
1407,2910,110.0,1.0,28.2287600082456,89.66901468757169,15.514200415733498,108.41067567973687,53.62997362509029
1698,2911,124.0,1.0,28.2287600082456,89.66901468757169,15.514200415733498,108.41067567973687,53.62997362509029
1603,2913,80.0,1.0,28.2287600082456,89.66901468757169,15.514200415733498,108.41067567973687,53.62997362509029
1724,2915,58.57273155150219,1.0,28.2287600082456,89.66901468757169,15.514200415733498,108.41067567973687,53.62997362509029
1724,2916,142.0,1.0,28.2287600082456,89.66901468757169,15.514200415733498,108.41067567973687,53.62997362509029
1417,2917,92.0,1.0,28.2287600082456,89.66901468757169,15.514200415733498,108.41067567973687,53.62997362509029
1417,2918,190.0,1.0,28.2287600082456,89.66901468757169,15.514200415733498,108.41067567973687,53.62997362509029
1872,2919,96.0,1.0,28.2287600082456,89.66901468757169,15.514200415733498,108.41067567973687,53.62997362509029
1872,2920,140.0,1.0,28.2287600082456,89.66901468757169,15.514200415733498,108.41067567973687,53.62997362509029
1933,2921,80.0,1.0,28.2287600082456,89.66901468757169,15.514200415733498,108.41067567973687,53.62997362509029
1933,2922,80.0,1.0,28.2287600082456,89.66901468757169,15.514200415733498,108.41067567973687,53.62997362509029
2044,2926,104.0,1.0,28.2287600082456,89.66901468757169,15.514200415733498,108.41067567973687,53.62997362509029
1875,2928,118.0,1.0,28.2287600082456,89.66901468757169,15.514200415733498,108.41067567973687,53.62997362509029
2096,2929,142.0,1.0,28.2287600082456,89.66901468757169,15.514200415733498,108.41067567973687,53.62997362509029
1628,2931,12.00082645510642,1.0,28.2287600082456,89.66901468757169,15.514200415733498,108.41067567973687,53.62997362509029
1628,2932,108.0,1.0,28.2287600082456,89.66901468757169,15.514200415733498,108.41067567973687,53.62997362509029
1313,2933,68.0,1.0,28.2287600082456,89.66901468757169,15.514200415733498,108.41067567973687,53.62997362509029
1712,2935,114.0,1.0,28.2287600082456,89.66901468757169,15.514200415733498,108.41067567973687,53.62997362509029
1766,2939,80.0,1.0,28.2287600082456,89.66901468757169,15.514200415733498,108.41067567973687,53.62997362509029
1766,2940,46.0,1.0,28.2287600082456,89.66901468757169,15.514200415733498,108.41067567973687,53.62997362509029
1824,2942,94.0,1.0,28.2287600082456,89.66901468757169,15.514200415733498,108.41067567973687,53.62997362509029
685,2944,144.0,1.0,28.2287600082456,89.66901468757169,15.514200415733498,108.41067567973687,53.62997362509029
1942,2946,84.0,1.0,28.2287600082456,89.66901468757169,15.514200415733498,108.41067567973687,53.62997362509029
2102,2949,128.0,1.0,28.2287600082456,89.66901468757169,15.514200415733498,108.41067567973687,53.62997362509029
1175,2951,52.0,1.0,28.2287600082456,89.66901468757169,15.514200415733498,108.41067567973687,53.62997362509029
1175,2952,116.0,1.0,28.2287600082456,89.66901468757169,15.514200415733498,108.41067567973687,53.62997362509029
2310,2954,70.0,1.0,28.2287600082456,89.66901468757169,15.514200415733498,108.41067567973687,53.62997362509029
751,2956,114.0,1.0,28.2287600082456,89.66901468757169,15.514200415733498,108.41067567973687,53.62997362509029
1626,2958,98.0,1.0,28.2287600082456,89.66901468757169,15.514200415733498,108.41067567973687,53.62997362509029
1017,2959,24.0,1.0,28.2287600082456,89.66901468757169,15.514200415733498,108.41067567973687,53.62997362509029
1740,2961,40.85974072274793,1.0,28.2287600082456,89.66901468757169,15.514200415733498,108.41067567973687,53.62997362509029
1740,2962,94.0,1.0,28.2287600082456,89.66901468757169,15.514200415733498,108.41067567973687,53.62997362509029
1744,2963,126.0,1.0,28.2287600082456,89.66901468757169,15.514200415733498,108.41067567973687,53.62997362509029
1744,2964,70.0,1.0,28.2287600082456,89.66901468757169,15.514200415733498,108.41067567973687,53.62997362509029
1776,2966,253.34530574489796,1.0,28.2287600082456,89.66901468757169,15.514200415733498,108.41067567973687,53.62997362509029
2016,2967,88.04968796953125,1.0,28.2287600082456,89.66901468757169,15.514200415733498,108.41067567973687,53.62997362509029
2016,2968,102.0,1.0,28.2287600082456,89.66901468757169,15.514200415733498,108.41067567973687,53.62997362509029
1965,2969,118.0,1.0,28.2287600082456,89.66901468757169,15.514200415733498,108.41067567973687,53.62997362509029
1965,2970,116.0,1.0,28.2287600082456,89.66901468757169,15.514200415733498,108.41067567973687,53.62997362509029
2206,2971,136.0,1.0,28.2287600082456,89.66901468757169,15.514200415733498,108.41067567973687,53.62997362509029
1235,2973,92.19347053444908,1.0,28.2287600082456,89.66901468757169,15.514200415733498,108.41067567973687,53.62997362509029
1235,2974,168.0,1.0,28.2287600082456,89.66901468757169,15.514200415733498,108.41067567973687,53.62997362509029
1292,2976,102.0,1.0,28.2287600082456,89.66901468757169,15.514200415733498,108.41067567973687,53.62997362509029
1526,2979,80.0,1.0,28.2287600082456,89.66901468757169,15.514200415733498,108.41067567973687,53.62997362509029
1802,2982,76.0,1.0,28.2287600082456,89.66901468757169,15.514200415733498,108.41067567973687,53.62997362509029
1830,2983,160.0,1.0,28.2287600082456,89.66901468757169,15.514200415733498,108.41067567973687,53.62997362509029
1499,2987,44.0,1.0,28.2287600082456,89.66901468757169,15.514200415733498,108.41067567973687,53.62997362509029
1499,2988,52.0,1.0,28.2287600082456,89.66901468757169,15.514200415733498,108.41067567973687,53.62997362509029
1926,2990,98.0,1.0,28.2287600082456,89.66901468757169,15.514200415733498,108.41067567973687,53.62997362509029
2006,2994,102.0,1.0,28.2287600082456,89.66901468757169,15.514200415733498,108.41067567973687,53.62997362509029
455,2997,132.0,1.0,28.2287600082456,89.66901468757169,15.514200415733498,108.41067567973687,53.62997362509029
1148,3000,86.0,1.0,28.2287600082456,89.66901468757169,15.514200415733498,108.41067567973687,53.62997362509029
1308,3001,78.0,1.0,28.2287600082456,89.66901468757169,15.514200415733498,108.41067567973687,53.62997362509029
1308,3002,180.0,1.0,28.2287600082456,89.66901468757169,15.514200415733498,108.41067567973687,53.62997362509029
1081,3006,130.0,1.0,28.2287600082456,89.66901468757169,15.514200415733498,108.41067567973687,53.62997362509029
1546,3007,122.0,1.0,28.2287600082456,89.66901468757169,15.514200415733498,108.41067567973687,53.62997362509029
1682,3011,108.0,1.0,28.2287600082456,89.66901468757169,15.514200415733498,108.41067567973687,53.62997362509029
1682,3012,84.0,1.0,28.2287600082456,89.66901468757169,15.514200415733498,108.41067567973687,53.62997362509029
1686,3013,108.0,1.0,28.2287600082456,89.66901468757169,15.514200415733498,108.41067567973687,53.62997362509029
1686,3014,104.0,1.0,28.2287600082456,89.66901468757169,15.514200415733498,108.41067567973687,53.62997362509029
1754,3015,98.0,1.0,28.2287600082456,89.66901468757169,15.514200415733498,108.41067567973687,53.62997362509029
1754,3016,98.0,1.0,28.2287600082456,89.66901468757169,15.514200415733498,108.41067567973687,53.62997362509029
1819,3019,114.0,1.0,28.2287600082456,89.66901468757169,15.514200415733498,108.41067567973687,53.62997362509029
1819,3020,116.0,1.0,28.2287600082456,89.66901468757169,15.514200415733498,108.41067567973687,53.62997362509029
1741,3021,120.95660260388419,1.0,28.2287600082456,89.66901468757169,15.514200415733498,108.41067567973687,53.62997362509029
1741,3022,92.0,1.0,28.2287600082456,89.66901468757169,15.514200415733498,108.41067567973687,53.62997362509029
1927,3024,92.0,1.0,28.2287600082456,89.66901468757169,15.514200415733498,108.41067567973687,53.62997362509029
2192,3025,96.0,1.0,28.2287600082456,89.66901468757169,15.514200415733498,108.41067567973687,53.62997362509029
2192,3026,98.0,1.0,28.2287600082456,89.66901468757169,15.514200415733498,108.41067567973687,53.62997362509029
2210,3028,90.0,1.0,28.2287600082456,89.66901468757169,15.514200415733498,108.41067567973687,53.62997362509029
2346,3029,106.0,1.0,28.2287600082456,89.66901468757169,15.514200415733498,108.41067567973687,53.62997362509029
2346,3030,78.0,1.0,28.2287600082456,89.66901468757169,15.514200415733498,108.41067567973687,53.62997362509029
888,3031,112.0,1.0,28.2287600082456,89.66901468757169,15.514200415733498,108.41067567973687,53.62997362509029
888,3032,116.0,1.0,28.2287600082456,89.66901468757169,15.514200415733498,108.41067567973687,53.62997362509029
1003,3033,52.0,1.0,28.2287600082456,89.66901468757169,15.514200415733498,108.41067567973687,53.62997362509029
1462,3035,132.0,1.0,28.2287600082456,89.66901468757169,15.514200415733498,108.41067567973687,53.62997362509029
1462,3036,100.0,1.0,28.2287600082456,89.66901468757169,15.514200415733498,108.41067567973687,53.62997362509029
1642,3038,136.0,1.0,28.2287600082456,89.66901468757169,15.514200415733498,108.41067567973687,53.62997362509029
1884,3043,77.35045422111588,1.0,28.2287600082456,89.66901468757169,15.514200415733498,108.41067567973687,53.62997362509029
1940,3045,18.67072751522797,1.0,28.2287600082456,89.66901468757169,15.514200415733498,108.41067567973687,53.62997362509029
1948,3048,142.0,1.0,28.2287600082456,89.66901468757169,15.514200415733498,108.41067567973687,53.62997362509029
1761,3053,59.152179296663675,1.0,28.2287600082456,89.66901468757169,15.514200415733498,108.41067567973687,53.62997362509029
1761,3054,92.0,1.0,28.2287600082456,89.66901468757169,15.514200415733498,108.41067567973687,53.62997362509029
2156,3055,130.0,1.0,28.2287600082456,89.66901468757169,15.514200415733498,108.41067567973687,53.62997362509029
1365,3057,76.0,1.0,28.2287600082456,89.66901468757169,15.514200415733498,108.41067567973687,53.62997362509029
2316,3061,46.0,1.0,28.2287600082456,89.66901468757169,15.514200415733498,108.41067567973687,53.62997362509029
2316,3062,94.0,1.0,28.2287600082456,89.66901468757169,15.514200415733498,108.41067567973687,53.62997362509029
2358,3063,122.0,1.0,28.2287600082456,89.66901468757169,15.514200415733498,108.41067567973687,53.62997362509029
2358,3064,78.0,1.0,28.2287600082456,89.66901468757169,15.514200415733498,108.41067567973687,53.62997362509029
1493,3066,122.0,1.0,28.2287600082456,89.66901468757169,15.514200415733498,108.41067567973687,53.62997362509029
2515,3067,90.64122994457108,1.0,28.2287600082456,89.66901468757169,15.514200415733498,108.41067567973687,53.62997362509029
2515,3068,122.0,1.0,28.2287600082456,89.66901468757169,15.514200415733498,108.41067567973687,53.62997362509029
1218,3072,78.0,1.0,28.2287600082456,89.66901468757169,15.514200415733498,108.41067567973687,53.62997362509029
1806,3074,130.0,1.0,28.2287600082456,89.66901468757169,15.514200415733498,108.41067567973687,53.62997362509029
1891,3076,150.0,1.0,28.2287600082456,89.66901468757169,15.514200415733498,108.41067567973687,53.62997362509029
1910,3078,144.0,1.0,28.2287600082456,89.66901468757169,15.514200415733498,108.41067567973687,53.62997362509029
1763,3082,66.0,1.0,28.2287600082456,89.66901468757169,15.514200415733498,108.41067567973687,53.62997362509029
2036,3083,109.04536172200648,1.0,28.2287600082456,89.66901468757169,15.514200415733498,108.41067567973687,53.62997362509029
2036,3084,98.0,1.0,28.2287600082456,89.66901468757169,15.514200415733498,108.41067567973687,53.62997362509029
2052,3085,106.11129119505738,1.0,28.2287600082456,89.66901468757169,15.514200415733498,108.41067567973687,53.62997362509029
769,3089,90.0,1.0,28.2287600082456,89.66901468757169,15.514200415733498,108.41067567973687,53.62997362509029
825,3093,94.0,1.0,28.2287600082456,89.66901468757169,15.514200415733498,108.41067567973687,53.62997362509029
825,3094,156.0,1.0,28.2287600082456,89.66901468757169,15.514200415733498,108.41067567973687,53.62997362509029
1582,3095,68.0,1.0,28.2287600082456,89.66901468757169,15.514200415733498,108.41067567973687,53.62997362509029
1582,3096,84.0,1.0,28.2287600082456,89.66901468757169,15.514200415733498,108.41067567973687,53.62997362509029
721,3097,126.0,1.0,28.2287600082456,89.66901468757169,15.514200415733498,108.41067567973687,53.62997362509029
721,3098,102.0,1.0,28.2287600082456,89.66901468757169,15.514200415733498,108.41067567973687,53.62997362509029
1874,3099,38.0,1.0,28.2287600082456,89.66901468757169,15.514200415733498,108.41067567973687,53.62997362509029
1944,3101,82.0,1.0,28.2287600082456,89.66901468757169,15.514200415733498,108.41067567973687,53.62997362509029
1944,3102,86.0,1.0,28.2287600082456,89.66901468757169,15.514200415733498,108.41067567973687,53.62997362509029
1831,3105,42.46473410305142,1.0,28.2287600082456,89.66901468757169,15.514200415733498,108.41067567973687,53.62997362509029
1831,3106,102.0,1.0,28.2287600082456,89.66901468757169,15.514200415733498,108.41067567973687,53.62997362509029
2058,3108,126.0,1.0,28.2287600082456,89.66901468757169,15.514200415733498,108.41067567973687,53.62997362509029
2190,3113,69.03959634253236,1.0,28.2287600082456,89.66901468757169,15.514200415733498,108.41067567973687,53.62997362509029
2190,3114,124.0,1.0,28.2287600082456,89.66901468757169,15.514200415733498,108.41067567973687,53.62997362509029
2233,3116,88.0,1.0,28.2287600082456,89.66901468757169,15.514200415733498,108.41067567973687,53.62997362509029
1909,3120,102.0,1.0,28.2287600082456,89.66901468757169,15.514200415733498,108.41067567973687,53.62997362509029
2644,3122,86.0,1.0,28.2287600082456,89.66901468757169,15.514200415733498,108.41067567973687,53.62997362509029
2666,3123,92.0,1.0,28.2287600082456,89.66901468757169,15.514200415733498,108.41067567973687,53.62997362509029
2666,3124,94.0,1.0,28.2287600082456,89.66901468757169,15.514200415733498,108.41067567973687,53.62997362509029
1188,3125,29.90507034602271,1.0,28.2287600082456,89.66901468757169,15.514200415733498,108.41067567973687,53.62997362509029
1188,3126,76.0,1.0,28.2287600082456,89.66901468757169,15.514200415733498,108.41067567973687,53.62997362509029
1560,3127,84.0,1.0,28.2287600082456,89.66901468757169,15.514200415733498,108.41067567973687,53.62997362509029
1560,3128,142.0,1.0,28.2287600082456,89.66901468757169,15.514200415733498,108.41067567973687,53.62997362509029
771,3129,88.0,1.0,28.2287600082456,89.66901468757169,15.514200415733498,108.41067567973687,53.62997362509029
771,3130,176.0,1.0,28.2287600082456,89.66901468757169,15.514200415733498,108.41067567973687,53.62997362509029
1612,3131,118.0,1.0,28.2287600082456,89.66901468757169,15.514200415733498,108.41067567973687,53.62997362509029
1614,3134,102.0,1.0,28.2287600082456,89.66901468757169,15.514200415733498,108.41067567973687,53.62997362509029
1245,3138,114.0,1.0,28.2287600082456,89.66901468757169,15.514200415733498,108.41067567973687,53.62997362509029
1788,3140,108.0,1.0,28.2287600082456,89.66901468757169,15.514200415733498,108.41067567973687,53.62997362509029
1834,3142,100.0,1.0,28.2287600082456,89.66901468757169,15.514200415733498,108.41067567973687,53.62997362509029
1629,3143,104.0,1.0,28.2287600082456,89.66901468757169,15.514200415733498,108.41067567973687,53.62997362509029
1629,3144,130.0,1.0,28.2287600082456,89.66901468757169,15.514200415733498,108.41067567973687,53.62997362509029
1936,3145,136.0,1.0,28.2287600082456,89.66901468757169,15.514200415733498,108.41067567973687,53.62997362509029
1936,3146,94.0,1.0,28.2287600082456,89.66901468757169,15.514200415733498,108.41067567973687,53.62997362509029
1968,3147,118.0,1.0,28.2287600082456,89.66901468757169,15.514200415733498,108.41067567973687,53.62997362509029
2082,3154,180.0,1.0,28.2287600082456,89.66901468757169,15.514200415733498,108.41067567973687,53.62997362509029
1553,3156,80.0,1.0,28.2287600082456,89.66901468757169,15.514200415733498,108.41067567973687,53.62997362509029
2088,3157,76.0,1.0,28.2287600082456,89.66901468757169,15.514200415733498,108.41067567973687,53.62997362509029
2088,3158,104.0,1.0,28.2287600082456,89.66901468757169,15.514200415733498,108.41067567973687,53.62997362509029
897,3159,76.0,1.0,28.2287600082456,89.66901468757169,15.514200415733498,108.41067567973687,53.62997362509029
2290,3161,67.8055209189843,1.0,28.2287600082456,89.66901468757169,15.514200415733498,108.41067567973687,53.62997362509029
1528,3163,120.0,1.0,28.2287600082456,89.66901468757169,15.514200415733498,108.41067567973687,53.62997362509029
1528,3164,130.0,1.0,28.2287600082456,89.66901468757169,15.514200415733498,108.41067567973687,53.62997362509029
1568,3165,44.412026641708856,1.0,28.2287600082456,89.66901468757169,15.514200415733498,108.41067567973687,53.62997362509029
1568,3166,80.0,1.0,28.2287600082456,89.66901468757169,15.514200415733498,108.41067567973687,53.62997362509029
1676,3167,88.0,1.0,28.2287600082456,89.66901468757169,15.514200415733498,108.41067567973687,53.62997362509029
1676,3168,118.0,1.0,28.2287600082456,89.66901468757169,15.514200415733498,108.41067567973687,53.62997362509029
1866,3169,130.0,1.0,28.2287600082456,89.66901468757169,15.514200415733498,108.41067567973687,53.62997362509029
1866,3170,110.0,1.0,28.2287600082456,89.66901468757169,15.514200415733498,108.41067567973687,53.62997362509029
1902,3173,172.0,1.0,28.2287600082456,89.66901468757169,15.514200415733498,108.41067567973687,53.62997362509029
1902,3174,108.0,1.0,28.2287600082456,89.66901468757169,15.514200415733498,108.41067567973687,53.62997362509029
1992,3175,48.0,1.0,28.2287600082456,89.66901468757169,15.514200415733498,108.41067567973687,53.62997362509029
1992,3176,36.0,1.0,28.2287600082456,89.66901468757169,15.514200415733498,108.41067567973687,53.62997362509029
1413,3179,140.0,1.0,28.2287600082456,89.66901468757169,15.514200415733498,108.41067567973687,53.62997362509029
1413,3180,44.0,1.0,28.2287600082456,89.66901468757169,15.514200415733498,108.41067567973687,53.62997362509029
871,3181,38.77048451660944,1.0,28.2287600082456,89.66901468757169,15.514200415733498,108.41067567973687,53.62997362509029
871,3182,70.0,1.0,28.2287600082456,89.66901468757169,15.514200415733498,108.41067567973687,53.62997362509029
1491,3184,102.0,1.0,28.2287600082456,89.66901468757169,15.514200415733498,108.41067567973687,53.62997362509029
1201,3190,110.0,1.0,28.2287600082456,89.66901468757169,15.514200415733498,108.41067567973687,53.62997362509029
1924,3192,94.0,1.0,28.2287600082456,89.66901468757169,15.514200415733498,108.41067567973687,53.62997362509029
1952,3193,76.0,1.0,28.2287600082456,89.66901468757169,15.514200415733498,108.41067567973687,53.62997362509029
1952,3194,70.0,1.0,28.2287600082456,89.66901468757169,15.514200415733498,108.41067567973687,53.62997362509029
1801,3196,150.0,1.0,28.2287600082456,89.66901468757169,15.514200415733498,108.41067567973687,53.62997362509029
1595,3197,89.38785434643367,1.0,28.2287600082456,89.66901468757169,15.514200415733498,108.41067567973687,53.62997362509029
1595,3198,144.0,1.0,28.2287600082456,89.66901468757169,15.514200415733498,108.41067567973687,53.62997362509029
2549,3201,114.31198708146084,1.0,28.2287600082456,89.66901468757169,15.514200415733498,108.41067567973687,53.62997362509029
1660,3206,88.0,1.0,28.2287600082456,89.66901468757169,15.514200415733498,108.41067567973687,53.62997362509029
1281,3208,94.0,1.0,28.2287600082456,89.66901468757169,15.514200415733498,108.41067567973687,53.62997362509029
2138,3209,88.0,1.0,28.2287600082456,89.66901468757169,15.514200415733498,108.41067567973687,53.62997362509029
2138,3210,116.0,1.0,28.2287600082456,89.66901468757169,15.514200415733498,108.41067567973687,53.62997362509029
2184,3211,78.0,1.0,28.2287600082456,89.66901468757169,15.514200415733498,108.41067567973687,53.62997362509029
2184,3212,120.0,1.0,28.2287600082456,89.66901468757169,15.514200415733498,108.41067567973687,53.62997362509029
1707,3217,129.7039063338067,1.0,28.2287600082456,89.66901468757169,15.514200415733498,108.41067567973687,53.62997362509029
2041,3220,136.0,1.0,28.2287600082456,89.66901468757169,15.514200415733498,108.41067567973687,53.62997362509029
2161,3221,114.0,1.0,28.2287600082456,89.66901468757169,15.514200415733498,108.41067567973687,53.62997362509029
2161,3222,112.0,1.0,28.2287600082456,89.66901468757169,15.514200415733498,108.41067567973687,53.62997362509029
2564,3223,110.0,1.0,28.2287600082456,89.66901468757169,15.514200415733498,108.41067567973687,53.62997362509029
1742,3227,144.7541719704414,1.0,28.2287600082456,89.66901468757169,15.514200415733498,108.41067567973687,53.62997362509029
1641,3229,73.55626599614226,1.0,28.2287600082456,89.66901468757169,15.514200415733498,108.41067567973687,53.62997362509029
1641,3230,122.0,1.0,28.2287600082456,89.66901468757169,15.514200415733498,108.41067567973687,53.62997362509029
2030,3235,120.0,1.0,28.2287600082456,89.66901468757169,15.514200415733498,108.41067567973687,53.62997362509029
2030,3236,48.0,1.0,28.2287600082456,89.66901468757169,15.514200415733498,108.41067567973687,53.62997362509029
2009,3241,55.461158262835795,1.0,28.2287600082456,89.66901468757169,15.514200415733498,108.41067567973687,53.62997362509029
2009,3242,136.0,1.0,28.2287600082456,89.66901468757169,15.514200415733498,108.41067567973687,53.62997362509029
2598,3243,40.0,1.0,28.2287600082456,89.66901468757169,15.514200415733498,108.41067567973687,53.62997362509029
2674,3245,80.0,1.0,28.2287600082456,89.66901468757169,15.514200415733498,108.41067567973687,53.62997362509029
1610,3249,117.40072921675676,1.0,28.2287600082456,89.66901468757169,15.514200415733498,108.41067567973687,53.62997362509029
1610,3250,80.0,1.0,28.2287600082456,89.66901468757169,15.514200415733498,108.41067567973687,53.62997362509029
1618,3251,96.0,1.0,28.2287600082456,89.66901468757169,15.514200415733498,108.41067567973687,53.62997362509029
1515,3253,74.0,1.0,28.2287600082456,89.66901468757169,15.514200415733498,108.41067567973687,53.62997362509029
1515,3254,34.0,1.0,28.2287600082456,89.66901468757169,15.514200415733498,108.41067567973687,53.62997362509029
1651,3256,108.0,1.0,28.2287600082456,89.66901468757169,15.514200415733498,108.41067567973687,53.62997362509029
1771,3257,50.07452693409501,1.0,28.2287600082456,89.66901468757169,15.514200415733498,108.41067567973687,53.62997362509029
1771,3258,72.0,1.0,28.2287600082456,89.66901468757169,15.514200415733498,108.41067567973687,53.62997362509029
1892,3260,263.2851965383787,1.0,28.2287600082456,89.66901468757169,15.514200415733498,108.41067567973687,53.62997362509029
1918,3262,54.0,1.0,28.2287600082456,89.66901468757169,15.514200415733498,108.41067567973687,53.62997362509029
1311,3264,90.0,1.0,28.2287600082456,89.66901468757169,15.514200415733498,108.41067567973687,53.62997362509029
1986,3267,54.0,1.0,28.2287600082456,89.66901468757169,15.514200415733498,108.41067567973687,53.62997362509029
643,3269,128.6598568409325,1.0,28.2287600082456,89.66901468757169,15.514200415733498,108.41067567973687,53.62997362509029
643,3270,106.0,1.0,28.2287600082456,89.66901468757169,15.514200415733498,108.41067567973687,53.62997362509029
1703,3271,102.0,1.0,28.2287600082456,89.66901468757169,15.514200415733498,108.41067567973687,53.62997362509029
1703,3272,110.0,1.0,28.2287600082456,89.66901468757169,15.514200415733498,108.41067567973687,53.62997362509029
2004,3274,198.0,1.0,28.2287600082456,89.66901468757169,15.514200415733498,108.41067567973687,53.62997362509029
1585,3282,114.0,1.0,28.2287600082456,89.66901468757169,15.514200415733498,108.41067567973687,53.62997362509029
2328,3285,38.283711733066404,1.0,28.2287600082456,89.66901468757169,15.514200415733498,108.41067567973687,53.62997362509029
2328,3286,66.0,1.0,28.2287600082456,89.66901468757169,15.514200415733498,108.41067567973687,53.62997362509029
1475,3292,116.0,1.0,28.2287600082456,89.66901468757169,15.514200415733498,108.41067567973687,53.62997362509029
1752,3295,114.0,1.0,28.2287600082456,89.66901468757169,15.514200415733498,108.41067567973687,53.62997362509029
1752,3296,100.0,1.0,28.2287600082456,89.66901468757169,15.514200415733498,108.41067567973687,53.62997362509029
903,3298,66.0,1.0,28.2287600082456,89.66901468757169,15.514200415733498,108.41067567973687,53.62997362509029
1485,3299,140.0,1.0,28.2287600082456,89.66901468757169,15.514200415733498,108.41067567973687,53.62997362509029
1485,3300,80.0,1.0,28.2287600082456,89.66901468757169,15.514200415733498,108.41067567973687,53.62997362509029
1848,3301,24.0,1.0,28.2287600082456,89.66901468757169,15.514200415733498,108.41067567973687,53.62997362509029
1906,3303,84.0,1.0,28.2287600082456,89.66901468757169,15.514200415733498,108.41067567973687,53.62997362509029
1906,3304,94.0,1.0,28.2287600082456,89.66901468757169,15.514200415733498,108.41067567973687,53.62997362509029
1465,3307,54.05114419956146,1.0,28.2287600082456,89.66901468757169,15.514200415733498,108.41067567973687,53.62997362509029
1465,3308,112.0,1.0,28.2287600082456,89.66901468757169,15.514200415733498,108.41067567973687,53.62997362509029
1939,3310,132.0,1.0,28.2287600082456,89.66901468757169,15.514200415733498,108.41067567973687,53.62997362509029
2144,3312,88.0,1.0,28.2287600082456,89.66901468757169,15.514200415733498,108.41067567973687,53.62997362509029
1755,3314,96.0,1.0,28.2287600082456,89.66901468757169,15.514200415733498,108.41067567973687,53.62997362509029
2296,3315,130.0,1.0,28.2287600082456,89.66901468757169,15.514200415733498,108.41067567973687,53.62997362509029
2296,3316,88.0,1.0,28.2287600082456,89.66901468757169,15.514200415733498,108.41067567973687,53.62997362509029
1169,3318,88.0,1.0,28.2287600082456,89.66901468757169,15.514200415733498,108.41067567973687,53.62997362509029
2330,3320,94.0,1.0,28.2287600082456,89.66901468757169,15.514200415733498,108.41067567973687,53.62997362509029
1392,3324,126.0,1.0,28.2287600082456,89.66901468757169,15.514200415733498,108.41067567973687,53.62997362509029
1117,3325,77.13876227558504,1.0,28.2287600082456,89.66901468757169,15.514200415733498,108.41067567973687,53.62997362509029
895,3327,45.25604530385587,1.0,28.2287600082456,89.66901468757169,15.514200415733498,108.41067567973687,53.62997362509029
1600,3329,32.0,1.0,28.2287600082456,89.66901468757169,15.514200415733498,108.41067567973687,53.62997362509029
1600,3330,146.0,1.0,28.2287600082456,89.66901468757169,15.514200415733498,108.41067567973687,53.62997362509029
1764,3333,72.0,1.0,28.2287600082456,89.66901468757169,15.514200415733498,108.41067567973687,53.62997362509029
1764,3334,116.0,1.0,28.2287600082456,89.66901468757169,15.514200415733498,108.41067567973687,53.62997362509029
477,3336,96.0,1.0,28.2287600082456,89.66901468757169,15.514200415733498,108.41067567973687,53.62997362509029
1794,3337,136.0,1.0,28.2287600082456,89.66901468757169,15.514200415733498,108.41067567973687,53.62997362509029
1794,3338,150.0,1.0,28.2287600082456,89.66901468757169,15.514200415733498,108.41067567973687,53.62997362509029
1970,3341,57.98299674058251,1.0,28.2287600082456,89.66901468757169,15.514200415733498,108.41067567973687,53.62997362509029
2012,3344,136.0,1.0,28.2287600082456,89.66901468757169,15.514200415733498,108.41067567973687,53.62997362509029
1719,3345,147.75561411012154,1.0,28.2287600082456,89.66901468757169,15.514200415733498,108.41067567973687,53.62997362509029
1719,3346,116.0,1.0,28.2287600082456,89.66901468757169,15.514200415733498,108.41067567973687,53.62997362509029
2104,3349,96.75087488736725,1.0,28.2287600082456,89.66901468757169,15.514200415733498,108.41067567973687,53.62997362509029
2104,3350,62.0,1.0,28.2287600082456,89.66901468757169,15.514200415733498,108.41067567973687,53.62997362509029
2164,3351,146.0,1.0,28.2287600082456,89.66901468757169,15.514200415733498,108.41067567973687,53.62997362509029
2164,3352,146.0,1.0,28.2287600082456,89.66901468757169,15.514200415733498,108.41067567973687,53.62997362509029
745,3353,110.0,1.0,28.2287600082456,89.66901468757169,15.514200415733498,108.41067567973687,53.62997362509029
745,3354,84.0,1.0,28.2287600082456,89.66901468757169,15.514200415733498,108.41067567973687,53.62997362509029
2214,3355,42.0,1.0,28.2287600082456,89.66901468757169,15.514200415733498,108.41067567973687,53.62997362509029
2214,3356,116.0,1.0,28.2287600082456,89.66901468757169,15.514200415733498,108.41067567973687,53.62997362509029
2228,3357,66.0,1.0,28.2287600082456,89.66901468757169,15.514200415733498,108.41067567973687,53.62997362509029
2260,3361,42.0,1.0,28.2287600082456,89.66901468757169,15.514200415733498,108.41067567973687,53.62997362509029
2306,3363,122.0,1.0,28.2287600082456,89.66901468757169,15.514200415733498,108.41067567973687,53.62997362509029
2416,3366,92.0,1.0,28.2287600082456,89.66901468757169,15.514200415733498,108.41067567973687,53.62997362509029
447,3367,118.4457446182143,1.0,28.2287600082456,89.66901468757169,15.514200415733498,108.41067567973687,53.62997362509029
2662,3370,36.0,1.0,28.2287600082456,89.66901468757169,15.514200415733498,108.41067567973687,53.62997362509029
2455,3373,132.72281971553744,1.0,28.2287600082456,89.66901468757169,15.514200415733498,108.41067567973687,53.62997362509029
2455,3374,122.0,1.0,28.2287600082456,89.66901468757169,15.514200415733498,108.41067567973687,53.62997362509029
2878,3375,102.0,1.0,28.2287600082456,89.66901468757169,15.514200415733498,108.41067567973687,53.62997362509029
2878,3376,106.0,1.0,28.2287600082456,89.66901468757169,15.514200415733498,108.41067567973687,53.62997362509029
1922,3378,52.0,1.0,28.2287600082456,89.66901468757169,15.514200415733498,108.41067567973687,53.62997362509029
2042,3381,76.0,1.0,28.2287600082456,89.66901468757169,15.514200415733498,108.41067567973687,53.62997362509029
2042,3382,114.0,1.0,28.2287600082456,89.66901468757169,15.514200415733498,108.41067567973687,53.62997362509029
2056,3383,58.0,1.0,28.2287600082456,89.66901468757169,15.514200415733498,108.41067567973687,53.62997362509029
2234,3385,134.42059128968629,1.0,28.2287600082456,89.66901468757169,15.514200415733498,108.41067567973687,53.62997362509029
2234,3386,138.0,1.0,28.2287600082456,89.66901468757169,15.514200415733498,108.41067567973687,53.62997362509029
1587,3388,74.0,1.0,28.2287600082456,89.66901468757169,15.514200415733498,108.41067567973687,53.62997362509029
2145,3389,119.37003436330997,1.0,28.2287600082456,89.66901468757169,15.514200415733498,108.41067567973687,53.62997362509029
2145,3390,114.0,1.0,28.2287600082456,89.66901468757169,15.514200415733498,108.41067567973687,53.62997362509029
2876,3392,84.0,1.0,28.2287600082456,89.66901468757169,15.514200415733498,108.41067567973687,53.62997362509029
1688,3396,172.0,1.0,28.2287600082456,89.66901468757169,15.514200415733498,108.41067567973687,53.62997362509029
1814,3397,118.0,1.0,28.2287600082456,89.66901468757169,15.514200415733498,108.41067567973687,53.62997362509029
1852,3399,80.0,1.0,28.2287600082456,89.66901468757169,15.514200415733498,108.41067567973687,53.62997362509029
1852,3400,8.0,1.0,28.2287600082456,89.66901468757169,15.514200415733498,108.41067567973687,53.62997362509029
1862,3402,136.0,1.0,28.2287600082456,89.66901468757169,15.514200415733498,108.41067567973687,53.62997362509029
1349,3405,68.62752929631709,1.0,28.2287600082456,89.66901468757169,15.514200415733498,108.41067567973687,53.62997362509029
1541,3409,102.0,1.0,28.2287600082456,89.66901468757169,15.514200415733498,108.41067567973687,53.62997362509029
2586,3415,92.0,1.0,28.2287600082456,89.66901468757169,15.514200415733498,108.41067567973687,53.62997362509029
2746,3417,89.36746072413816,1.0,28.2287600082456,89.66901468757169,15.514200415733498,108.41067567973687,53.62997362509029
2746,3418,112.0,1.0,28.2287600082456,89.66901468757169,15.514200415733498,108.41067567973687,53.62997362509029
1722,3422,170.0,1.0,28.2287600082456,89.66901468757169,15.514200415733498,108.41067567973687,53.62997362509029
1736,3424,138.0,1.0,28.2287600082456,89.66901468757169,15.514200415733498,108.41067567973687,53.62997362509029
1778,3426,78.0,1.0,28.2287600082456,89.66901468757169,15.514200415733498,108.41067567973687,53.62997362509029
2014,3427,100.93708546800187,1.0,28.2287600082456,89.66901468757169,15.514200415733498,108.41067567973687,53.62997362509029
2014,3428,98.0,1.0,28.2287600082456,89.66901468757169,15.514200415733498,108.41067567973687,53.62997362509029
2060,3430,94.0,1.0,28.2287600082456,89.66901468757169,15.514200415733498,108.41067567973687,53.62997362509029
2064,3432,98.0,1.0,28.2287600082456,89.66901468757169,15.514200415733498,108.41067567973687,53.62997362509029
2162,3437,134.1887629656479,1.0,28.2287600082456,89.66901468757169,15.514200415733498,108.41067567973687,53.62997362509029
2170,3439,84.0,1.0,28.2287600082456,89.66901468757169,15.514200415733498,108.41067567973687,53.62997362509029
2170,3440,76.0,1.0,28.2287600082456,89.66901468757169,15.514200415733498,108.41067567973687,53.62997362509029
1657,3441,157.6675391133213,1.0,28.2287600082456,89.66901468757169,15.514200415733498,108.41067567973687,53.62997362509029
1657,3442,96.0,1.0,28.2287600082456,89.66901468757169,15.514200415733498,108.41067567973687,53.62997362509029
2212,3444,142.0,1.0,28.2287600082456,89.66901468757169,15.514200415733498,108.41067567973687,53.62997362509029
2250,3445,74.0,1.0,28.2287600082456,89.66901468757169,15.514200415733498,108.41067567973687,53.62997362509029
2250,3446,80.0,1.0,28.2287600082456,89.66901468757169,15.514200415733498,108.41067567973687,53.62997362509029
2280,3447,120.0,1.0,28.2287600082456,89.66901468757169,15.514200415733498,108.41067567973687,53.62997362509029
749,3449,126.2999921306305,1.0,28.2287600082456,89.66901468757169,15.514200415733498,108.41067567973687,53.62997362509029
749,3450,96.0,1.0,28.2287600082456,89.66901468757169,15.514200415733498,108.41067567973687,53.62997362509029
2446,3453,104.0,1.0,28.2287600082456,89.66901468757169,15.514200415733498,108.41067567973687,53.62997362509029
2446,3454,70.0,1.0,28.2287600082456,89.66901468757169,15.514200415733498,108.41067567973687,53.62997362509029
2470,3456,72.0,1.0,28.2287600082456,89.66901468757169,15.514200415733498,108.41067567973687,53.62997362509029
2141,3458,82.0,1.0,28.2287600082456,89.66901468757169,15.514200415733498,108.41067567973687,53.62997362509029
649,3463,148.0,1.0,28.2287600082456,89.66901468757169,15.514200415733498,108.41067567973687,53.62997362509029
1795,3469,96.0,1.0,28.2287600082456,89.66901468757169,15.514200415733498,108.41067567973687,53.62997362509029
1795,3470,100.0,1.0,28.2287600082456,89.66901468757169,15.514200415733498,108.41067567973687,53.62997362509029
1880,3471,120.0,1.0,28.2287600082456,89.66901468757169,15.514200415733498,108.41067567973687,53.62997362509029
1930,3474,112.0,1.0,28.2287600082456,89.66901468757169,15.514200415733498,108.41067567973687,53.62997362509029
1951,3476,108.0,1.0,28.2287600082456,89.66901468757169,15.514200415733498,108.41067567973687,53.62997362509029
2062,3477,130.0,1.0,28.2287600082456,89.66901468757169,15.514200415733498,108.41067567973687,53.62997362509029
2062,3478,66.0,1.0,28.2287600082456,89.66901468757169,15.514200415733498,108.41067567973687,53.62997362509029
2074,3480,54.0,1.0,28.2287600082456,89.66901468757169,15.514200415733498,108.41067567973687,53.62997362509029
2360,3482,74.0,1.0,28.2287600082456,89.66901468757169,15.514200415733498,108.41067567973687,53.62997362509029
2412,3483,88.0,1.0,28.2287600082456,89.66901468757169,15.514200415733498,108.41067567973687,53.62997362509029
2369,3485,12.214906353799623,1.0,28.2287600082456,89.66901468757169,15.514200415733498,108.41067567973687,53.62997362509029
2606,3487,70.0,1.0,28.2287600082456,89.66901468757169,15.514200415733498,108.41067567973687,53.62997362509029
2606,3488,106.0,1.0,28.2287600082456,89.66901468757169,15.514200415733498,108.41067567973687,53.62997362509029
2646,3489,183.88301867457713,1.0,28.2287600082456,89.66901468757169,15.514200415733498,108.41067567973687,53.62997362509029
1762,3497,9.082065746365956,1.0,28.2287600082456,89.66901468757169,15.514200415733498,108.41067567973687,53.62997362509029
1762,3498,80.0,1.0,28.2287600082456,89.66901468757169,15.514200415733498,108.41067567973687,53.62997362509029
1812,3499,114.0,1.0,28.2287600082456,89.66901468757169,15.514200415733498,108.41067567973687,53.62997362509029
783,3503,93.90319566764762,1.0,28.2287600082456,89.66901468757169,15.514200415733498,108.41067567973687,53.62997362509029
783,3504,74.0,1.0,28.2287600082456,89.66901468757169,15.514200415733498,108.41067567973687,53.62997362509029
2106,3505,111.41881946776863,1.0,28.2287600082456,89.66901468757169,15.514200415733498,108.41067567973687,53.62997362509029
1897,3507,114.06447187943031,1.0,28.2287600082456,89.66901468757169,15.514200415733498,108.41067567973687,53.62997362509029
1897,3508,140.0,1.0,28.2287600082456,89.66901468757169,15.514200415733498,108.41067567973687,53.62997362509029
2208,3509,60.0,1.0,28.2287600082456,89.66901468757169,15.514200415733498,108.41067567973687,53.62997362509029
2218,3511,140.0,1.0,28.2287600082456,89.66901468757169,15.514200415733498,108.41067567973687,53.62997362509029
2218,3512,126.0,1.0,28.2287600082456,89.66901468757169,15.514200415733498,108.41067567973687,53.62997362509029
2370,3518,106.0,1.0,28.2287600082456,89.66901468757169,15.514200415733498,108.41067567973687,53.62997362509029
2394,3519,208.99925036514355,1.0,28.2287600082456,89.66901468757169,15.514200415733498,108.41067567973687,53.62997362509029
2394,3520,126.0,1.0,28.2287600082456,89.66901468757169,15.514200415733498,108.41067567973687,53.62997362509029
2404,3521,33.93331595812389,1.0,28.2287600082456,89.66901468757169,15.514200415733498,108.41067567973687,53.62997362509029
1609,3523,110.17631732188109,1.0,28.2287600082456,89.66901468757169,15.514200415733498,108.41067567973687,53.62997362509029
1609,3524,30.0,1.0,28.2287600082456,89.66901468757169,15.514200415733498,108.41067567973687,53.62997362509029
2435,3525,38.33266106876863,1.0,28.2287600082456,89.66901468757169,15.514200415733498,108.41067567973687,53.62997362509029
1033,3528,88.0,1.0,28.2287600082456,89.66901468757169,15.514200415733498,108.41067567973687,53.62997362509029
1793,3529,140.62469062047035,1.0,28.2287600082456,89.66901468757169,15.514200415733498,108.41067567973687,53.62997362509029
1793,3530,80.0,1.0,28.2287600082456,89.66901468757169,15.514200415733498,108.41067567973687,53.62997362509029
1015,3533,105.38634603962198,1.0,28.2287600082456,89.66901468757169,15.514200415733498,108.41067567973687,53.62997362509029
1015,3534,88.0,1.0,28.2287600082456,89.66901468757169,15.514200415733498,108.41067567973687,53.62997362509029
2054,3536,54.0,1.0,28.2287600082456,89.66901468757169,15.514200415733498,108.41067567973687,53.62997362509029
2090,3537,88.0,1.0,28.2287600082456,89.66901468757169,15.514200415733498,108.41067567973687,53.62997362509029
2090,3538,68.0,1.0,28.2287600082456,89.66901468757169,15.514200415733498,108.41067567973687,53.62997362509029
2128,3539,73.56522751846398,1.0,28.2287600082456,89.66901468757169,15.514200415733498,108.41067567973687,53.62997362509029
2222,3547,64.43833077897433,1.0,28.2287600082456,89.66901468757169,15.514200415733498,108.41067567973687,53.62997362509029
2238,3550,70.0,1.0,28.2287600082456,89.66901468757169,15.514200415733498,108.41067567973687,53.62997362509029
2295,3557,92.0,1.0,28.2287600082456,89.66901468757169,15.514200415733498,108.41067567973687,53.62997362509029
2524,3559,64.0,1.0,28.2287600082456,89.66901468757169,15.514200415733498,108.41067567973687,53.62997362509029
1899,3561,70.0,1.0,28.2287600082456,89.66901468757169,15.514200415733498,108.41067567973687,53.62997362509029
1899,3562,92.0,1.0,28.2287600082456,89.66901468757169,15.514200415733498,108.41067567973687,53.62997362509029
2205,3564,126.0,1.0,28.2287600082456,89.66901468757169,15.514200415733498,108.41067567973687,53.62997362509029
2387,3565,108.0,1.0,28.2287600082456,89.66901468757169,15.514200415733498,108.41067567973687,53.62997362509029
2387,3566,116.0,1.0,28.2287600082456,89.66901468757169,15.514200415733498,108.41067567973687,53.62997362509029
2602,3567,134.0,1.0,28.2287600082456,89.66901468757169,15.514200415733498,108.41067567973687,53.62997362509029
2602,3568,154.0,1.0,28.2287600082456,89.66901468757169,15.514200415733498,108.41067567973687,53.62997362509029
1263,3572,132.0,1.0,28.2287600082456,89.66901468757169,15.514200415733498,108.41067567973687,53.62997362509029
3400,3573,48.0,1.0,28.2287600082456,89.66901468757169,15.514200415733498,108.41067567973687,53.62997362509029
1768,3575,104.0,1.0,28.2287600082456,89.66901468757169,15.514200415733498,108.41067567973687,53.62997362509029
1653,3577,98.0,1.0,28.2287600082456,89.66901468757169,15.514200415733498,108.41067567973687,53.62997362509029
1653,3578,118.0,1.0,28.2287600082456,89.66901468757169,15.514200415733498,108.41067567973687,53.62997362509029
1976,3579,70.0,1.0,28.2287600082456,89.66901468757169,15.514200415733498,108.41067567973687,53.62997362509029
2130,3581,80.0,1.0,28.2287600082456,89.66901468757169,15.514200415733498,108.41067567973687,53.62997362509029
2130,3582,102.0,1.0,28.2287600082456,89.66901468757169,15.514200415733498,108.41067567973687,53.62997362509029
2226,3586,132.0,1.0,28.2287600082456,89.66901468757169,15.514200415733498,108.41067567973687,53.62997362509029
2426,3588,114.0,1.0,28.2287600082456,89.66901468757169,15.514200415733498,108.41067567973687,53.62997362509029
2450,3589,66.52549359881445,1.0,28.2287600082456,89.66901468757169,15.514200415733498,108.41067567973687,53.62997362509029
2450,3590,138.0,1.0,28.2287600082456,89.66901468757169,15.514200415733498,108.41067567973687,53.62997362509029
1903,3591,108.0,1.0,28.2287600082456,89.66901468757169,15.514200415733498,108.41067567973687,53.62997362509029
1903,3592,92.0,1.0,28.2287600082456,89.66901468757169,15.514200415733498,108.41067567973687,53.62997362509029
2249,3594,76.0,1.0,28.2287600082456,89.66901468757169,15.514200415733498,108.41067567973687,53.62997362509029
2576,3597,72.0,1.0,28.2287600082456,89.66901468757169,15.514200415733498,108.41067567973687,53.62997362509029
2576,3598,90.0,1.0,28.2287600082456,89.66901468757169,15.514200415733498,108.41067567973687,53.62997362509029
2710,3600,72.0,1.0,28.2287600082456,89.66901468757169,15.514200415733498,108.41067567973687,53.62997362509029
1451,3601,4.3256524133997365,1.0,28.2287600082456,89.66901468757169,15.514200415733498,108.41067567973687,53.62997362509029
1451,3602,100.0,1.0,28.2287600082456,89.66901468757169,15.514200415733498,108.41067567973687,53.62997362509029
2279,3603,216.4112704625747,1.0,28.2287600082456,89.66901468757169,15.514200415733498,108.41067567973687,53.62997362509029
1835,3606,86.0,1.0,28.2287600082456,89.66901468757169,15.514200415733498,108.41067567973687,53.62997362509029
2449,3608,106.0,1.0,28.2287600082456,89.66901468757169,15.514200415733498,108.41067567973687,53.62997362509029
987,3609,100.0,1.0,28.2287600082456,89.66901468757169,15.514200415733498,108.41067567973687,53.62997362509029
987,3610,114.0,1.0,28.2287600082456,89.66901468757169,15.514200415733498,108.41067567973687,53.62997362509029
1749,3611,28.07553928697033,1.0,28.2287600082456,89.66901468757169,15.514200415733498,108.41067567973687,53.62997362509029
1749,3612,50.0,1.0,28.2287600082456,89.66901468757169,15.514200415733498,108.41067567973687,53.62997362509029
2148,3613,108.0,1.0,28.2287600082456,89.66901468757169,15.514200415733498,108.41067567973687,53.62997362509029
2178,3615,130.14174263017628,1.0,28.2287600082456,89.66901468757169,15.514200415733498,108.41067567973687,53.62997362509029
2178,3616,116.0,1.0,28.2287600082456,89.66901468757169,15.514200415733498,108.41067567973687,53.62997362509029
2173,3617,146.0,1.0,28.2287600082456,89.66901468757169,15.514200415733498,108.41067567973687,53.62997362509029
2255,3619,144.46680464507403,1.0,28.2287600082456,89.66901468757169,15.514200415733498,108.41067567973687,53.62997362509029
2255,3620,64.0,1.0,28.2287600082456,89.66901468757169,15.514200415733498,108.41067567973687,53.62997362509029
1905,3622,88.0,1.0,28.2287600082456,89.66901468757169,15.514200415733498,108.41067567973687,53.62997362509029
2366,3623,56.0,1.0,28.2287600082456,89.66901468757169,15.514200415733498,108.41067567973687,53.62997362509029
2366,3624,54.0,1.0,28.2287600082456,89.66901468757169,15.514200415733498,108.41067567973687,53.62997362509029
1789,3625,35.132808838705806,1.0,28.2287600082456,89.66901468757169,15.514200415733498,108.41067567973687,53.62997362509029
1789,3626,110.0,1.0,28.2287600082456,89.66901468757169,15.514200415733498,108.41067567973687,53.62997362509029
2323,3627,45.508890010114115,1.0,28.2287600082456,89.66901468757169,15.514200415733498,108.41067567973687,53.62997362509029
2323,3628,114.0,1.0,28.2287600082456,89.66901468757169,15.514200415733498,108.41067567973687,53.62997362509029
2421,3629,60.0,1.0,28.2287600082456,89.66901468757169,15.514200415733498,108.41067567973687,53.62997362509029
2191,3631,22.43820828347618,1.0,28.2287600082456,89.66901468757169,15.514200415733498,108.41067567973687,53.62997362509029
2191,3632,116.0,1.0,28.2287600082456,89.66901468757169,15.514200415733498,108.41067567973687,53.62997362509029
2373,3633,50.0,1.0,28.2287600082456,89.66901468757169,15.514200415733498,108.41067567973687,53.62997362509029
2373,3634,64.0,1.0,28.2287600082456,89.66901468757169,15.514200415733498,108.41067567973687,53.62997362509029
2055,3635,76.0,1.0,28.2287600082456,89.66901468757169,15.514200415733498,108.41067567973687,53.62997362509029
1745,3637,102.0,1.0,28.2287600082456,89.66901468757169,15.514200415733498,108.41067567973687,53.62997362509029
1745,3638,82.0,1.0,28.2287600082456,89.66901468757169,15.514200415733498,108.41067567973687,53.62997362509029
2860,3639,117.26622280313316,1.0,28.2287600082456,89.66901468757169,15.514200415733498,108.41067567973687,53.62997362509029
2860,3640,90.0,1.0,28.2287600082456,89.66901468757169,15.514200415733498,108.41067567973687,53.62997362509029
1837,3641,71.01254852513867,1.0,28.2287600082456,89.66901468757169,15.514200415733498,108.41067567973687,53.62997362509029
1837,3642,98.0,1.0,28.2287600082456,89.66901468757169,15.514200415733498,108.41067567973687,53.62997362509029
1271,3648,142.0,1.0,28.2287600082456,89.66901468757169,15.514200415733498,108.41067567973687,53.62997362509029
1818,3649,72.0,1.0,28.2287600082456,89.66901468757169,15.514200415733498,108.41067567973687,53.62997362509029
1818,3650,38.0,1.0,28.2287600082456,89.66901468757169,15.514200415733498,108.41067567973687,53.62997362509029
1916,3653,82.0,1.0,28.2287600082456,89.66901468757169,15.514200415733498,108.41067567973687,53.62997362509029
1916,3654,72.0,1.0,28.2287600082456,89.66901468757169,15.514200415733498,108.41067567973687,53.62997362509029
1994,3657,118.0,1.0,28.2287600082456,89.66901468757169,15.514200415733498,108.41067567973687,53.62997362509029
1994,3658,40.0,1.0,28.2287600082456,89.66901468757169,15.514200415733498,108.41067567973687,53.62997362509029
1887,3661,114.0,1.0,28.2287600082456,89.66901468757169,15.514200415733498,108.41067567973687,53.62997362509029
1887,3662,70.0,1.0,28.2287600082456,89.66901468757169,15.514200415733498,108.41067567973687,53.62997362509029
2158,3664,52.0,1.0,28.2287600082456,89.66901468757169,15.514200415733498,108.41067567973687,53.62997362509029
2198,3665,129.4016287214366,1.0,28.2287600082456,89.66901468757169,15.514200415733498,108.41067567973687,53.62997362509029
2198,3666,86.0,1.0,28.2287600082456,89.66901468757169,15.514200415733498,108.41067567973687,53.62997362509029
2230,3667,17.10259828178694,1.0,28.2287600082456,89.66901468757169,15.514200415733498,108.41067567973687,53.62997362509029
2230,3668,108.0,1.0,28.2287600082456,89.66901468757169,15.514200415733498,108.41067567973687,53.62997362509029
2252,3669,95.72317775028586,1.0,28.2287600082456,89.66901468757169,15.514200415733498,108.41067567973687,53.62997362509029
2292,3672,54.0,1.0,28.2287600082456,89.66901468757169,15.514200415733498,108.41067567973687,53.62997362509029
2428,3673,53.565090675198505,1.0,28.2287600082456,89.66901468757169,15.514200415733498,108.41067567973687,53.62997362509029
2428,3674,170.0,1.0,28.2287600082456,89.66901468757169,15.514200415733498,108.41067567973687,53.62997362509029
2451,3679,137.2347695077707,1.0,28.2287600082456,89.66901468757169,15.514200415733498,108.41067567973687,53.62997362509029
2451,3680,106.0,1.0,28.2287600082456,89.66901468757169,15.514200415733498,108.41067567973687,53.62997362509029
2624,3681,84.0,1.0,28.2287600082456,89.66901468757169,15.514200415733498,108.41067567973687,53.62997362509029
2624,3682,90.0,1.0,28.2287600082456,89.66901468757169,15.514200415733498,108.41067567973687,53.62997362509029
2766,3683,149.89351752227418,1.0,28.2287600082456,89.66901468757169,15.514200415733498,108.41067567973687,53.62997362509029
2940,3685,97.70842362656347,1.0,28.2287600082456,89.66901468757169,15.514200415733498,108.41067567973687,53.62997362509029
2940,3686,82.0,1.0,28.2287600082456,89.66901468757169,15.514200415733498,108.41067567973687,53.62997362509029
1804,3692,80.0,1.0,28.2287600082456,89.66901468757169,15.514200415733498,108.41067567973687,53.62997362509029
1925,3693,125.93755032019799,1.0,28.2287600082456,89.66901468757169,15.514200415733498,108.41067567973687,53.62997362509029
2048,3695,92.0,1.0,28.2287600082456,89.66901468757169,15.514200415733498,108.41067567973687,53.62997362509029
2094,3699,124.0,1.0,28.2287600082456,89.66901468757169,15.514200415733498,108.41067567973687,53.62997362509029
1691,3701,38.157138442077176,1.0,28.2287600082456,89.66901468757169,15.514200415733498,108.41067567973687,53.62997362509029
2122,3703,74.0,1.0,28.2287600082456,89.66901468757169,15.514200415733498,108.41067567973687,53.62997362509029
1697,3705,34.0,1.0,28.2287600082456,89.66901468757169,15.514200415733498,108.41067567973687,53.62997362509029
2314,3711,42.0,1.0,28.2287600082456,89.66901468757169,15.514200415733498,108.41067567973687,53.62997362509029
2406,3715,98.0,1.0,28.2287600082456,89.66901468757169,15.514200415733498,108.41067567973687,53.62997362509029
2406,3716,136.0,1.0,28.2287600082456,89.66901468757169,15.514200415733498,108.41067567973687,53.62997362509029
2464,3720,100.0,1.0,28.2287600082456,89.66901468757169,15.514200415733498,108.41067567973687,53.62997362509029
1523,3721,97.36054042003056,1.0,28.2287600082456,89.66901468757169,15.514200415733498,108.41067567973687,53.62997362509029
1523,3722,152.0,1.0,28.2287600082456,89.66901468757169,15.514200415733498,108.41067567973687,53.62997362509029
2526,3723,200.74164557190375,1.0,28.2287600082456,89.66901468757169,15.514200415733498,108.41067567973687,53.62997362509029
2526,3724,124.0,1.0,28.2287600082456,89.66901468757169,15.514200415733498,108.41067567973687,53.62997362509029
2642,3725,36.50962050858534,1.0,28.2287600082456,89.66901468757169,15.514200415733498,108.41067567973687,53.62997362509029
1883,3728,80.0,1.0,28.2287600082456,89.66901468757169,15.514200415733498,108.41067567973687,53.62997362509029
1607,3735,126.64251070367183,1.0,28.2287600082456,89.66901468757169,15.514200415733498,108.41067567973687,53.62997362509029
1908,3737,75.32247735699595,1.0,28.2287600082456,89.66901468757169,15.514200415733498,108.41067567973687,53.62997362509029
1215,3742,80.0,1.0,28.2287600082456,89.66901468757169,15.514200415733498,108.41067567973687,53.62997362509029
2264,3748,80.0,1.0,28.2287600082456,89.66901468757169,15.514200415733498,108.41067567973687,53.62997362509029
869,3751,74.47150984098208,1.0,28.2287600082456,89.66901468757169,15.514200415733498,108.41067567973687,53.62997362509029
869,3752,248.0317151667897,1.0,28.2287600082456,89.66901468757169,15.514200415733498,108.41067567973687,53.62997362509029
2298,3753,103.61219924963044,1.0,28.2287600082456,89.66901468757169,15.514200415733498,108.41067567973687,53.62997362509029
2298,3754,72.0,1.0,28.2287600082456,89.66901468757169,15.514200415733498,108.41067567973687,53.62997362509029
2392,3760,68.0,1.0,28.2287600082456,89.66901468757169,15.514200415733498,108.41067567973687,53.62997362509029
2219,3761,29.941002317916357,1.0,28.2287600082456,89.66901468757169,15.514200415733498,108.41067567973687,53.62997362509029
2219,3762,146.0,1.0,28.2287600082456,89.66901468757169,15.514200415733498,108.41067567973687,53.62997362509029
2468,3763,108.0,1.0,28.2287600082456,89.66901468757169,15.514200415733498,108.41067567973687,53.62997362509029
2468,3764,116.0,1.0,28.2287600082456,89.66901468757169,15.514200415733498,108.41067567973687,53.62997362509029
2484,3765,103.97248167818894,1.0,28.2287600082456,89.66901468757169,15.514200415733498,108.41067567973687,53.62997362509029
2520,3767,98.0,1.0,28.2287600082456,89.66901468757169,15.514200415733498,108.41067567973687,53.62997362509029
2520,3768,102.0,1.0,28.2287600082456,89.66901468757169,15.514200415733498,108.41067567973687,53.62997362509029
2722,3769,48.0,1.0,28.2287600082456,89.66901468757169,15.514200415733498,108.41067567973687,53.62997362509029
1345,3771,79.57594798300627,1.0,28.2287600082456,89.66901468757169,15.514200415733498,108.41067567973687,53.62997362509029
1345,3772,96.0,1.0,28.2287600082456,89.66901468757169,15.514200415733498,108.41067567973687,53.62997362509029
2359,3774,108.0,1.0,28.2287600082456,89.66901468757169,15.514200415733498,108.41067567973687,53.62997362509029
1369,3776,174.0,1.0,28.2287600082456,89.66901468757169,15.514200415733498,108.41067567973687,53.62997362509029
1314,3777,64.65295345464249,1.0,28.2287600082456,89.66901468757169,15.514200415733498,108.41067567973687,53.62997362509029
1314,3778,80.0,1.0,28.2287600082456,89.66901468757169,15.514200415733498,108.41067567973687,53.62997362509029
789,3780,86.0,1.0,28.2287600082456,89.66901468757169,15.514200415733498,108.41067567973687,53.62997362509029
1661,3782,94.0,1.0,28.2287600082456,89.66901468757169,15.514200415733498,108.41067567973687,53.62997362509029
1711,3784,80.0,1.0,28.2287600082456,89.66901468757169,15.514200415733498,108.41067567973687,53.62997362509029
2432,3787,80.21560265786401,1.0,28.2287600082456,89.66901468757169,15.514200415733498,108.41067567973687,53.62997362509029
1589,3797,82.0,1.0,28.2287600082456,89.66901468757169,15.514200415733498,108.41067567973687,53.62997362509029
1209,3801,93.39718389093993,1.0,28.2287600082456,89.66901468757169,15.514200415733498,108.41067567973687,53.62997362509029
1209,3802,146.0,1.0,28.2287600082456,89.66901468757169,15.514200415733498,108.41067567973687,53.62997362509029
2172,3803,98.0,1.0,28.2287600082456,89.66901468757169,15.514200415733498,108.41067567973687,53.62997362509029
2308,3809,88.0,1.0,28.2287600082456,89.66901468757169,15.514200415733498,108.41067567973687,53.62997362509029
2308,3810,116.0,1.0,28.2287600082456,89.66901468757169,15.514200415733498,108.41067567973687,53.62997362509029
1803,3811,83.97159592029962,1.0,28.2287600082456,89.66901468757169,15.514200415733498,108.41067567973687,53.62997362509029
2600,3818,66.0,1.0,28.2287600082456,89.66901468757169,15.514200415733498,108.41067567973687,53.62997362509029
2573,3820,8.0,1.0,28.2287600082456,89.66901468757169,15.514200415733498,108.41067567973687,53.62997362509029
2899,3821,112.66750601326356,1.0,28.2287600082456,89.66901468757169,15.514200415733498,108.41067567973687,53.62997362509029
2899,3822,116.0,1.0,28.2287600082456,89.66901468757169,15.514200415733498,108.41067567973687,53.62997362509029
3322,3823,64.0,1.0,28.2287600082456,89.66901468757169,15.514200415733498,108.41067567973687,53.62997362509029
3322,3824,108.0,1.0,28.2287600082456,89.66901468757169,15.514200415733498,108.41067567973687,53.62997362509029
2057,3827,114.0,1.0,28.2287600082456,89.66901468757169,15.514200415733498,108.41067567973687,53.62997362509029
2108,3829,133.44562885140374,1.0,28.2287600082456,89.66901468757169,15.514200415733498,108.41067567973687,53.62997362509029
2108,3830,122.0,1.0,28.2287600082456,89.66901468757169,15.514200415733498,108.41067567973687,53.62997362509029
1507,3832,66.0,1.0,28.2287600082456,89.66901468757169,15.514200415733498,108.41067567973687,53.62997362509029
285,3837,104.0,1.0,28.2287600082456,89.66901468757169,15.514200415733498,108.41067567973687,53.62997362509029
285,3838,76.0,1.0,28.2287600082456,89.66901468757169,15.514200415733498,108.41067567973687,53.62997362509029
641,3841,41.19535406777912,1.0,28.2287600082456,89.66901468757169,15.514200415733498,108.41067567973687,53.62997362509029
641,3842,114.0,1.0,28.2287600082456,89.66901468757169,15.514200415733498,108.41067567973687,53.62997362509029
2113,3843,158.02474247442612,1.0,28.2287600082456,89.66901468757169,15.514200415733498,108.41067567973687,53.62997362509029
2113,3844,134.0,1.0,28.2287600082456,89.66901468757169,15.514200415733498,108.41067567973687,53.62997362509029
2488,3846,32.0,1.0,28.2287600082456,89.66901468757169,15.514200415733498,108.41067567973687,53.62997362509029
2500,3847,130.0,1.0,28.2287600082456,89.66901468757169,15.514200415733498,108.41067567973687,53.62997362509029
2500,3848,80.0,1.0,28.2287600082456,89.66901468757169,15.514200415733498,108.41067567973687,53.62997362509029
2546,3849,100.60052996954298,1.0,28.2287600082456,89.66901468757169,15.514200415733498,108.41067567973687,53.62997362509029
2546,3850,154.0,1.0,28.2287600082456,89.66901468757169,15.514200415733498,108.41067567973687,53.62997362509029
2533,3853,107.37501320919654,1.0,28.2287600082456,89.66901468757169,15.514200415733498,108.41067567973687,53.62997362509029
2533,3854,102.0,1.0,28.2287600082456,89.66901468757169,15.514200415733498,108.41067567973687,53.62997362509029
2840,3859,88.0,1.0,28.2287600082456,89.66901468757169,15.514200415733498,108.41067567973687,53.62997362509029
2840,3860,88.0,1.0,28.2287600082456,89.66901468757169,15.514200415733498,108.41067567973687,53.62997362509029
2988,3863,108.0,1.0,28.2287600082456,89.66901468757169,15.514200415733498,108.41067567973687,53.62997362509029
2988,3864,100.0,1.0,28.2287600082456,89.66901468757169,15.514200415733498,108.41067567973687,53.62997362509029
2367,3866,148.0,1.0,28.2287600082456,89.66901468757169,15.514200415733498,108.41067567973687,53.62997362509029
1746,3868,126.0,1.0,28.2287600082456,89.66901468757169,15.514200415733498,108.41067567973687,53.62997362509029
1621,3869,43.77292651188883,1.0,28.2287600082456,89.66901468757169,15.514200415733498,108.41067567973687,53.62997362509029
1954,3871,52.20812058158699,1.0,28.2287600082456,89.66901468757169,15.514200415733498,108.41067567973687,53.62997362509029
655,3873,169.66946417917944,1.0,28.2287600082456,89.66901468757169,15.514200415733498,108.41067567973687,53.62997362509029
2050,3875,148.09576926755014,1.0,28.2287600082456,89.66901468757169,15.514200415733498,108.41067567973687,53.62997362509029
2050,3876,70.0,1.0,28.2287600082456,89.66901468757169,15.514200415733498,108.41067567973687,53.62997362509029
2051,3877,65.56600103401118,1.0,28.2287600082456,89.66901468757169,15.514200415733498,108.41067567973687,53.62997362509029
2232,3881,68.0,1.0,28.2287600082456,89.66901468757169,15.514200415733498,108.41067567973687,53.62997362509029
2232,3882,86.0,1.0,28.2287600082456,89.66901468757169,15.514200415733498,108.41067567973687,53.62997362509029
2242,3884,70.0,1.0,28.2287600082456,89.66901468757169,15.514200415733498,108.41067567973687,53.62997362509029
917,3885,143.3368519529331,1.0,28.2287600082456,89.66901468757169,15.514200415733498,108.41067567973687,53.62997362509029
1013,3887,107.29149912246832,1.0,28.2287600082456,89.66901468757169,15.514200415733498,108.41067567973687,53.62997362509029
1225,3889,118.0,1.0,28.2287600082456,89.66901468757169,15.514200415733498,108.41067567973687,53.62997362509029
1225,3890,94.0,1.0,28.2287600082456,89.66901468757169,15.514200415733498,108.41067567973687,53.62997362509029
2193,3891,98.0,1.0,28.2287600082456,89.66901468757169,15.514200415733498,108.41067567973687,53.62997362509029
2193,3892,84.0,1.0,28.2287600082456,89.66901468757169,15.514200415733498,108.41067567973687,53.62997362509029
1839,3894,237.01807686691367,1.0,28.2287600082456,89.66901468757169,15.514200415733498,108.41067567973687,53.62997362509029
1133,3895,60.0,1.0,28.2287600082456,89.66901468757169,15.514200415733498,108.41067567973687,53.62997362509029
1133,3896,122.0,1.0,28.2287600082456,89.66901468757169,15.514200415733498,108.41067567973687,53.62997362509029
2285,3897,130.6154959817702,1.0,28.2287600082456,89.66901468757169,15.514200415733498,108.41067567973687,53.62997362509029
2285,3898,78.0,1.0,28.2287600082456,89.66901468757169,15.514200415733498,108.41067567973687,53.62997362509029
2808,3901,96.0,1.0,28.2287600082456,89.66901468757169,15.514200415733498,108.41067567973687,53.62997362509029
2828,3903,71.42854761771794,1.0,28.2287600082456,89.66901468757169,15.514200415733498,108.41067567973687,53.62997362509029
3254,3905,154.73303295066626,1.0,28.2287600082456,89.66901468757169,15.514200415733498,108.41067567973687,53.62997362509029
1888,3907,148.5110972349268,1.0,28.2287600082456,89.66901468757169,15.514200415733498,108.41067567973687,53.62997362509029
1888,3908,92.0,1.0,28.2287600082456,89.66901468757169,15.514200415733498,108.41067567973687,53.62997362509029
1453,3909,90.0,1.0,28.2287600082456,89.66901468757169,15.514200415733498,108.41067567973687,53.62997362509029
1571,3913,149.30480055951278,1.0,28.2287600082456,89.66901468757169,15.514200415733498,108.41067567973687,53.62997362509029
2304,3916,74.0,1.0,28.2287600082456,89.66901468757169,15.514200415733498,108.41067567973687,53.62997362509029
471,3918,54.0,1.0,28.2287600082456,89.66901468757169,15.514200415733498,108.41067567973687,53.62997362509029
2269,3919,40.321285256145075,1.0,28.2287600082456,89.66901468757169,15.514200415733498,108.41067567973687,53.62997362509029
2269,3920,88.0,1.0,28.2287600082456,89.66901468757169,15.514200415733498,108.41067567973687,53.62997362509029
1439,3921,70.0,1.0,28.2287600082456,89.66901468757169,15.514200415733498,108.41067567973687,53.62997362509029
1439,3922,120.0,1.0,28.2287600082456,89.66901468757169,15.514200415733498,108.41067567973687,53.62997362509029
2522,3925,122.28656643908802,1.0,28.2287600082456,89.66901468757169,15.514200415733498,108.41067567973687,53.62997362509029
2522,3926,88.0,1.0,28.2287600082456,89.66901468757169,15.514200415733498,108.41067567973687,53.62997362509029
2630,3929,64.0,1.0,28.2287600082456,89.66901468757169,15.514200415733498,108.41067567973687,53.62997362509029
2630,3930,94.0,1.0,28.2287600082456,89.66901468757169,15.514200415733498,108.41067567973687,53.62997362509029
2477,3934,76.0,1.0,28.2287600082456,89.66901468757169,15.514200415733498,108.41067567973687,53.62997362509029
3033,3935,43.1472364240102,1.0,28.2287600082456,89.66901468757169,15.514200415733498,108.41067567973687,53.62997362509029
1932,3939,60.0,1.0,28.2287600082456,89.66901468757169,15.514200415733498,108.41067567973687,53.62997362509029
2376,3943,149.80568021230502,1.0,28.2287600082456,89.66901468757169,15.514200415733498,108.41067567973687,53.62997362509029
2390,3945,62.88030548205235,1.0,28.2287600082456,89.66901468757169,15.514200415733498,108.41067567973687,53.62997362509029
2410,3949,81.34578653555188,1.0,28.2287600082456,89.66901468757169,15.514200415733498,108.41067567973687,53.62997362509029
2410,3950,94.0,1.0,28.2287600082456,89.66901468757169,15.514200415733498,108.41067567973687,53.62997362509029
1627,3951,75.6245293186903,1.0,28.2287600082456,89.66901468757169,15.514200415733498,108.41067567973687,53.62997362509029
2480,3953,40.44024597172587,1.0,28.2287600082456,89.66901468757169,15.514200415733498,108.41067567973687,53.62997362509029
2504,3955,107.57384565653717,1.0,28.2287600082456,89.66901468757169,15.514200415733498,108.41067567973687,53.62997362509029
2548,3957,86.0,1.0,28.2287600082456,89.66901468757169,15.514200415733498,108.41067567973687,53.62997362509029
2578,3960,94.0,1.0,28.2287600082456,89.66901468757169,15.514200415733498,108.41067567973687,53.62997362509029
2321,3962,203.78278371073222,1.0,28.2287600082456,89.66901468757169,15.514200415733498,108.41067567973687,53.62997362509029
2441,3964,120.0,1.0,28.2287600082456,89.66901468757169,15.514200415733498,108.41067567973687,53.62997362509029
2743,3965,86.0,1.0,28.2287600082456,89.66901468757169,15.514200415733498,108.41067567973687,53.62997362509029
2743,3966,64.0,1.0,28.2287600082456,89.66901468757169,15.514200415733498,108.41067567973687,53.62997362509029
2737,3967,117.95951396067443,1.0,28.2287600082456,89.66901468757169,15.514200415733498,108.41067567973687,53.62997362509029
3180,3969,112.02368554926463,1.0,28.2287600082456,89.66901468757169,15.514200415733498,108.41067567973687,53.62997362509029
3180,3970,94.0,1.0,28.2287600082456,89.66901468757169,15.514200415733498,108.41067567973687,53.62997362509029
3820,3971,92.9107968712429,1.0,28.2287600082456,89.66901468757169,15.514200415733498,108.41067567973687,53.62997362509029
3820,3972,96.0,1.0,28.2287600082456,89.66901468757169,15.514200415733498,108.41067567973687,53.62997362509029
1758,3973,74.0,1.0,28.2287600082456,89.66901468757169,15.514200415733498,108.41067567973687,53.62997362509029
2100,3979,30.489358540359433,1.0,28.2287600082456,89.66901468757169,15.514200415733498,108.41067567973687,53.62997362509029
2100,3980,164.0,1.0,28.2287600082456,89.66901468757169,15.514200415733498,108.41067567973687,53.62997362509029
2200,3986,96.0,1.0,28.2287600082456,89.66901468757169,15.514200415733498,108.41067567973687,53.62997362509029
1937,3987,113.18757920220754,1.0,28.2287600082456,89.66901468757169,15.514200415733498,108.41067567973687,53.62997362509029
1937,3988,62.0,1.0,28.2287600082456,89.66901468757169,15.514200415733498,108.41067567973687,53.62997362509029
2282,3990,118.0,1.0,28.2287600082456,89.66901468757169,15.514200415733498,108.41067567973687,53.62997362509029
2007,3991,156.0,1.0,28.2287600082456,89.66901468757169,15.514200415733498,108.41067567973687,53.62997362509029
1787,4000,90.0,1.0,28.2287600082456,89.66901468757169,15.514200415733498,108.41067567973687,53.62997362509029
2771,4003,100.83729648532629,1.0,28.2287600082456,89.66901468757169,15.514200415733498,108.41067567973687,53.62997362509029
2069,4006,152.0,1.0,28.2287600082456,89.66901468757169,15.514200415733498,108.41067567973687,53.62997362509029
3243,4008,50.0,1.0,28.2287600082456,89.66901468757169,15.514200415733498,108.41067567973687,53.62997362509029
2959,4013,100.0,1.0,28.2287600082456,89.66901468757169,15.514200415733498,108.41067567973687,53.62997362509029
2959,4014,104.0,1.0,28.2287600082456,89.66901468757169,15.514200415733498,108.41067567973687,53.62997362509029
1593,4015,78.0,1.0,28.2287600082456,89.66901468757169,15.514200415733498,108.41067567973687,53.62997362509029
1961,4017,92.0,1.0,28.2287600082456,89.66901468757169,15.514200415733498,108.41067567973687,53.62997362509029
1659,4019,84.33421941532009,1.0,28.2287600082456,89.66901468757169,15.514200415733498,108.41067567973687,53.62997362509029
1659,4020,58.0,1.0,28.2287600082456,89.66901468757169,15.514200415733498,108.41067567973687,53.62997362509029
1879,4021,101.00162097149541,1.0,28.2287600082456,89.66901468757169,15.514200415733498,108.41067567973687,53.62997362509029
1879,4022,104.0,1.0,28.2287600082456,89.66901468757169,15.514200415733498,108.41067567973687,53.62997362509029
2309,4023,170.09127824013422,1.0,28.2287600082456,89.66901468757169,15.514200415733498,108.41067567973687,53.62997362509029
2309,4024,52.0,1.0,28.2287600082456,89.66901468757169,15.514200415733498,108.41067567973687,53.62997362509029
1857,4025,118.81573977459028,1.0,28.2287600082456,89.66901468757169,15.514200415733498,108.41067567973687,53.62997362509029
1857,4026,132.0,1.0,28.2287600082456,89.66901468757169,15.514200415733498,108.41067567973687,53.62997362509029
2696,4031,94.0,1.0,28.2287600082456,89.66901468757169,15.514200415733498,108.41067567973687,53.62997362509029
2744,4033,72.0,1.0,28.2287600082456,89.66901468757169,15.514200415733498,108.41067567973687,53.62997362509029
2744,4034,78.0,1.0,28.2287600082456,89.66901468757169,15.514200415733498,108.41067567973687,53.62997362509029
2112,4037,66.0,1.0,28.2287600082456,89.66901468757169,15.514200415733498,108.41067567973687,53.62997362509029
2244,4039,96.0,1.0,28.2287600082456,89.66901468757169,15.514200415733498,108.41067567973687,53.62997362509029
2244,4040,92.0,1.0,28.2287600082456,89.66901468757169,15.514200415733498,108.41067567973687,53.62997362509029
1689,4041,80.0,1.0,28.2287600082456,89.66901468757169,15.514200415733498,108.41067567973687,53.62997362509029
1689,4042,64.0,1.0,28.2287600082456,89.66901468757169,15.514200415733498,108.41067567973687,53.62997362509029
2270,4043,106.0,1.0,28.2287600082456,89.66901468757169,15.514200415733498,108.41067567973687,53.62997362509029
2270,4044,134.0,1.0,28.2287600082456,89.66901468757169,15.514200415733498,108.41067567973687,53.62997362509029
1415,4054,96.0,1.0,28.2287600082456,89.66901468757169,15.514200415733498,108.41067567973687,53.62997362509029
2194,4057,135.32628623563167,1.0,28.2287600082456,89.66901468757169,15.514200415733498,108.41067567973687,53.62997362509029
2194,4058,32.0,1.0,28.2287600082456,89.66901468757169,15.514200415733498,108.41067567973687,53.62997362509029
2240,4059,46.0,1.0,28.2287600082456,89.66901468757169,15.514200415733498,108.41067567973687,53.62997362509029
2240,4060,92.0,1.0,28.2287600082456,89.66901468757169,15.514200415733498,108.41067567973687,53.62997362509029
2246,4062,120.0,1.0,28.2287600082456,89.66901468757169,15.514200415733498,108.41067567973687,53.62997362509029
2368,4063,164.5501994673022,1.0,28.2287600082456,89.66901468757169,15.514200415733498,108.41067567973687,53.62997362509029
2368,4064,122.0,1.0,28.2287600082456,89.66901468757169,15.514200415733498,108.41067567973687,53.62997362509029
1563,4065,112.0,1.0,28.2287600082456,89.66901468757169,15.514200415733498,108.41067567973687,53.62997362509029
1563,4066,84.0,1.0,28.2287600082456,89.66901468757169,15.514200415733498,108.41067567973687,53.62997362509029
1147,4067,86.77885500193882,1.0,28.2287600082456,89.66901468757169,15.514200415733498,108.41067567973687,53.62997362509029
1147,4068,195.15927350061065,1.0,28.2287600082456,89.66901468757169,15.514200415733498,108.41067567973687,53.62997362509029
2454,4070,70.0,1.0,28.2287600082456,89.66901468757169,15.514200415733498,108.41067567973687,53.62997362509029
2528,4073,50.22864303607629,1.0,28.2287600082456,89.66901468757169,15.514200415733498,108.41067567973687,53.62997362509029
2528,4074,72.0,1.0,28.2287600082456,89.66901468757169,15.514200415733498,108.41067567973687,53.62997362509029
2530,4075,81.92200543094663,1.0,28.2287600082456,89.66901468757169,15.514200415733498,108.41067567973687,53.62997362509029
2532,4077,126.60002357418438,1.0,28.2287600082456,89.66901468757169,15.514200415733498,108.41067567973687,53.62997362509029
2532,4078,76.0,1.0,28.2287600082456,89.66901468757169,15.514200415733498,108.41067567973687,53.62997362509029
2566,4079,177.37594337579435,1.0,28.2287600082456,89.66901468757169,15.514200415733498,108.41067567973687,53.62997362509029
2471,4081,120.0,1.0,28.2287600082456,89.66901468757169,15.514200415733498,108.41067567973687,53.62997362509029
2471,4082,110.0,1.0,28.2287600082456,89.66901468757169,15.514200415733498,108.41067567973687,53.62997362509029
1385,4084,138.0,1.0,28.2287600082456,89.66901468757169,15.514200415733498,108.41067567973687,53.62997362509029
295,4085,95.60143500768416,1.0,28.2287600082456,89.66901468757169,15.514200415733498,108.41067567973687,53.62997362509029
2357,4088,72.0,1.0,28.2287600082456,89.66901468757169,15.514200415733498,108.41067567973687,53.62997362509029
2836,4090,40.0,1.0,28.2287600082456,89.66901468757169,15.514200415733498,108.41067567973687,53.62997362509029
2886,4091,104.0,1.0,28.2287600082456,89.66901468757169,15.514200415733498,108.41067567973687,53.62997362509029
2886,4092,114.0,1.0,28.2287600082456,89.66901468757169,15.514200415733498,108.41067567973687,53.62997362509029
2908,4093,60.97259575326141,1.0,28.2287600082456,89.66901468757169,15.514200415733498,108.41067567973687,53.62997362509029
2954,4095,143.32934125488026,1.0,28.2287600082456,89.66901468757169,15.514200415733498,108.41067567973687,53.62997362509029
2954,4096,86.0,1.0,28.2287600082456,89.66901468757169,15.514200415733498,108.41067567973687,53.62997362509029
3236,4102,92.0,1.0,28.2287600082456,89.66901468757169,15.514200415733498,108.41067567973687,53.62997362509029
2336,4103,95.91398793643229,1.0,28.2287600082456,89.66901468757169,15.514200415733498,108.41067567973687,53.62997362509029
2336,4104,78.0,1.0,28.2287600082456,89.66901468757169,15.514200415733498,108.41067567973687,53.62997362509029
1859,4105,84.0,1.0,28.2287600082456,89.66901468757169,15.514200415733498,108.41067567973687,53.62997362509029
1859,4106,78.0,1.0,28.2287600082456,89.66901468757169,15.514200415733498,108.41067567973687,53.62997362509029
1021,4107,124.0,1.0,28.2287600082456,89.66901468757169,15.514200415733498,108.41067567973687,53.62997362509029
2458,4110,128.0,1.0,28.2287600082456,89.66901468757169,15.514200415733498,108.41067567973687,53.62997362509029
1199,4113,92.0,1.0,28.2287600082456,89.66901468757169,15.514200415733498,108.41067567973687,53.62997362509029
1199,4114,70.0,1.0,28.2287600082456,89.66901468757169,15.514200415733498,108.41067567973687,53.62997362509029
2540,4115,128.62234919334327,1.0,28.2287600082456,89.66901468757169,15.514200415733498,108.41067567973687,53.62997362509029
2540,4116,96.0,1.0,28.2287600082456,89.66901468757169,15.514200415733498,108.41067567973687,53.62997362509029
1165,4117,119.71730469326005,1.0,28.2287600082456,89.66901468757169,15.514200415733498,108.41067567973687,53.62997362509029
2089,4125,58.433759284837414,1.0,28.2287600082456,89.66901468757169,15.514200415733498,108.41067567973687,53.62997362509029
2089,4126,84.0,1.0,28.2287600082456,89.66901468757169,15.514200415733498,108.41067567973687,53.62997362509029
2131,4129,14.958989545190798,1.0,28.2287600082456,89.66901468757169,15.514200415733498,108.41067567973687,53.62997362509029
2796,4131,103.93848890946387,1.0,28.2287600082456,89.66901468757169,15.514200415733498,108.41067567973687,53.62997362509029
2814,4133,202.0741453463798,1.0,28.2287600082456,89.66901468757169,15.514200415733498,108.41067567973687,53.62997362509029
2830,4135,91.62013064908687,1.0,28.2287600082456,89.66901468757169,15.514200415733498,108.41067567973687,53.62997362509029
2830,4136,94.0,1.0,28.2287600082456,89.66901468757169,15.514200415733498,108.41067567973687,53.62997362509029
1561,4138,100.0,1.0,28.2287600082456,89.66901468757169,15.514200415733498,108.41067567973687,53.62997362509029
2964,4139,88.43327438946518,1.0,28.2287600082456,89.66901468757169,15.514200415733498,108.41067567973687,53.62997362509029
2964,4140,36.0,1.0,28.2287600082456,89.66901468757169,15.514200415733498,108.41067567973687,53.62997362509029
2853,4141,100.0,1.0,28.2287600082456,89.66901468757169,15.514200415733498,108.41067567973687,53.62997362509029
3361,4143,116.0,1.0,28.2287600082456,89.66901468757169,15.514200415733498,108.41067567973687,53.62997362509029
3361,4144,48.0,1.0,28.2287600082456,89.66901468757169,15.514200415733498,108.41067567973687,53.62997362509029
1829,4147,114.0,1.0,28.2287600082456,89.66901468757169,15.514200415733498,108.41067567973687,53.62997362509029
1829,4148,130.0,1.0,28.2287600082456,89.66901468757169,15.514200415733498,108.41067567973687,53.62997362509029
1889,4149,110.31196662878048,1.0,28.2287600082456,89.66901468757169,15.514200415733498,108.41067567973687,53.62997362509029
1997,4152,100.0,1.0,28.2287600082456,89.66901468757169,15.514200415733498,108.41067567973687,53.62997362509029
1935,4153,104.91611482035204,1.0,28.2287600082456,89.66901468757169,15.514200415733498,108.41067567973687,53.62997362509029
2352,4155,95.49293513892181,1.0,28.2287600082456,89.66901468757169,15.514200415733498,108.41067567973687,53.62997362509029
2430,4158,116.0,1.0,28.2287600082456,89.66901468757169,15.514200415733498,108.41067567973687,53.62997362509029
2490,4161,150.66670659820173,1.0,28.2287600082456,89.66901468757169,15.514200415733498,108.41067567973687,53.62997362509029
2490,4162,82.0,1.0,28.2287600082456,89.66901468757169,15.514200415733498,108.41067567973687,53.62997362509029
2590,4167,81.86302467447058,1.0,28.2287600082456,89.66901468757169,15.514200415733498,108.41067567973687,53.62997362509029
2590,4168,188.02486872909333,1.0,28.2287600082456,89.66901468757169,15.514200415733498,108.41067567973687,53.62997362509029
2405,4169,98.32736387405421,1.0,28.2287600082456,89.66901468757169,15.514200415733498,108.41067567973687,53.62997362509029
2850,4173,112.10704815302422,1.0,28.2287600082456,89.66901468757169,15.514200415733498,108.41067567973687,53.62997362509029
2850,4174,78.0,1.0,28.2287600082456,89.66901468757169,15.514200415733498,108.41067567973687,53.62997362509029
683,4176,94.0,1.0,28.2287600082456,89.66901468757169,15.514200415733498,108.41067567973687,53.62997362509029
3329,4179,82.0,1.0,28.2287600082456,89.66901468757169,15.514200415733498,108.41067567973687,53.62997362509029
1672,4181,45.50696172598556,1.0,28.2287600082456,89.66901468757169,15.514200415733498,108.41067567973687,53.62997362509029
1687,4185,26.20730544235216,1.0,28.2287600082456,89.66901468757169,15.514200415733498,108.41067567973687,53.62997362509029
1687,4186,48.0,1.0,28.2287600082456,89.66901468757169,15.514200415733498,108.41067567973687,53.62997362509029
1904,4187,173.50075054133634,1.0,28.2287600082456,89.66901468757169,15.514200415733498,108.41067567973687,53.62997362509029
1904,4188,64.0,1.0,28.2287600082456,89.66901468757169,15.514200415733498,108.41067567973687,53.62997362509029
2254,4189,124.07758341482946,1.0,28.2287600082456,89.66901468757169,15.514200415733498,108.41067567973687,53.62997362509029
2254,4190,179.3235402887581,1.0,28.2287600082456,89.66901468757169,15.514200415733498,108.41067567973687,53.62997362509029
2496,4196,106.0,1.0,28.2287600082456,89.66901468757169,15.514200415733498,108.41067567973687,53.62997362509029
2445,4198,98.0,1.0,28.2287600082456,89.66901468757169,15.514200415733498,108.41067567973687,53.62997362509029
2656,4199,166.87121420902878,1.0,28.2287600082456,89.66901468757169,15.514200415733498,108.41067567973687,53.62997362509029
2656,4200,88.0,1.0,28.2287600082456,89.66901468757169,15.514200415733498,108.41067567973687,53.62997362509029
2760,4206,64.0,1.0,28.2287600082456,89.66901468757169,15.514200415733498,108.41067567973687,53.62997362509029
2770,4207,97.08958727764342,1.0,28.2287600082456,89.66901468757169,15.514200415733498,108.41067567973687,53.62997362509029
2770,4208,48.0,1.0,28.2287600082456,89.66901468757169,15.514200415733498,108.41067567973687,53.62997362509029
2832,4211,80.06468357553129,1.0,28.2287600082456,89.66901468757169,15.514200415733498,108.41067567973687,53.62997362509029
1969,4214,62.0,1.0,28.2287600082456,89.66901468757169,15.514200415733498,108.41067567973687,53.62997362509029
2483,4215,139.76566016621288,1.0,28.2287600082456,89.66901468757169,15.514200415733498,108.41067567973687,53.62997362509029
1743,4219,77.9070963627282,1.0,28.2287600082456,89.66901468757169,15.514200415733498,108.41067567973687,53.62997362509029
487,4226,96.0,1.0,28.2287600082456,89.66901468757169,15.514200415733498,108.41067567973687,53.62997362509029
1996,4227,47.75886613913339,1.0,28.2287600082456,89.66901468757169,15.514200415733498,108.41067567973687,53.62997362509029
1996,4228,8.0,1.0,28.2287600082456,89.66901468757169,15.514200415733498,108.41067567973687,53.62997362509029
1665,4229,23.127048278893223,1.0,28.2287600082456,89.66901468757169,15.514200415733498,108.41067567973687,53.62997362509029
2300,4231,95.60130100821,1.0,28.2287600082456,89.66901468757169,15.514200415733498,108.41067567973687,53.62997362509029
2300,4232,108.0,1.0,28.2287600082456,89.66901468757169,15.514200415733498,108.41067567973687,53.62997362509029
2322,4235,182.85576696200877,1.0,28.2287600082456,89.66901468757169,15.514200415733498,108.41067567973687,53.62997362509029
2247,4245,90.0,1.0,28.2287600082456,89.66901468757169,15.514200415733498,108.41067567973687,53.62997362509029
2403,4247,170.76488632369183,1.0,28.2287600082456,89.66901468757169,15.514200415733498,108.41067567973687,53.62997362509029
2403,4248,54.0,1.0,28.2287600082456,89.66901468757169,15.514200415733498,108.41067567973687,53.62997362509029
2676,4255,46.14010231087097,1.0,28.2287600082456,89.66901468757169,15.514200415733498,108.41067567973687,53.62997362509029
2676,4256,92.0,1.0,28.2287600082456,89.66901468757169,15.514200415733498,108.41067567973687,53.62997362509029
2597,4257,88.0,1.0,28.2287600082456,89.66901468757169,15.514200415733498,108.41067567973687,53.62997362509029
2597,4258,216.90573926745373,1.0,28.2287600082456,89.66901468757169,15.514200415733498,108.41067567973687,53.62997362509029
1239,4261,120.99132222992698,1.0,28.2287600082456,89.66901468757169,15.514200415733498,108.41067567973687,53.62997362509029
2894,4263,159.96461414444065,1.0,28.2287600082456,89.66901468757169,15.514200415733498,108.41067567973687,53.62997362509029
2922,4265,37.73156398196073,1.0,28.2287600082456,89.66901468757169,15.514200415733498,108.41067567973687,53.62997362509029
3262,4271,108.0,1.0,28.2287600082456,89.66901468757169,15.514200415733498,108.41067567973687,53.62997362509029
3301,4276,98.0,1.0,28.2287600082456,89.66901468757169,15.514200415733498,108.41067567973687,53.62997362509029
1860,4278,183.35558567107896,1.0,28.2287600082456,89.66901468757169,15.514200415733498,108.41067567973687,53.62997362509029
2080,4279,197.209267595927,1.0,28.2287600082456,89.66901468757169,15.514200415733498,108.41067567973687,53.62997362509029
2080,4280,225.5117424255576,1.0,28.2287600082456,89.66901468757169,15.514200415733498,108.41067567973687,53.62997362509029
2344,4287,157.07551972061128,1.0,28.2287600082456,89.66901468757169,15.514200415733498,108.41067567973687,53.62997362509029
2344,4288,64.0,1.0,28.2287600082456,89.66901468757169,15.514200415733498,108.41067567973687,53.62997362509029
2380,4290,98.0,1.0,28.2287600082456,89.66901468757169,15.514200415733498,108.41067567973687,53.62997362509029
2422,4291,97.51891315847512,1.0,28.2287600082456,89.66901468757169,15.514200415733498,108.41067567973687,53.62997362509029
2422,4292,144.0,1.0,28.2287600082456,89.66901468757169,15.514200415733498,108.41067567973687,53.62997362509029
2551,4297,183.80105405001498,1.0,28.2287600082456,89.66901468757169,15.514200415733498,108.41067567973687,53.62997362509029
2621,4303,76.04768890226498,1.0,28.2287600082456,89.66901468757169,15.514200415733498,108.41067567973687,53.62997362509029
2621,4304,94.0,1.0,28.2287600082456,89.66901468757169,15.514200415733498,108.41067567973687,53.62997362509029
2982,4308,110.0,1.0,28.2287600082456,89.66901468757169,15.514200415733498,108.41067567973687,53.62997362509029
3644,4311,42.0,1.0,28.2287600082456,89.66901468757169,15.514200415733498,108.41067567973687,53.62997362509029
1900,4315,82.0,1.0,28.2287600082456,89.66901468757169,15.514200415733498,108.41067567973687,53.62997362509029
2038,4318,116.0,1.0,28.2287600082456,89.66901468757169,15.514200415733498,108.41067567973687,53.62997362509029
2326,4323,76.51447755989356,1.0,28.2287600082456,89.66901468757169,15.514200415733498,108.41067567973687,53.62997362509029
2384,4326,134.0,1.0,28.2287600082456,89.66901468757169,15.514200415733498,108.41067567973687,53.62997362509029
979,4329,82.60253234984596,1.0,28.2287600082456,89.66901468757169,15.514200415733498,108.41067567973687,53.62997362509029
2460,4332,80.0,1.0,28.2287600082456,89.66901468757169,15.514200415733498,108.41067567973687,53.62997362509029
2584,4335,77.32459662773095,1.0,28.2287600082456,89.66901468757169,15.514200415733498,108.41067567973687,53.62997362509029
2584,4336,64.0,1.0,28.2287600082456,89.66901468757169,15.514200415733498,108.41067567973687,53.62997362509029
2658,4337,20.683042682049976,1.0,28.2287600082456,89.66901468757169,15.514200415733498,108.41067567973687,53.62997362509029
2708,4340,170.94461142949487,1.0,28.2287600082456,89.66901468757169,15.514200415733498,108.41067567973687,53.62997362509029
2800,4343,120.0,1.0,28.2287600082456,89.66901468757169,15.514200415733498,108.41067567973687,53.62997362509029
2800,4344,72.0,1.0,28.2287600082456,89.66901468757169,15.514200415733498,108.41067567973687,53.62997362509029
2653,4345,135.62149859245147,1.0,28.2287600082456,89.66901468757169,15.514200415733498,108.41067567973687,53.62997362509029
2653,4346,86.0,1.0,28.2287600082456,89.66901468757169,15.514200415733498,108.41067567973687,53.62997362509029
2721,4351,169.7791636861025,1.0,28.2287600082456,89.66901468757169,15.514200415733498,108.41067567973687,53.62997362509029
2629,4355,82.06720912972696,1.0,28.2287600082456,89.66901468757169,15.514200415733498,108.41067567973687,53.62997362509029
2629,4356,182.55506430519435,1.0,28.2287600082456,89.66901468757169,15.514200415733498,108.41067567973687,53.62997362509029
3378,4359,185.30192683989173,1.0,28.2287600082456,89.66901468757169,15.514200415733498,108.41067567973687,53.62997362509029
3378,4360,98.0,1.0,28.2287600082456,89.66901468757169,15.514200415733498,108.41067567973687,53.62997362509029
1842,4361,62.0,1.0,28.2287600082456,89.66901468757169,15.514200415733498,108.41067567973687,53.62997362509029
1842,4362,92.0,1.0,28.2287600082456,89.66901468757169,15.514200415733498,108.41067567973687,53.62997362509029
1912,4364,142.0,1.0,28.2287600082456,89.66901468757169,15.514200415733498,108.41067567973687,53.62997362509029
2040,4367,93.92748299250384,1.0,28.2287600082456,89.66901468757169,15.514200415733498,108.41067567973687,53.62997362509029
2266,4371,169.23499771305572,1.0,28.2287600082456,89.66901468757169,15.514200415733498,108.41067567973687,53.62997362509029
2266,4372,112.0,1.0,28.2287600082456,89.66901468757169,15.514200415733498,108.41067567973687,53.62997362509029
2272,4373,88.23042720821337,1.0,28.2287600082456,89.66901468757169,15.514200415733498,108.41067567973687,53.62997362509029
2398,4377,99.53544909916359,1.0,28.2287600082456,89.66901468757169,15.514200415733498,108.41067567973687,53.62997362509029
1881,4380,82.0,1.0,28.2287600082456,89.66901468757169,15.514200415733498,108.41067567973687,53.62997362509029
2472,4382,221.09874421433992,1.0,28.2287600082456,89.66901468757169,15.514200415733498,108.41067567973687,53.62997362509029
1851,4385,62.28172131688478,1.0,28.2287600082456,89.66901468757169,15.514200415733498,108.41067567973687,53.62997362509029
1851,4386,212.5929656396837,1.0,28.2287600082456,89.66901468757169,15.514200415733498,108.41067567973687,53.62997362509029
2660,4387,74.0,1.0,28.2287600082456,89.66901468757169,15.514200415733498,108.41067567973687,53.62997362509029
1725,4390,110.0,1.0,28.2287600082456,89.66901468757169,15.514200415733498,108.41067567973687,53.62997362509029
2752,4394,96.0,1.0,28.2287600082456,89.66901468757169,15.514200415733498,108.41067567973687,53.62997362509029
2842,4396,64.0,1.0,28.2287600082456,89.66901468757169,15.514200415733498,108.41067567973687,53.62997362509029
2892,4397,170.17484093484057,1.0,28.2287600082456,89.66901468757169,15.514200415733498,108.41067567973687,53.62997362509029
2898,4399,31.778453440187356,1.0,28.2287600082456,89.66901468757169,15.514200415733498,108.41067567973687,53.62997362509029
2898,4400,205.22345438457154,1.0,28.2287600082456,89.66901468757169,15.514200415733498,108.41067567973687,53.62997362509029
1781,4409,104.0,1.0,28.2287600082456,89.66901468757169,15.514200415733498,108.41067567973687,53.62997362509029
1781,4410,114.0,1.0,28.2287600082456,89.66901468757169,15.514200415733498,108.41067567973687,53.62997362509029
2951,4414,96.0,1.0,28.2287600082456,89.66901468757169,15.514200415733498,108.41067567973687,53.62997362509029
3650,4417,151.1435851421161,1.0,28.2287600082456,89.66901468757169,15.514200415733498,108.41067567973687,53.62997362509029
1035,4424,86.0,1.0,28.2287600082456,89.66901468757169,15.514200415733498,108.41067567973687,53.62997362509029
2463,4428,212.11258233224305,1.0,28.2287600082456,89.66901468757169,15.514200415733498,108.41067567973687,53.62997362509029
1989,4429,104.0,1.0,28.2287600082456,89.66901468757169,15.514200415733498,108.41067567973687,53.62997362509029
2738,4433,107.43311742459572,1.0,28.2287600082456,89.66901468757169,15.514200415733498,108.41067567973687,53.62997362509029
2738,4434,126.0,1.0,28.2287600082456,89.66901468757169,15.514200415733498,108.41067567973687,53.62997362509029
2353,4437,134.24768232785223,1.0,28.2287600082456,89.66901468757169,15.514200415733498,108.41067567973687,53.62997362509029
2353,4438,80.0,1.0,28.2287600082456,89.66901468757169,15.514200415733498,108.41067567973687,53.62997362509029
2774,4439,56.0,1.0,28.2287600082456,89.66901468757169,15.514200415733498,108.41067567973687,53.62997362509029
2541,4443,40.0,1.0,28.2287600082456,89.66901468757169,15.514200415733498,108.41067567973687,53.62997362509029
2541,4444,134.0,1.0,28.2287600082456,89.66901468757169,15.514200415733498,108.41067567973687,53.62997362509029
3064,4445,69.17320718011203,1.0,28.2287600082456,89.66901468757169,15.514200415733498,108.41067567973687,53.62997362509029
2261,4449,116.0,1.0,28.2287600082456,89.66901468757169,15.514200415733498,108.41067567973687,53.62997362509029
3658,4452,58.0,1.0,28.2287600082456,89.66901468757169,15.514200415733498,108.41067567973687,53.62997362509029
4228,4453,69.29445319872565,1.0,28.2287600082456,89.66901468757169,15.514200415733498,108.41067567973687,53.62997362509029
2109,4466,96.0,1.0,28.2287600082456,89.66901468757169,15.514200415733498,108.41067567973687,53.62997362509029
2362,4467,128.81135220734654,1.0,28.2287600082456,89.66901468757169,15.514200415733498,108.41067567973687,53.62997362509029
2362,4468,96.0,1.0,28.2287600082456,89.66901468757169,15.514200415733498,108.41067567973687,53.62997362509029
2063,4469,183.4884180312269,1.0,28.2287600082456,89.66901468757169,15.514200415733498,108.41067567973687,53.62997362509029
2436,4472,88.0,1.0,28.2287600082456,89.66901468757169,15.514200415733498,108.41067567973687,53.62997362509029
2456,4475,104.63172272241665,1.0,28.2287600082456,89.66901468757169,15.514200415733498,108.41067567973687,53.62997362509029
2486,4479,42.26465730600951,1.0,28.2287600082456,89.66901468757169,15.514200415733498,108.41067567973687,53.62997362509029
2700,4490,104.0,1.0,28.2287600082456,89.66901468757169,15.514200415733498,108.41067567973687,53.62997362509029
1521,4491,100.24461439412799,1.0,28.2287600082456,89.66901468757169,15.514200415733498,108.41067567973687,53.62997362509029
2724,4493,117.6703994750178,1.0,28.2287600082456,89.66901468757169,15.514200415733498,108.41067567973687,53.62997362509029
2740,4496,62.0,1.0,28.2287600082456,89.66901468757169,15.514200415733498,108.41067567973687,53.62997362509029
2776,4497,136.69940561383223,1.0,28.2287600082456,89.66901468757169,15.514200415733498,108.41067567973687,53.62997362509029
3182,4511,122.51373526556559,1.0,28.2287600082456,89.66901468757169,15.514200415733498,108.41067567973687,53.62997362509029
3194,4513,86.90695943622619,1.0,28.2287600082456,89.66901468757169,15.514200415733498,108.41067567973687,53.62997362509029
3061,4517,111.34535807256906,1.0,28.2287600082456,89.66901468757169,15.514200415733498,108.41067567973687,53.62997362509029
2987,4519,114.0,1.0,28.2287600082456,89.66901468757169,15.514200415733498,108.41067567973687,53.62997362509029
3846,4521,62.0,1.0,28.2287600082456,89.66901468757169,15.514200415733498,108.41067567973687,53.62997362509029
1675,4524,90.0,1.0,28.2287600082456,89.66901468757169,15.514200415733498,108.41067567973687,53.62997362509029
2216,4526,66.0,1.0,28.2287600082456,89.66901468757169,15.514200415733498,108.41067567973687,53.62997362509029
805,4527,76.25977570745934,1.0,28.2287600082456,89.66901468757169,15.514200415733498,108.41067567973687,53.62997362509029
2518,4533,122.51963021835303,1.0,28.2287600082456,89.66901468757169,15.514200415733498,108.41067567973687,53.62997362509029
2518,4534,100.0,1.0,28.2287600082456,89.66901468757169,15.514200415733498,108.41067567973687,53.62997362509029
2542,4535,117.2331366261298,1.0,28.2287600082456,89.66901468757169,15.514200415733498,108.41067567973687,53.62997362509029
2542,4536,94.0,1.0,28.2287600082456,89.66901468757169,15.514200415733498,108.41067567973687,53.62997362509029
1823,4538,122.0,1.0,28.2287600082456,89.66901468757169,15.514200415733498,108.41067567973687,53.62997362509029
2159,4539,51.93241811506488,1.0,28.2287600082456,89.66901468757169,15.514200415733498,108.41067567973687,53.62997362509029
2159,4540,185.70402966368528,1.0,28.2287600082456,89.66901468757169,15.514200415733498,108.41067567973687,53.62997362509029
2748,4543,82.0,1.0,28.2287600082456,89.66901468757169,15.514200415733498,108.41067567973687,53.62997362509029
2750,4545,71.81626251385828,1.0,28.2287600082456,89.66901468757169,15.514200415733498,108.41067567973687,53.62997362509029
2750,4546,62.0,1.0,28.2287600082456,89.66901468757169,15.514200415733498,108.41067567973687,53.62997362509029
2816,4551,109.28676064658839,1.0,28.2287600082456,89.66901468757169,15.514200415733498,108.41067567973687,53.62997362509029
1489,4554,90.0,1.0,28.2287600082456,89.66901468757169,15.514200415733498,108.41067567973687,53.62997362509029
2461,4555,148.7380812822362,1.0,28.2287600082456,89.66901468757169,15.514200415733498,108.41067567973687,53.62997362509029
2603,4559,70.0,1.0,28.2287600082456,89.66901468757169,15.514200415733498,108.41067567973687,53.62997362509029
3012,4561,46.0,1.0,28.2287600082456,89.66901468757169,15.514200415733498,108.41067567973687,53.62997362509029
3126,4565,76.0,1.0,28.2287600082456,89.66901468757169,15.514200415733498,108.41067567973687,53.62997362509029
3286,4569,136.06940827920218,1.0,28.2287600082456,89.66901468757169,15.514200415733498,108.41067567973687,53.62997362509029
3350,4571,31.835756347020496,1.0,28.2287600082456,89.66901468757169,15.514200415733498,108.41067567973687,53.62997362509029
3436,4575,101.8409044469395,1.0,28.2287600082456,89.66901468757169,15.514200415733498,108.41067567973687,53.62997362509029
2434,4585,68.19439984317174,1.0,28.2287600082456,89.66901468757169,15.514200415733498,108.41067567973687,53.62997362509029
1125,4592,92.0,1.0,28.2287600082456,89.66901468757169,15.514200415733498,108.41067567973687,53.62997362509029
2764,4593,79.62755464870077,1.0,28.2287600082456,89.66901468757169,15.514200415733498,108.41067567973687,53.62997362509029
2824,4596,78.0,1.0,28.2287600082456,89.66901468757169,15.514200415733498,108.41067567973687,53.62997362509029
1449,4600,56.0,1.0,28.2287600082456,89.66901468757169,15.514200415733498,108.41067567973687,53.62997362509029
3000,4603,32.92974534965379,1.0,28.2287600082456,89.66901468757169,15.514200415733498,108.41067567973687,53.62997362509029
3000,4604,68.0,1.0,28.2287600082456,89.66901468757169,15.514200415733498,108.41067567973687,53.62997362509029
2939,4606,104.0,1.0,28.2287600082456,89.66901468757169,15.514200415733498,108.41067567973687,53.62997362509029
3214,4607,132.0,1.0,28.2287600082456,89.66901468757169,15.514200415733498,108.41067567973687,53.62997362509029
3214,4608,30.0,1.0,28.2287600082456,89.66901468757169,15.514200415733498,108.41067567973687,53.62997362509029
3298,4609,144.47781824447975,1.0,28.2287600082456,89.66901468757169,15.514200415733498,108.41067567973687,53.62997362509029
1414,4615,140.6294331791921,1.0,28.2287600082456,89.66901468757169,15.514200415733498,108.41067567973687,53.62997362509029
1414,4616,70.0,1.0,28.2287600082456,89.66901468757169,15.514200415733498,108.41067567973687,53.62997362509029
1594,4617,144.09582418617768,1.0,28.2287600082456,89.66901468757169,15.514200415733498,108.41067567973687,53.62997362509029
1979,4619,76.2093607764844,1.0,28.2287600082456,89.66901468757169,15.514200415733498,108.41067567973687,53.62997362509029
1979,4620,100.0,1.0,28.2287600082456,89.66901468757169,15.514200415733498,108.41067567973687,53.62997362509029
1791,4623,63.71112237011033,1.0,28.2287600082456,89.66901468757169,15.514200415733498,108.41067567973687,53.62997362509029
1791,4624,134.0,1.0,28.2287600082456,89.66901468757169,15.514200415733498,108.41067567973687,53.62997362509029
2568,4626,150.0,1.0,28.2287600082456,89.66901468757169,15.514200415733498,108.41067567973687,53.62997362509029
2167,4627,134.89740106529823,1.0,28.2287600082456,89.66901468757169,15.514200415733498,108.41067567973687,53.62997362509029
2281,4629,47.13433700741605,1.0,28.2287600082456,89.66901468757169,15.514200415733498,108.41067567973687,53.62997362509029
2281,4630,201.60885655563877,1.0,28.2287600082456,89.66901468757169,15.514200415733498,108.41067567973687,53.62997362509029
2505,4635,14.0,1.0,28.2287600082456,89.66901468757169,15.514200415733498,108.41067567973687,53.62997362509029
2794,4637,135.9981405080932,1.0,28.2287600082456,89.66901468757169,15.514200415733498,108.41067567973687,53.62997362509029
2858,4639,132.02122934136622,1.0,28.2287600082456,89.66901468757169,15.514200415733498,108.41067567973687,53.62997362509029
1833,4645,108.1202769827488,1.0,28.2287600082456,89.66901468757169,15.514200415733498,108.41067567973687,53.62997362509029
1833,4646,58.0,1.0,28.2287600082456,89.66901468757169,15.514200415733498,108.41067567973687,53.62997362509029
2003,4647,49.66323951440723,1.0,28.2287600082456,89.66901468757169,15.514200415733498,108.41067567973687,53.62997362509029
3088,4649,90.0,1.0,28.2287600082456,89.66901468757169,15.514200415733498,108.41067567973687,53.62997362509029
3156,4651,108.50323514381277,1.0,28.2287600082456,89.66901468757169,15.514200415733498,108.41067567973687,53.62997362509029
3156,4652,94.0,1.0,28.2287600082456,89.66901468757169,15.514200415733498,108.41067567973687,53.62997362509029
2875,4653,86.0,1.0,28.2287600082456,89.66901468757169,15.514200415733498,108.41067567973687,53.62997362509029
3306,4656,72.0,1.0,28.2287600082456,89.66901468757169,15.514200415733498,108.41067567973687,53.62997362509029
3536,4659,50.57025429824472,1.0,28.2287600082456,89.66901468757169,15.514200415733498,108.41067567973687,53.62997362509029
3099,4663,179.05097455001004,1.0,28.2287600082456,89.66901468757169,15.514200415733498,108.41067567973687,53.62997362509029
617,4665,110.40077062197044,1.0,28.2287600082456,89.66901468757169,15.514200415733498,108.41067567973687,53.62997362509029
1223,4668,104.0,1.0,28.2287600082456,89.66901468757169,15.514200415733498,108.41067567973687,53.62997362509029
1599,4671,143.89784056087618,1.0,28.2287600082456,89.66901468757169,15.514200415733498,108.41067567973687,53.62997362509029
1599,4672,186.05351343877896,1.0,28.2287600082456,89.66901468757169,15.514200415733498,108.41067567973687,53.62997362509029
2163,4675,98.0,1.0,28.2287600082456,89.66901468757169,15.514200415733498,108.41067567973687,53.62997362509029
2163,4676,88.0,1.0,28.2287600082456,89.66901468757169,15.514200415733498,108.41067567973687,53.62997362509029
2668,4678,108.0,1.0,28.2287600082456,89.66901468757169,15.514200415733498,108.41067567973687,53.62997362509029
2599,4683,166.82976901934035,1.0,28.2287600082456,89.66901468757169,15.514200415733498,108.41067567973687,53.62997362509029
2890,4689,87.24798195911586,1.0,28.2287600082456,89.66901468757169,15.514200415733498,108.41067567973687,53.62997362509029
2890,4690,96.0,1.0,28.2287600082456,89.66901468757169,15.514200415733498,108.41067567973687,53.62997362509029
2962,4694,66.0,1.0,28.2287600082456,89.66901468757169,15.514200415733498,108.41067567973687,53.62997362509029
2905,4696,74.0,1.0,28.2287600082456,89.66901468757169,15.514200415733498,108.41067567973687,53.62997362509029
3028,4697,48.85399086219001,1.0,28.2287600082456,89.66901468757169,15.514200415733498,108.41067567973687,53.62997362509029
2411,4699,152.55443292272113,1.0,28.2287600082456,89.66901468757169,15.514200415733498,108.41067567973687,53.62997362509029
2791,4702,92.0,1.0,28.2287600082456,89.66901468757169,15.514200415733498,108.41067567973687,53.62997362509029
2117,4703,53.4188787954256,1.0,28.2287600082456,89.66901468757169,15.514200415733498,108.41067567973687,53.62997362509029
3096,4707,72.0,1.0,28.2287600082456,89.66901468757169,15.514200415733498,108.41067567973687,53.62997362509029
3096,4708,174.52087866510564,1.0,28.2287600082456,89.66901468757169,15.514200415733498,108.41067567973687,53.62997362509029
3166,4710,126.0,1.0,28.2287600082456,89.66901468757169,15.514200415733498,108.41067567973687,53.62997362509029
3258,4711,107.6082887361797,1.0,28.2287600082456,89.66901468757169,15.514200415733498,108.41067567973687,53.62997362509029
2118,4715,152.7384798757141,1.0,28.2287600082456,89.66901468757169,15.514200415733498,108.41067567973687,53.62997362509029
2120,4717,55.790855811469626,1.0,28.2287600082456,89.66901468757169,15.514200415733498,108.41067567973687,53.62997362509029
2120,4718,88.0,1.0,28.2287600082456,89.66901468757169,15.514200415733498,108.41067567973687,53.62997362509029
2188,4721,164.6996975737616,1.0,28.2287600082456,89.66901468757169,15.514200415733498,108.41067567973687,53.62997362509029
2444,4723,146.6563531149047,1.0,28.2287600082456,89.66901468757169,15.514200415733498,108.41067567973687,53.62997362509029
2580,4727,122.55368180332667,1.0,28.2287600082456,89.66901468757169,15.514200415733498,108.41067567973687,53.62997362509029
2580,4728,40.0,1.0,28.2287600082456,89.66901468757169,15.514200415733498,108.41067567973687,53.62997362509029
2612,4730,199.54259656356462,1.0,28.2287600082456,89.66901468757169,15.514200415733498,108.41067567973687,53.62997362509029
2712,4733,77.43011964141053,1.0,28.2287600082456,89.66901468757169,15.514200415733498,108.41067567973687,53.62997362509029
2712,4734,80.0,1.0,28.2287600082456,89.66901468757169,15.514200415733498,108.41067567973687,53.62997362509029
559,4739,76.0,1.0,28.2287600082456,89.66901468757169,15.514200415733498,108.41067567973687,53.62997362509029
559,4740,172.2835328251983,1.0,28.2287600082456,89.66901468757169,15.514200415733498,108.41067567973687,53.62997362509029
2924,4741,76.0,1.0,28.2287600082456,89.66901468757169,15.514200415733498,108.41067567973687,53.62997362509029
2924,4742,8.0,1.0,28.2287600082456,89.66901468757169,15.514200415733498,108.41067567973687,53.62997362509029
3022,4744,100.0,1.0,28.2287600082456,89.66901468757169,15.514200415733498,108.41067567973687,53.62997362509029
3024,4745,190.98457393625296,1.0,28.2287600082456,89.66901468757169,15.514200415733498,108.41067567973687,53.62997362509029
3102,4747,70.0,1.0,28.2287600082456,89.66901468757169,15.514200415733498,108.41067567973687,53.62997362509029
3102,4748,54.0,1.0,28.2287600082456,89.66901468757169,15.514200415733498,108.41067567973687,53.62997362509029
3122,4749,164.59684624112978,1.0,28.2287600082456,89.66901468757169,15.514200415733498,108.41067567973687,53.62997362509029
2933,4754,76.0,1.0,28.2287600082456,89.66901468757169,15.514200415733498,108.41067567973687,53.62997362509029
3542,4755,80.61571790922007,1.0,28.2287600082456,89.66901468757169,15.514200415733498,108.41067567973687,53.62997362509029
3624,4757,78.0,1.0,28.2287600082456,89.66901468757169,15.514200415733498,108.41067567973687,53.62997362509029
3624,4758,120.0,1.0,28.2287600082456,89.66901468757169,15.514200415733498,108.41067567973687,53.62997362509029
3664,4760,72.0,1.0,28.2287600082456,89.66901468757169,15.514200415733498,108.41067567973687,53.62997362509029
1457,4763,71.83322825391413,1.0,28.2287600082456,89.66901468757169,15.514200415733498,108.41067567973687,53.62997362509029
1457,4764,96.0,1.0,28.2287600082456,89.66901468757169,15.514200415733498,108.41067567973687,53.62997362509029
2560,4769,112.66396302154996,1.0,28.2287600082456,89.66901468757169,15.514200415733498,108.41067567973687,53.62997362509029
2560,4770,94.0,1.0,28.2287600082456,89.66901468757169,15.514200415733498,108.41067567973687,53.62997362509029
2177,4771,48.317723528711355,1.0,28.2287600082456,89.66901468757169,15.514200415733498,108.41067567973687,53.62997362509029
2734,4774,50.0,1.0,28.2287600082456,89.66901468757169,15.514200415733498,108.41067567973687,53.62997362509029
2756,4775,106.65865373844224,1.0,28.2287600082456,89.66901468757169,15.514200415733498,108.41067567973687,53.62997362509029
2756,4776,189.65179160459468,1.0,28.2287600082456,89.66901468757169,15.514200415733498,108.41067567973687,53.62997362509029
2792,4777,132.17854212803255,1.0,28.2287600082456,89.66901468757169,15.514200415733498,108.41067567973687,53.62997362509029
3054,4781,18.39047434295875,1.0,28.2287600082456,89.66901468757169,15.514200415733498,108.41067567973687,53.62997362509029
3054,4782,82.0,1.0,28.2287600082456,89.66901468757169,15.514200415733498,108.41067567973687,53.62997362509029
2563,4783,137.7209084090318,1.0,28.2287600082456,89.66901468757169,15.514200415733498,108.41067567973687,53.62997362509029
3116,4787,63.103237831799724,1.0,28.2287600082456,89.66901468757169,15.514200415733498,108.41067567973687,53.62997362509029
3116,4788,128.0,1.0,28.2287600082456,89.66901468757169,15.514200415733498,108.41067567973687,53.62997362509029
2643,4795,77.79963942283426,1.0,28.2287600082456,89.66901468757169,15.514200415733498,108.41067567973687,53.62997362509029
3672,4798,68.0,1.0,28.2287600082456,89.66901468757169,15.514200415733498,108.41067567973687,53.62997362509029
1461,4799,52.0,1.0,28.2287600082456,89.66901468757169,15.514200415733498,108.41067567973687,53.62997362509029
2478,4801,118.44343559634353,1.0,28.2287600082456,89.66901468757169,15.514200415733498,108.41067567973687,53.62997362509029
2478,4802,48.0,1.0,28.2287600082456,89.66901468757169,15.514200415733498,108.41067567973687,53.62997362509029
2287,4803,70.82280337795942,1.0,28.2287600082456,89.66901468757169,15.514200415733498,108.41067567973687,53.62997362509029
2287,4804,92.0,1.0,28.2287600082456,89.66901468757169,15.514200415733498,108.41067567973687,53.62997362509029
2552,4807,62.537753617649635,1.0,28.2287600082456,89.66901468757169,15.514200415733498,108.41067567973687,53.62997362509029
2782,4811,95.63313372186133,1.0,28.2287600082456,89.66901468757169,15.514200415733498,108.41067567973687,53.62997362509029
2990,4817,78.0,1.0,28.2287600082456,89.66901468757169,15.514200415733498,108.41067567973687,53.62997362509029
3062,4823,83.6273346128648,1.0,28.2287600082456,89.66901468757169,15.514200415733498,108.41067567973687,53.62997362509029
1811,4826,96.0,1.0,28.2287600082456,89.66901468757169,15.514200415733498,108.41067567973687,53.62997362509029
2149,4831,72.79041699147984,1.0,28.2287600082456,89.66901468757169,15.514200415733498,108.41067567973687,53.62997362509029
3478,4833,106.0,1.0,28.2287600082456,89.66901468757169,15.514200415733498,108.41067567973687,53.62997362509029
3478,4834,154.83647683788786,1.0,28.2287600082456,89.66901468757169,15.514200415733498,108.41067567973687,53.62997362509029
1059,4837,61.052586252789524,1.0,28.2287600082456,89.66901468757169,15.514200415733498,108.41067567973687,53.62997362509029
2897,4842,162.82125749610114,1.0,28.2287600082456,89.66901468757169,15.514200415733498,108.41067567973687,53.62997362509029
1203,4845,172.98002816188043,1.0,28.2287600082456,89.66901468757169,15.514200415733498,108.41067567973687,53.62997362509029
1203,4846,48.0,1.0,28.2287600082456,89.66901468757169,15.514200415733498,108.41067567973687,53.62997362509029
2095,4849,131.21529001607462,1.0,28.2287600082456,89.66901468757169,15.514200415733498,108.41067567973687,53.62997362509029
2095,4850,100.0,1.0,28.2287600082456,89.66901468757169,15.514200415733498,108.41067567973687,53.62997362509029
2652,4854,196.649863207475,1.0,28.2287600082456,89.66901468757169,15.514200415733498,108.41067567973687,53.62997362509029
1683,4855,56.0,1.0,28.2287600082456,89.66901468757169,15.514200415733498,108.41067567973687,53.62997362509029
1683,4856,112.0,1.0,28.2287600082456,89.66901468757169,15.514200415733498,108.41067567973687,53.62997362509029
2704,4857,129.76982338701322,1.0,28.2287600082456,89.66901468757169,15.514200415733498,108.41067567973687,53.62997362509029
739,4859,114.10656097722382,1.0,28.2287600082456,89.66901468757169,15.514200415733498,108.41067567973687,53.62997362509029
739,4860,106.0,1.0,28.2287600082456,89.66901468757169,15.514200415733498,108.41067567973687,53.62997362509029
2758,4863,114.75567716505233,1.0,28.2287600082456,89.66901468757169,15.514200415733498,108.41067567973687,53.62997362509029
2758,4864,66.0,1.0,28.2287600082456,89.66901468757169,15.514200415733498,108.41067567973687,53.62997362509029
2802,4867,72.0,1.0,28.2287600082456,89.66901468757169,15.514200415733498,108.41067567973687,53.62997362509029
1395,4871,82.0,1.0,28.2287600082456,89.66901468757169,15.514200415733498,108.41067567973687,53.62997362509029
1395,4872,186.4940444651363,1.0,28.2287600082456,89.66901468757169,15.514200415733498,108.41067567973687,53.62997362509029
3016,4875,56.0,1.0,28.2287600082456,89.66901468757169,15.514200415733498,108.41067567973687,53.62997362509029
3026,4878,82.0,1.0,28.2287600082456,89.66901468757169,15.514200415733498,108.41067567973687,53.62997362509029
3234,4885,72.0,1.0,28.2287600082456,89.66901468757169,15.514200415733498,108.41067567973687,53.62997362509029
1597,4887,52.91981645373953,1.0,28.2287600082456,89.66901468757169,15.514200415733498,108.41067567973687,53.62997362509029
1597,4888,100.0,1.0,28.2287600082456,89.66901468757169,15.514200415733498,108.41067567973687,53.62997362509029
3250,4891,150.12191532652741,1.0,28.2287600082456,89.66901468757169,15.514200415733498,108.41067567973687,53.62997362509029
3278,4893,42.50162791203347,1.0,28.2287600082456,89.66901468757169,15.514200415733498,108.41067567973687,53.62997362509029
3388,4895,130.1390231665693,1.0,28.2287600082456,89.66901468757169,15.514200415733498,108.41067567973687,53.62997362509029
3454,4897,94.6442527297333,1.0,28.2287600082456,89.66901468757169,15.514200415733498,108.41067567973687,53.62997362509029
3454,4898,108.0,1.0,28.2287600082456,89.66901468757169,15.514200415733498,108.41067567973687,53.62997362509029
3509,4901,67.95723441344506,1.0,28.2287600082456,89.66901468757169,15.514200415733498,108.41067567973687,53.62997362509029
2825,4904,198.1806063395572,1.0,28.2287600082456,89.66901468757169,15.514200415733498,108.41067567973687,53.62997362509029
4048,4905,35.26045705466953,1.0,28.2287600082456,89.66901468757169,15.514200415733498,108.41067567973687,53.62997362509029
2312,4908,106.0,1.0,28.2287600082456,89.66901468757169,15.514200415733498,108.41067567973687,53.62997362509029
2544,4909,68.0,1.0,28.2287600082456,89.66901468757169,15.514200415733498,108.41067567973687,53.62997362509029
2854,4915,80.0,1.0,28.2287600082456,89.66901468757169,15.514200415733498,108.41067567973687,53.62997362509029
1573,4917,74.0,1.0,28.2287600082456,89.66901468757169,15.514200415733498,108.41067567973687,53.62997362509029
2976,4921,83.30401236261896,1.0,28.2287600082456,89.66901468757169,15.514200415733498,108.41067567973687,53.62997362509029
2815,4925,61.83877059636292,1.0,28.2287600082456,89.66901468757169,15.514200415733498,108.41067567973687,53.62997362509029
2815,4926,186.268699469437,1.0,28.2287600082456,89.66901468757169,15.514200415733498,108.41067567973687,53.62997362509029
3124,4929,80.0,1.0,28.2287600082456,89.66901468757169,15.514200415733498,108.41067567973687,53.62997362509029
3300,4933,85.13039117730227,1.0,28.2287600082456,89.66901468757169,15.514200415733498,108.41067567973687,53.62997362509029
2849,4935,80.24074150304808,1.0,28.2287600082456,89.66901468757169,15.514200415733498,108.41067567973687,53.62997362509029
2921,4937,80.41012908218279,1.0,28.2287600082456,89.66901468757169,15.514200415733498,108.41067567973687,53.62997362509029
2921,4938,158.42711385341585,1.0,28.2287600082456,89.66901468757169,15.514200415733498,108.41067567973687,53.62997362509029
3456,4939,98.0,1.0,28.2287600082456,89.66901468757169,15.514200415733498,108.41067567973687,53.62997362509029
2608,4949,160.7049434997994,1.0,28.2287600082456,89.66901468757169,15.514200415733498,108.41067567973687,53.62997362509029
2716,4951,139.48652025207048,1.0,28.2287600082456,89.66901468757169,15.514200415733498,108.41067567973687,53.62997362509029
2910,4957,78.08097445811293,1.0,28.2287600082456,89.66901468757169,15.514200415733498,108.41067567973687,53.62997362509029
2932,4959,124.61598714276076,1.0,28.2287600082456,89.66901468757169,15.514200415733498,108.41067567973687,53.62997362509029
2932,4960,148.78977781944621,1.0,28.2287600082456,89.66901468757169,15.514200415733498,108.41067567973687,53.62997362509029
3084,4969,100.27563136946105,1.0,28.2287600082456,89.66901468757169,15.514200415733498,108.41067567973687,53.62997362509029
3146,4972,188.7261652275833,1.0,28.2287600082456,89.66901468757169,15.514200415733498,108.41067567973687,53.62997362509029
3206,4973,166.25758839836985,1.0,28.2287600082456,89.66901468757169,15.514200415733498,108.41067567973687,53.62997362509029
3206,4974,96.0,1.0,28.2287600082456,89.66901468757169,15.514200415733498,108.41067567973687,53.62997362509029
3167,4975,63.77293925701406,1.0,28.2287600082456,89.66901468757169,15.514200415733498,108.41067567973687,53.62997362509029
3167,4976,68.0,1.0,28.2287600082456,89.66901468757169,15.514200415733498,108.41067567973687,53.62997362509029
1183,4977,90.92762629122169,1.0,28.2287600082456,89.66901468757169,15.514200415733498,108.41067567973687,53.62997362509029
3538,4981,100.22044885314274,1.0,28.2287600082456,89.66901468757169,15.514200415733498,108.41067567973687,53.62997362509029
3538,4982,174.9861709050005,1.0,28.2287600082456,89.66901468757169,15.514200415733498,108.41067567973687,53.62997362509029
2657,4983,76.9007571480546,1.0,28.2287600082456,89.66901468757169,15.514200415733498,108.41067567973687,53.62997362509029
2657,4984,112.0,1.0,28.2287600082456,89.66901468757169,15.514200415733498,108.41067567973687,53.62997362509029
3620,4985,152.36294474584875,1.0,28.2287600082456,89.66901468757169,15.514200415733498,108.41067567973687,53.62997362509029
3620,4986,116.0,1.0,28.2287600082456,89.66901468757169,15.514200415733498,108.41067567973687,53.62997362509029
3634,4988,187.5301349757643,1.0,28.2287600082456,89.66901468757169,15.514200415733498,108.41067567973687,53.62997362509029
3175,4989,109.50910734065357,1.0,28.2287600082456,89.66901468757169,15.514200415733498,108.41067567973687,53.62997362509029
1127,4995,113.38642022089454,1.0,28.2287600082456,89.66901468757169,15.514200415733498,108.41067567973687,53.62997362509029
2070,4998,88.0,1.0,28.2287600082456,89.66901468757169,15.514200415733498,108.41067567973687,53.62997362509029
2121,4999,89.17653608939796,1.0,28.2287600082456,89.66901468757169,15.514200415733498,108.41067567973687,53.62997362509029
1537,5001,106.74968949958667,1.0,28.2287600082456,89.66901468757169,15.514200415733498,108.41067567973687,53.62997362509029
2079,5004,142.70715388798655,1.0,28.2287600082456,89.66901468757169,15.514200415733498,108.41067567973687,53.62997362509029
2534,5005,146.72717075409795,1.0,28.2287600082456,89.66901468757169,15.514200415733498,108.41067567973687,53.62997362509029
2790,5009,46.0,1.0,28.2287600082456,89.66901468757169,15.514200415733498,108.41067567973687,53.62997362509029
2804,5011,35.148719798084656,1.0,28.2287600082456,89.66901468757169,15.514200415733498,108.41067567973687,53.62997362509029
2874,5013,72.0,1.0,28.2287600082456,89.66901468757169,15.514200415733498,108.41067567973687,53.62997362509029
2569,5015,80.27462203013877,1.0,28.2287600082456,89.66901468757169,15.514200415733498,108.41067567973687,53.62997362509029
2493,5017,149.65962211191322,1.0,28.2287600082456,89.66901468757169,15.514200415733498,108.41067567973687,53.62997362509029
2493,5018,182.71423928317463,1.0,28.2287600082456,89.66901468757169,15.514200415733498,108.41067567973687,53.62997362509029
3014,5019,84.5234783080098,1.0,28.2287600082456,89.66901468757169,15.514200415733498,108.41067567973687,53.62997362509029
3014,5020,64.0,1.0,28.2287600082456,89.66901468757169,15.514200415733498,108.41067567973687,53.62997362509029
2631,5021,116.25030946061298,1.0,28.2287600082456,89.66901468757169,15.514200415733498,108.41067567973687,53.62997362509029
2631,5022,158.41539360690643,1.0,28.2287600082456,89.66901468757169,15.514200415733498,108.41067567973687,53.62997362509029
2919,5023,144.86415193555507,1.0,28.2287600082456,89.66901468757169,15.514200415733498,108.41067567973687,53.62997362509029
2755,5031,79.98983503436062,1.0,28.2287600082456,89.66901468757169,15.514200415733498,108.41067567973687,53.62997362509029
3440,5033,126.10925528007456,1.0,28.2287600082456,89.66901468757169,15.514200415733498,108.41067567973687,53.62997362509029
3550,5037,34.083068928671295,1.0,28.2287600082456,89.66901468757169,15.514200415733498,108.41067567973687,53.62997362509029
3550,5038,68.0,1.0,28.2287600082456,89.66901468757169,15.514200415733498,108.41067567973687,53.62997362509029
2717,5040,104.0,1.0,28.2287600082456,89.66901468757169,15.514200415733498,108.41067567973687,53.62997362509029
3633,5041,150.7323813083912,1.0,28.2287600082456,89.66901468757169,15.514200415733498,108.41067567973687,53.62997362509029
3633,5042,190.0626124624867,1.0,28.2287600082456,89.66901468757169,15.514200415733498,108.41067567973687,53.62997362509029
4090,5043,140.71797597982874,1.0,28.2287600082456,89.66901468757169,15.514200415733498,108.41067567973687,53.62997362509029
2274,5046,114.0,1.0,28.2287600082456,89.66901468757169,15.514200415733498,108.41067567973687,53.62997362509029
2610,5047,94.2939692107726,1.0,28.2287600082456,89.66901468757169,15.514200415733498,108.41067567973687,53.62997362509029
2684,5051,84.17053790345386,1.0,28.2287600082456,89.66901468757169,15.514200415733498,108.41067567973687,53.62997362509029
2726,5053,74.0,1.0,28.2287600082456,89.66901468757169,15.514200415733498,108.41067567973687,53.62997362509029
2726,5054,144.3484798267284,1.0,28.2287600082456,89.66901468757169,15.514200415733498,108.41067567973687,53.62997362509029
2795,5055,66.0,1.0,28.2287600082456,89.66901468757169,15.514200415733498,108.41067567973687,53.62997362509029
2795,5056,134.0,1.0,28.2287600082456,89.66901468757169,15.514200415733498,108.41067567973687,53.62997362509029
1783,5057,110.0,1.0,28.2287600082456,89.66901468757169,15.514200415733498,108.41067567973687,53.62997362509029
2884,5059,153.66012342129727,1.0,28.2287600082456,89.66901468757169,15.514200415733498,108.41067567973687,53.62997362509029
2896,5061,136.61305484170606,1.0,28.2287600082456,89.66901468757169,15.514200415733498,108.41067567973687,53.62997362509029
2896,5062,42.0,1.0,28.2287600082456,89.66901468757169,15.514200415733498,108.41067567973687,53.62997362509029
2331,5063,150.5441003578805,1.0,28.2287600082456,89.66901468757169,15.514200415733498,108.41067567973687,53.62997362509029
2331,5064,104.0,1.0,28.2287600082456,89.66901468757169,15.514200415733498,108.41067567973687,53.62997362509029
2906,5065,31.29919478702051,1.0,28.2287600082456,89.66901468757169,15.514200415733498,108.41067567973687,53.62997362509029
2906,5066,152.66649505789132,1.0,28.2287600082456,89.66901468757169,15.514200415733498,108.41067567973687,53.62997362509029
2613,5069,123.5953988155988,1.0,28.2287600082456,89.66901468757169,15.514200415733498,108.41067567973687,53.62997362509029
3192,5071,87.37552957154935,1.0,28.2287600082456,89.66901468757169,15.514200415733498,108.41067567973687,53.62997362509029
3216,5073,101.19124868951826,1.0,28.2287600082456,89.66901468757169,15.514200415733498,108.41067567973687,53.62997362509029
2695,5077,82.0,1.0,28.2287600082456,89.66901468757169,15.514200415733498,108.41067567973687,53.62997362509029
3354,5079,94.92503974947431,1.0,28.2287600082456,89.66901468757169,15.514200415733498,108.41067567973687,53.62997362509029
3354,5080,163.78008934956716,1.0,28.2287600082456,89.66901468757169,15.514200415733498,108.41067567973687,53.62997362509029
3426,5083,160.98845746315712,1.0,28.2287600082456,89.66901468757169,15.514200415733498,108.41067567973687,53.62997362509029
3426,5084,62.0,1.0,28.2287600082456,89.66901468757169,15.514200415733498,108.41067567973687,53.62997362509029
2671,5085,127.31797677943145,1.0,28.2287600082456,89.66901468757169,15.514200415733498,108.41067567973687,53.62997362509029
3504,5087,81.8981038482025,1.0,28.2287600082456,89.66901468757169,15.514200415733498,108.41067567973687,53.62997362509029
3253,5090,98.0,1.0,28.2287600082456,89.66901468757169,15.514200415733498,108.41067567973687,53.62997362509029
1243,5096,32.0,1.0,28.2287600082456,89.66901468757169,15.514200415733498,108.41067567973687,53.62997362509029
2654,5103,98.05042825287373,1.0,28.2287600082456,89.66901468757169,15.514200415733498,108.41067567973687,53.62997362509029
2654,5104,156.88406851738876,1.0,28.2287600082456,89.66901468757169,15.514200415733498,108.41067567973687,53.62997362509029
2692,5105,38.714938475176126,1.0,28.2287600082456,89.66901468757169,15.514200415733498,108.41067567973687,53.62997362509029
2754,5107,72.13982792439805,1.0,28.2287600082456,89.66901468757169,15.514200415733498,108.41067567973687,53.62997362509029
2826,5113,143.4487384007372,1.0,28.2287600082456,89.66901468757169,15.514200415733498,108.41067567973687,53.62997362509029
2826,5114,167.02195454073296,1.0,28.2287600082456,89.66901468757169,15.514200415733498,108.41067567973687,53.62997362509029
2585,5115,42.230972180343095,1.0,28.2287600082456,89.66901468757169,15.514200415733498,108.41067567973687,53.62997362509029
1637,5117,88.3424497026767,1.0,28.2287600082456,89.66901468757169,15.514200415733498,108.41067567973687,53.62997362509029
1637,5118,152.47864999847704,1.0,28.2287600082456,89.66901468757169,15.514200415733498,108.41067567973687,53.62997362509029
2243,5120,171.85948411309886,1.0,28.2287600082456,89.66901468757169,15.514200415733498,108.41067567973687,53.62997362509029
3098,5128,181.5528872518934,1.0,28.2287600082456,89.66901468757169,15.514200415733498,108.41067567973687,53.62997362509029
3106,5129,74.53994798132524,1.0,28.2287600082456,89.66901468757169,15.514200415733498,108.41067567973687,53.62997362509029
3106,5130,169.92724077149265,1.0,28.2287600082456,89.66901468757169,15.514200415733498,108.41067567973687,53.62997362509029
3120,5133,92.22755118489307,1.0,28.2287600082456,89.66901468757169,15.514200415733498,108.41067567973687,53.62997362509029
2073,5135,52.93042730091171,1.0,28.2287600082456,89.66901468757169,15.514200415733498,108.41067567973687,53.62997362509029
3142,5138,153.80761664207185,1.0,28.2287600082456,89.66901468757169,15.514200415733498,108.41067567973687,53.62997362509029
3208,5139,110.02168216716811,1.0,28.2287600082456,89.66901468757169,15.514200415733498,108.41067567973687,53.62997362509029
3208,5140,106.0,1.0,28.2287600082456,89.66901468757169,15.514200415733498,108.41067567973687,53.62997362509029
2917,5141,136.9800640032137,1.0,28.2287600082456,89.66901468757169,15.514200415733498,108.41067567973687,53.62997362509029
3264,5144,36.0,1.0,28.2287600082456,89.66901468757169,15.514200415733498,108.41067567973687,53.62997362509029
3312,5147,96.0,1.0,28.2287600082456,89.66901468757169,15.514200415733498,108.41067567973687,53.62997362509029
3446,5155,78.4496352183338,1.0,28.2287600082456,89.66901468757169,15.514200415733498,108.41067567973687,53.62997362509029
3446,5156,190.4506991430701,1.0,28.2287600082456,89.66901468757169,15.514200415733498,108.41067567973687,53.62997362509029
1351,5157,18.263666761760213,1.0,28.2287600082456,89.66901468757169,15.514200415733498,108.41067567973687,53.62997362509029
3159,5159,66.0,1.0,28.2287600082456,89.66901468757169,15.514200415733498,108.41067567973687,53.62997362509029
3918,5163,70.0,1.0,28.2287600082456,89.66901468757169,15.514200415733498,108.41067567973687,53.62997362509029
4008,5165,170.2752250204946,1.0,28.2287600082456,89.66901468757169,15.514200415733498,108.41067567973687,53.62997362509029
4008,5166,146.52960883336982,1.0,28.2287600082456,89.66901468757169,15.514200415733498,108.41067567973687,53.62997362509029
2364,5167,16.661276548597833,1.0,28.2287600082456,89.66901468757169,15.514200415733498,108.41067567973687,53.62997362509029
2364,5168,88.0,1.0,28.2287600082456,89.66901468757169,15.514200415733498,108.41067567973687,53.62997362509029
1953,5173,115.84773015222845,1.0,28.2287600082456,89.66901468757169,15.514200415733498,108.41067567973687,53.62997362509029
2596,5175,88.10422275078322,1.0,28.2287600082456,89.66901468757169,15.514200415733498,108.41067567973687,53.62997362509029
2698,5179,144.52860275549688,1.0,28.2287600082456,89.66901468757169,15.514200415733498,108.41067567973687,53.62997362509029
2698,5180,160.2427573922275,1.0,28.2287600082456,89.66901468757169,15.514200415733498,108.41067567973687,53.62997362509029
2589,5181,100.57183530145461,1.0,28.2287600082456,89.66901468757169,15.514200415733498,108.41067567973687,53.62997362509029
2103,5183,109.63682746966302,1.0,28.2287600082456,89.66901468757169,15.514200415733498,108.41067567973687,53.62997362509029
2928,5185,172.79612473240078,1.0,28.2287600082456,89.66901468757169,15.514200415733498,108.41067567973687,53.62997362509029
2956,5189,106.96103798891373,1.0,28.2287600082456,89.66901468757169,15.514200415733498,108.41067567973687,53.62997362509029
2956,5190,164.23191208402912,1.0,28.2287600082456,89.66901468757169,15.514200415733498,108.41067567973687,53.62997362509029
3134,5191,97.09465181697944,1.0,28.2287600082456,89.66901468757169,15.514200415733498,108.41067567973687,53.62997362509029
3134,5192,82.0,1.0,28.2287600082456,89.66901468757169,15.514200415733498,108.41067567973687,53.62997362509029
2071,5197,153.74704770342,1.0,28.2287600082456,89.66901468757169,15.514200415733498,108.41067567973687,53.62997362509029
3452,5199,114.59673586172072,1.0,28.2287600082456,89.66901468757169,15.514200415733498,108.41067567973687,53.62997362509029
3458,5201,52.0,1.0,28.2287600082456,89.66901468757169,15.514200415733498,108.41067567973687,53.62997362509029
1999,5203,118.0,1.0,28.2287600082456,89.66901468757169,15.514200415733498,108.41067567973687,53.62997362509029
3662,5209,106.43640830935462,1.0,28.2287600082456,89.66901468757169,15.514200415733498,108.41067567973687,53.62997362509029
3662,5210,64.0,1.0,28.2287600082456,89.66901468757169,15.514200415733498,108.41067567973687,53.62997362509029
1219,5212,84.0,1.0,28.2287600082456,89.66901468757169,15.514200415733498,108.41067567973687,53.62997362509029
1667,5213,48.308642806632186,1.0,28.2287600082456,89.66901468757169,15.514200415733498,108.41067567973687,53.62997362509029
1679,5229,41.56796391905005,1.0,28.2287600082456,89.66901468757169,15.514200415733498,108.41067567973687,53.62997362509029
2970,5231,140.22344196756475,1.0,28.2287600082456,89.66901468757169,15.514200415733498,108.41067567973687,53.62997362509029
3010,5237,125.26260815918572,1.0,28.2287600082456,89.66901468757169,15.514200415733498,108.41067567973687,53.62997362509029
3010,5238,158.2407678057297,1.0,28.2287600082456,89.66901468757169,15.514200415733498,108.41067567973687,53.62997362509029
3158,5241,127.1273367308485,1.0,28.2287600082456,89.66901468757169,15.514200415733498,108.41067567973687,53.62997362509029
3186,5244,172.5716932204931,1.0,28.2287600082456,89.66901468757169,15.514200415733498,108.41067567973687,53.62997362509029
3594,5254,94.0,1.0,28.2287600082456,89.66901468757169,15.514200415733498,108.41067567973687,53.62997362509029
3654,5255,141.78560334951376,1.0,28.2287600082456,89.66901468757169,15.514200415733498,108.41067567973687,53.62997362509029
2871,5257,12.673801028827238,1.0,28.2287600082456,89.66901468757169,15.514200415733498,108.41067567973687,53.62997362509029
3760,5259,149.1336527390736,1.0,28.2287600082456,89.66901468757169,15.514200415733498,108.41067567973687,53.62997362509029
4024,5261,35.496796487096105,1.0,28.2287600082456,89.66901468757169,15.514200415733498,108.41067567973687,53.62997362509029
4024,5262,163.2908029856463,1.0,28.2287600082456,89.66901468757169,15.514200415733498,108.41067567973687,53.62997362509029
2320,5267,80.3410089148521,1.0,28.2287600082456,89.66901468757169,15.514200415733498,108.41067567973687,53.62997362509029
2320,5268,94.0,1.0,28.2287600082456,89.66901468757169,15.514200415733498,108.41067567973687,53.62997362509029
2338,5269,129.36211419385958,1.0,28.2287600082456,89.66901468757169,15.514200415733498,108.41067567973687,53.62997362509029
2338,5270,175.2021639206218,1.0,28.2287600082456,89.66901468757169,15.514200415733498,108.41067567973687,53.62997362509029
773,5272,181.43847769229563,1.0,28.2287600082456,89.66901468757169,15.514200415733498,108.41067567973687,53.62997362509029
2438,5273,143.3047002470522,1.0,28.2287600082456,89.66901468757169,15.514200415733498,108.41067567973687,53.62997362509029
2438,5274,88.0,1.0,28.2287600082456,89.66901468757169,15.514200415733498,108.41067567973687,53.62997362509029
2494,5275,32.75778705073887,1.0,28.2287600082456,89.66901468757169,15.514200415733498,108.41067567973687,53.62997362509029
2494,5276,141.57319916092953,1.0,28.2287600082456,89.66901468757169,15.514200415733498,108.41067567973687,53.62997362509029
2753,5278,104.0,1.0,28.2287600082456,89.66901468757169,15.514200415733498,108.41067567973687,53.62997362509029
2127,5281,108.06358171932699,1.0,28.2287600082456,89.66901468757169,15.514200415733498,108.41067567973687,53.62997362509029
3184,5289,35.27711128548087,1.0,28.2287600082456,89.66901468757169,15.514200415733498,108.41067567973687,53.62997362509029
3184,5290,162.83317924024095,1.0,28.2287600082456,89.66901468757169,15.514200415733498,108.41067567973687,53.62997362509029
3304,5291,101.10201895745318,1.0,28.2287600082456,89.66901468757169,15.514200415733498,108.41067567973687,53.62997362509029
3304,5292,60.0,1.0,28.2287600082456,89.66901468757169,15.514200415733498,108.41067567973687,53.62997362509029
3320,5293,62.5405949122304,1.0,28.2287600082456,89.66901468757169,15.514200415733498,108.41067567973687,53.62997362509029
2291,5295,62.968908849569544,1.0,28.2287600082456,89.66901468757169,15.514200415733498,108.41067567973687,53.62997362509029
3439,5299,161.77351083081743,1.0,28.2287600082456,89.66901468757169,15.514200415733498,108.41067567973687,53.62997362509029
3544,5303,62.779088642223996,1.0,28.2287600082456,89.66901468757169,15.514200415733498,108.41067567973687,53.62997362509029
3544,5304,80.0,1.0,28.2287600082456,89.66901468757169,15.514200415733498,108.41067567973687,53.62997362509029
3790,5306,94.0,1.0,28.2287600082456,89.66901468757169,15.514200415733498,108.41067567973687,53.62997362509029
3818,5307,118.12936585375239,1.0,28.2287600082456,89.66901468757169,15.514200415733498,108.41067567973687,53.62997362509029
3818,5308,66.0,1.0,28.2287600082456,89.66901468757169,15.514200415733498,108.41067567973687,53.62997362509029
701,5309,159.4441537208606,1.0,28.2287600082456,89.66901468757169,15.514200415733498,108.41067567973687,53.62997362509029
701,5310,44.0,1.0,28.2287600082456,89.66901468757169,15.514200415733498,108.41067567973687,53.62997362509029
4144,5311,43.53499281375599,1.0,28.2287600082456,89.66901468757169,15.514200415733498,108.41067567973687,53.62997362509029
4144,5312,116.0,1.0,28.2287600082456,89.66901468757169,15.514200415733498,108.41067567973687,53.62997362509029
3355,5314,167.77612486247844,1.0,28.2287600082456,89.66901468757169,15.514200415733498,108.41067567973687,53.62997362509029
1335,5315,73.83041619065385,1.0,28.2287600082456,89.66901468757169,15.514200415733498,108.41067567973687,53.62997362509029
2275,5317,73.04101815891119,1.0,28.2287600082456,89.66901468757169,15.514200415733498,108.41067567973687,53.62997362509029
2633,5323,68.15179152958544,1.0,28.2287600082456,89.66901468757169,15.514200415733498,108.41067567973687,53.62997362509029
3020,5325,98.70799985815562,1.0,28.2287600082456,89.66901468757169,15.514200415733498,108.41067567973687,53.62997362509029
2401,5329,82.08575241656048,1.0,28.2287600082456,89.66901468757169,15.514200415733498,108.41067567973687,53.62997362509029
2819,5331,124.34472129413763,1.0,28.2287600082456,89.66901468757169,15.514200415733498,108.41067567973687,53.62997362509029
2819,5332,88.0,1.0,28.2287600082456,89.66901468757169,15.514200415733498,108.41067567973687,53.62997362509029
3314,5333,67.10753295255795,1.0,28.2287600082456,89.66901468757169,15.514200415733498,108.41067567973687,53.62997362509029
3314,5334,92.0,1.0,28.2287600082456,89.66901468757169,15.514200415733498,108.41067567973687,53.62997362509029
3412,5335,69.54370941976744,1.0,28.2287600082456,89.66901468757169,15.514200415733498,108.41067567973687,53.62997362509029
3412,5336,172.8987301559265,1.0,28.2287600082456,89.66901468757169,15.514200415733498,108.41067567973687,53.62997362509029
3579,5345,99.01999888774782,1.0,28.2287600082456,89.66901468757169,15.514200415733498,108.41067567973687,53.62997362509029
3832,5347,151.65230453492842,1.0,28.2287600082456,89.66901468757169,15.514200415733498,108.41067567973687,53.62997362509029
2713,5349,120.61185536537339,1.0,28.2287600082456,89.66901468757169,15.514200415733498,108.41067567973687,53.62997362509029
2713,5350,138.68837804491477,1.0,28.2287600082456,89.66901468757169,15.514200415733498,108.41067567973687,53.62997362509029
4056,5353,157.71255250533505,1.0,28.2287600082456,89.66901468757169,15.514200415733498,108.41067567973687,53.62997362509029
4234,5356,50.0,1.0,28.2287600082456,89.66901468757169,15.514200415733498,108.41067567973687,53.62997362509029
4608,5358,160.67879259998918,1.0,28.2287600082456,89.66901468757169,15.514200415733498,108.41067567973687,53.62997362509029
1981,5361,88.49278863960933,1.0,28.2287600082456,89.66901468757169,15.514200415733498,108.41067567973687,53.62997362509029
3032,5371,67.91999969566032,1.0,28.2287600082456,89.66901468757169,15.514200415733498,108.41067567973687,53.62997362509029
3032,5372,102.0,1.0,28.2287600082456,89.66901468757169,15.514200415733498,108.41067567973687,53.62997362509029
3060,5373,130.84798966558935,1.0,28.2287600082456,89.66901468757169,15.514200415733498,108.41067567973687,53.62997362509029
3174,5375,70.08072452617253,1.0,28.2287600082456,89.66901468757169,15.514200415733498,108.41067567973687,53.62997362509029
2723,5377,34.8315897582775,1.0,28.2287600082456,89.66901468757169,15.514200415733498,108.41067567973687,53.62997362509029
3294,5379,40.0,1.0,28.2287600082456,89.66901468757169,15.514200415733498,108.41067567973687,53.62997362509029
3336,5381,97.65653353447786,1.0,28.2287600082456,89.66901468757169,15.514200415733498,108.41067567973687,53.62997362509029
3336,5382,139.89421799718858,1.0,28.2287600082456,89.66901468757169,15.514200415733498,108.41067567973687,53.62997362509029
3129,5385,43.91772732799312,1.0,28.2287600082456,89.66901468757169,15.514200415733498,108.41067567973687,53.62997362509029
3129,5386,160.76609411756272,1.0,28.2287600082456,89.66901468757169,15.514200415733498,108.41067567973687,53.62997362509029
3581,5396,169.52839351975953,1.0,28.2287600082456,89.66901468757169,15.514200415733498,108.41067567973687,53.62997362509029
3703,5399,53.280085716252266,1.0,28.2287600082456,89.66901468757169,15.514200415733498,108.41067567973687,53.62997362509029
3703,5400,181.55426174502912,1.0,28.2287600082456,89.66901468757169,15.514200415733498,108.41067567973687,53.62997362509029
4020,5401,107.70205619068436,1.0,28.2287600082456,89.66901468757169,15.514200415733498,108.41067567973687,53.62997362509029
4050,5405,76.96926697027692,1.0,28.2287600082456,89.66901468757169,15.514200415733498,108.41067567973687,53.62997362509029
4050,5406,94.0,1.0,28.2287600082456,89.66901468757169,15.514200415733498,108.41067567973687,53.62997362509029
4186,5407,143.3059698636689,1.0,28.2287600082456,89.66901468757169,15.514200415733498,108.41067567973687,53.62997362509029
4186,5408,62.0,1.0,28.2287600082456,89.66901468757169,15.514200415733498,108.41067567973687,53.62997362509029
4208,5409,99.2586551468086,1.0,28.2287600082456,89.66901468757169,15.514200415733498,108.41067567973687,53.62997362509029
4270,5412,163.55840391094387,1.0,28.2287600082456,89.66901468757169,15.514200415733498,108.41067567973687,53.62997362509029
2294,5414,148.30746974520864,1.0,28.2287600082456,89.66901468757169,15.514200415733498,108.41067567973687,53.62997362509029
2397,5417,148.1231338902378,1.0,28.2287600082456,89.66901468757169,15.514200415733498,108.41067567973687,53.62997362509029
2397,5418,102.0,1.0,28.2287600082456,89.66901468757169,15.514200415733498,108.41067567973687,53.62997362509029
2550,5419,70.35456529777403,1.0,28.2287600082456,89.66901468757169,15.514200415733498,108.41067567973687,53.62997362509029
2818,5421,35.453537807952145,1.0,28.2287600082456,89.66901468757169,15.514200415733498,108.41067567973687,53.62997362509029
2517,5425,62.7030014684247,1.0,28.2287600082456,89.66901468757169,15.514200415733498,108.41067567973687,53.62997362509029
2517,5426,163.4363841292643,1.0,28.2287600082456,89.66901468757169,15.514200415733498,108.41067567973687,53.62997362509029
3170,5429,134.92673216875886,1.0,28.2287600082456,89.66901468757169,15.514200415733498,108.41067567973687,53.62997362509029
3296,5433,140.98447355101462,1.0,28.2287600082456,89.66901468757169,15.514200415733498,108.41067567973687,53.62997362509029
3251,5435,84.0,1.0,28.2287600082456,89.66901468757169,15.514200415733498,108.41067567973687,53.62997362509029
3251,5436,62.0,1.0,28.2287600082456,89.66901468757169,15.514200415733498,108.41067567973687,53.62997362509029
3638,5437,148.7998396888529,1.0,28.2287600082456,89.66901468757169,15.514200415733498,108.41067567973687,53.62997362509029
3966,5442,139.0009485879684,1.0,28.2287600082456,89.66901468757169,15.514200415733498,108.41067567973687,53.62997362509029
3929,5443,171.19220594044418,1.0,28.2287600082456,89.66901468757169,15.514200415733498,108.41067567973687,53.62997362509029
3929,5444,153.34207933553733,1.0,28.2287600082456,89.66901468757169,15.514200415733498,108.41067567973687,53.62997362509029
3988,5445,103.16997656178194,1.0,28.2287600082456,89.66901468757169,15.514200415733498,108.41067567973687,53.62997362509029
3988,5446,82.0,1.0,28.2287600082456,89.66901468757169,15.514200415733498,108.41067567973687,53.62997362509029
1701,5449,79.4517321577673,1.0,28.2287600082456,89.66901468757169,15.514200415733498,108.41067567973687,53.62997362509029
2031,5451,121.95617621803356,1.0,28.2287600082456,89.66901468757169,15.514200415733498,108.41067567973687,53.62997362509029
2031,5452,126.81532137175265,1.0,28.2287600082456,89.66901468757169,15.514200415733498,108.41067567973687,53.62997362509029
2833,5454,74.0,1.0,28.2287600082456,89.66901468757169,15.514200415733498,108.41067567973687,53.62997362509029
975,5455,72.0,1.0,28.2287600082456,89.66901468757169,15.514200415733498,108.41067567973687,53.62997362509029
975,5456,90.0,1.0,28.2287600082456,89.66901468757169,15.514200415733498,108.41067567973687,53.62997362509029
3138,5461,89.17415880581888,1.0,28.2287600082456,89.66901468757169,15.514200415733498,108.41067567973687,53.62997362509029
3190,5463,42.97174452929209,1.0,28.2287600082456,89.66901468757169,15.514200415733498,108.41067567973687,53.62997362509029
3430,5472,170.5846854743273,1.0,28.2287600082456,89.66901468757169,15.514200415733498,108.41067567973687,53.62997362509029
3528,5475,50.4453744413842,1.0,28.2287600082456,89.66901468757169,15.514200415733498,108.41067567973687,53.62997362509029
3534,5477,89.0516794524188,1.0,28.2287600082456,89.66901468757169,15.514200415733498,108.41067567973687,53.62997362509029
3534,5478,166.87685514602865,1.0,28.2287600082456,89.66901468757169,15.514200415733498,108.41067567973687,53.62997362509029
3606,5479,98.47227808254411,1.0,28.2287600082456,89.66901468757169,15.514200415733498,108.41067567973687,53.62997362509029
3606,5480,88.0,1.0,28.2287600082456,89.66901468757169,15.514200415733498,108.41067567973687,53.62997362509029
3686,5481,87.28778074354464,1.0,28.2287600082456,89.66901468757169,15.514200415733498,108.41067567973687,53.62997362509029
3686,5482,88.0,1.0,28.2287600082456,89.66901468757169,15.514200415733498,108.41067567973687,53.62997362509029
3692,5483,91.85185407531814,1.0,28.2287600082456,89.66901468757169,15.514200415733498,108.41067567973687,53.62997362509029
3692,5484,88.0,1.0,28.2287600082456,89.66901468757169,15.514200415733498,108.41067567973687,53.62997362509029
3728,5485,2.0,1.0,28.2287600082456,89.66901468757169,15.514200415733498,108.41067567973687,53.62997362509029
3728,5486,175.67918117120612,1.0,28.2287600082456,89.66901468757169,15.514200415733498,108.41067567973687,53.62997362509029
767,5487,93.36893735727736,1.0,28.2287600082456,89.66901468757169,15.514200415733498,108.41067567973687,53.62997362509029
767,5488,152.15470192266815,1.0,28.2287600082456,89.66901468757169,15.514200415733498,108.41067567973687,53.62997362509029
3876,5489,87.46136114126134,1.0,28.2287600082456,89.66901468757169,15.514200415733498,108.41067567973687,53.62997362509029
3884,5491,167.10181796829156,1.0,28.2287600082456,89.66901468757169,15.514200415733498,108.41067567973687,53.62997362509029
3938,5493,70.19514909212873,1.0,28.2287600082456,89.66901468757169,15.514200415733498,108.41067567973687,53.62997362509029
3938,5494,143.31921290958093,1.0,28.2287600082456,89.66901468757169,15.514200415733498,108.41067567973687,53.62997362509029
759,5495,92.48867239064984,1.0,28.2287600082456,89.66901468757169,15.514200415733498,108.41067567973687,53.62997362509029
759,5496,68.0,1.0,28.2287600082456,89.66901468757169,15.514200415733498,108.41067567973687,53.62997362509029
2839,5497,41.42722981602243,1.0,28.2287600082456,89.66901468757169,15.514200415733498,108.41067567973687,53.62997362509029
2839,5498,84.0,1.0,28.2287600082456,89.66901468757169,15.514200415733498,108.41067567973687,53.62997362509029
2767,5503,144.33337811705937,1.0,28.2287600082456,89.66901468757169,15.514200415733498,108.41067567973687,53.62997362509029
3066,5505,139.47242998015358,1.0,28.2287600082456,89.66901468757169,15.514200415733498,108.41067567973687,53.62997362509029
3066,5506,122.02184148901762,1.0,28.2287600082456,89.66901468757169,15.514200415733498,108.41067567973687,53.62997362509029
3068,5508,86.0,1.0,28.2287600082456,89.66901468757169,15.514200415733498,108.41067567973687,53.62997362509029
3248,5513,78.07486516942576,1.0,28.2287600082456,89.66901468757169,15.514200415733498,108.41067567973687,53.62997362509029
3248,5514,160.39364479293678,1.0,28.2287600082456,89.66901468757169,15.514200415733498,108.41067567973687,53.62997362509029
3270,5515,112.78446304765589,1.0,28.2287600082456,89.66901468757169,15.514200415733498,108.41067567973687,53.62997362509029
3270,5516,88.0,1.0,28.2287600082456,89.66901468757169,15.514200415733498,108.41067567973687,53.62997362509029
3442,5519,67.48835190859347,1.0,28.2287600082456,89.66901468757169,15.514200415733498,108.41067567973687,53.62997362509029
3450,5521,109.13036820930614,1.0,28.2287600082456,89.66901468757169,15.514200415733498,108.41067567973687,53.62997362509029
3450,5522,44.0,1.0,28.2287600082456,89.66901468757169,15.514200415733498,108.41067567973687,53.62997362509029
3483,5523,100.1797249756068,1.0,28.2287600082456,89.66901468757169,15.514200415733498,108.41067567973687,53.62997362509029
3742,5527,92.35649894674734,1.0,28.2287600082456,89.66901468757169,15.514200415733498,108.41067567973687,53.62997362509029
3748,5529,134.3548580323035,1.0,28.2287600082456,89.66901468757169,15.514200415733498,108.41067567973687,53.62997362509029
3748,5530,143.91768887789596,1.0,28.2287600082456,89.66901468757169,15.514200415733498,108.41067567973687,53.62997362509029
823,5531,144.53452182850108,1.0,28.2287600082456,89.66901468757169,15.514200415733498,108.41067567973687,53.62997362509029
823,5532,110.0,1.0,28.2287600082456,89.66901468757169,15.514200415733498,108.41067567973687,53.62997362509029
2571,5537,47.29540310569303,1.0,28.2287600082456,89.66901468757169,15.514200415733498,108.41067567973687,53.62997362509029
2571,5538,120.0,1.0,28.2287600082456,89.66901468757169,15.514200415733498,108.41067567973687,53.62997362509029
4443,5539,83.83901733867151,1.0,28.2287600082456,89.66901468757169,15.514200415733498,108.41067567973687,53.62997362509029
4443,5540,140.26070298709007,1.0,28.2287600082456,89.66901468757169,15.514200415733498,108.41067567973687,53.62997362509029
2680,5541,95.91474177030275,1.0,28.2287600082456,89.66901468757169,15.514200415733498,108.41067567973687,53.62997362509029
2680,5542,76.0,1.0,28.2287600082456,89.66901468757169,15.514200415733498,108.41067567973687,53.62997362509029
2820,5545,120.11026329071541,1.0,28.2287600082456,89.66901468757169,15.514200415733498,108.41067567973687,53.62997362509029
2820,5546,66.0,1.0,28.2287600082456,89.66901468757169,15.514200415733498,108.41067567973687,53.62997362509029
2870,5547,99.46568824599501,1.0,28.2287600082456,89.66901468757169,15.514200415733498,108.41067567973687,53.62997362509029
2870,5548,54.0,1.0,28.2287600082456,89.66901468757169,15.514200415733498,108.41067567973687,53.62997362509029
519,5549,116.19753717667521,1.0,28.2287600082456,89.66901468757169,15.514200415733498,108.41067567973687,53.62997362509029
2271,5555,26.030453005963455,1.0,28.2287600082456,89.66901468757169,15.514200415733498,108.41067567973687,53.62997362509029
3222,5557,111.97852829208179,1.0,28.2287600082456,89.66901468757169,15.514200415733498,108.41067567973687,53.62997362509029
3223,5561,60.04871278662531,1.0,28.2287600082456,89.66901468757169,15.514200415733498,108.41067567973687,53.62997362509029
3223,5562,78.0,1.0,28.2287600082456,89.66901468757169,15.514200415733498,108.41067567973687,53.62997362509029
3428,5569,166.84884689961424,1.0,28.2287600082456,89.66901468757169,15.514200415733498,108.41067567973687,53.62997362509029
3432,5571,16.375357129154565,1.0,28.2287600082456,89.66901468757169,15.514200415733498,108.41067567973687,53.62997362509029
3432,5572,52.0,1.0,28.2287600082456,89.66901468757169,15.514200415733498,108.41067567973687,53.62997362509029
867,5573,66.46210507653461,1.0,28.2287600082456,89.66901468757169,15.514200415733498,108.41067567973687,53.62997362509029
867,5574,159.24615777554868,1.0,28.2287600082456,89.66901468757169,15.514200415733498,108.41067567973687,53.62997362509029
3598,5579,80.0,1.0,28.2287600082456,89.66901468757169,15.514200415733498,108.41067567973687,53.62997362509029
3622,5581,77.0588829824876,1.0,28.2287600082456,89.66901468757169,15.514200415733498,108.41067567973687,53.62997362509029
3622,5582,20.0,1.0,28.2287600082456,89.66901468757169,15.514200415733498,108.41067567973687,53.62997362509029
3666,5585,128.6524369905236,1.0,28.2287600082456,89.66901468757169,15.514200415733498,108.41067567973687,53.62997362509029
3666,5586,130.24030008255602,1.0,28.2287600082456,89.66901468757169,15.514200415733498,108.41067567973687,53.62997362509029
3778,5589,148.61163753173904,1.0,28.2287600082456,89.66901468757169,15.514200415733498,108.41067567973687,53.62997362509029
3784,5591,39.8256129798953,1.0,28.2287600082456,89.66901468757169,15.514200415733498,108.41067567973687,53.62997362509029
3784,5592,72.0,1.0,28.2287600082456,89.66901468757169,15.514200415733498,108.41067567973687,53.62997362509029
3399,5595,79.89637871740273,1.0,28.2287600082456,89.66901468757169,15.514200415733498,108.41067567973687,53.62997362509029
3838,5597,115.32169029038681,1.0,28.2287600082456,89.66901468757169,15.514200415733498,108.41067567973687,53.62997362509029
2129,5601,104.42564035752204,1.0,28.2287600082456,89.66901468757169,15.514200415733498,108.41067567973687,53.62997362509029
2129,5602,164.09152215646603,1.0,28.2287600082456,89.66901468757169,15.514200415733498,108.41067567973687,53.62997362509029
4042,5605,107.09712635945641,1.0,28.2287600082456,89.66901468757169,15.514200415733498,108.41067567973687,53.62997362509029
4416,5611,93.12043180610894,1.0,28.2287600082456,89.66901468757169,15.514200415733498,108.41067567973687,53.62997362509029
4622,5613,118.00200345202367,1.0,28.2287600082456,89.66901468757169,15.514200415733498,108.41067567973687,53.62997362509029
4622,5614,139.01868475101944,1.0,28.2287600082456,89.66901468757169,15.514200415733498,108.41067567973687,53.62997362509029
4635,5615,76.8021430448573,1.0,28.2287600082456,89.66901468757169,15.514200415733498,108.41067567973687,53.62997362509029
2659,5625,62.44981489902061,1.0,28.2287600082456,89.66901468757169,15.514200415733498,108.41067567973687,53.62997362509029
2659,5626,64.0,1.0,28.2287600082456,89.66901468757169,15.514200415733498,108.41067567973687,53.62997362509029
3168,5627,65.75475321495904,1.0,28.2287600082456,89.66901468757169,15.514200415733498,108.41067567973687,53.62997362509029
3168,5628,74.0,1.0,28.2287600082456,89.66901468757169,15.514200415733498,108.41067567973687,53.62997362509029
3272,5633,101.07164630944905,1.0,28.2287600082456,89.66901468757169,15.514200415733498,108.41067567973687,53.62997362509029
3272,5634,94.0,1.0,28.2287600082456,89.66901468757169,15.514200415733498,108.41067567973687,53.62997362509029
3376,5635,99.74898886216039,1.0,28.2287600082456,89.66901468757169,15.514200415733498,108.41067567973687,53.62997362509029
977,5637,57.316686730250694,1.0,28.2287600082456,89.66901468757169,15.514200415733498,108.41067567973687,53.62997362509029
3414,5639,30.0,1.0,28.2287600082456,89.66901468757169,15.514200415733498,108.41067567973687,53.62997362509029
3414,5640,156.2034730553465,1.0,28.2287600082456,89.66901468757169,15.514200415733498,108.41067567973687,53.62997362509029
2123,5641,156.23688384922843,1.0,28.2287600082456,89.66901468757169,15.514200415733498,108.41067567973687,53.62997362509029
2123,5642,166.708103059908,1.0,28.2287600082456,89.66901468757169,15.514200415733498,108.41067567973687,53.62997362509029
3592,5643,120.01914134987723,1.0,28.2287600082456,89.66901468757169,15.514200415733498,108.41067567973687,53.62997362509029
3646,5649,92.82139129069759,1.0,28.2287600082456,89.66901468757169,15.514200415733498,108.41067567973687,53.62997362509029
3646,5650,46.0,1.0,28.2287600082456,89.66901468757169,15.514200415733498,108.41067567973687,53.62997362509029
3916,5655,22.01206947561036,1.0,28.2287600082456,89.66901468757169,15.514200415733498,108.41067567973687,53.62997362509029
3916,5656,166.2408720653013,1.0,28.2287600082456,89.66901468757169,15.514200415733498,108.41067567973687,53.62997362509029
3823,5659,132.9030993620831,1.0,28.2287600082456,89.66901468757169,15.514200415733498,108.41067567973687,53.62997362509029
2196,5663,83.36903872097493,1.0,28.2287600082456,89.66901468757169,15.514200415733498,108.41067567973687,53.62997362509029
2196,5664,143.75378070025104,1.0,28.2287600082456,89.66901468757169,15.514200415733498,108.41067567973687,53.62997362509029
2382,5665,86.94641328275841,1.0,28.2287600082456,89.66901468757169,15.514200415733498,108.41067567973687,53.62997362509029
2757,5673,138.42870310022494,1.0,28.2287600082456,89.66901468757169,15.514200415733498,108.41067567973687,53.62997362509029
2363,5676,74.0,1.0,28.2287600082456,89.66901468757169,15.514200415733498,108.41067567973687,53.62997362509029
3006,5677,138.9966491358449,1.0,28.2287600082456,89.66901468757169,15.514200415733498,108.41067567973687,53.62997362509029
3006,5678,116.94563576852198,1.0,28.2287600082456,89.66901468757169,15.514200415733498,108.41067567973687,53.62997362509029
3114,5679,32.0,1.0,28.2287600082456,89.66901468757169,15.514200415733498,108.41067567973687,53.62997362509029
3114,5680,143.53133392188593,1.0,28.2287600082456,89.66901468757169,15.514200415733498,108.41067567973687,53.62997362509029
3210,5681,81.88816996291395,1.0,28.2287600082456,89.66901468757169,15.514200415733498,108.41067567973687,53.62997362509029
3372,5685,18.61413728966385,1.0,28.2287600082456,89.66901468757169,15.514200415733498,108.41067567973687,53.62997362509029
3372,5686,163.4776010853,1.0,28.2287600082456,89.66901468757169,15.514200415733498,108.41067567973687,53.62997362509029
3470,5695,51.539406263590124,1.0,28.2287600082456,89.66901468757169,15.514200415733498,108.41067567973687,53.62997362509029
3682,5699,61.458003070640835,1.0,28.2287600082456,89.66901468757169,15.514200415733498,108.41067567973687,53.62997362509029
3848,5705,137.04300199804572,1.0,28.2287600082456,89.66901468757169,15.514200415733498,108.41067567973687,53.62997362509029
3898,5707,100.78163166809395,1.0,28.2287600082456,89.66901468757169,15.514200415733498,108.41067567973687,53.62997362509029
3898,5708,161.33756748194423,1.0,28.2287600082456,89.66901468757169,15.514200415733498,108.41067567973687,53.62997362509029
2785,5711,64.97885189415325,1.0,28.2287600082456,89.66901468757169,15.514200415733498,108.41067567973687,53.62997362509029
2864,5717,53.43559100376068,1.0,28.2287600082456,89.66901468757169,15.514200415733498,108.41067567973687,53.62997362509029
1631,5719,31.432152985761615,1.0,28.2287600082456,89.66901468757169,15.514200415733498,108.41067567973687,53.62997362509029
1631,5720,38.0,1.0,28.2287600082456,89.66901468757169,15.514200415733498,108.41067567973687,53.62997362509029
2902,5721,128.22419981388555,1.0,28.2287600082456,89.66901468757169,15.514200415733498,108.41067567973687,53.62997362509029
2902,5722,116.90666703362703,1.0,28.2287600082456,89.66901468757169,15.514200415733498,108.41067567973687,53.62997362509029
2920,5724,138.42106823199242,1.0,28.2287600082456,89.66901468757169,15.514200415733498,108.41067567973687,53.62997362509029
2879,5729,72.17288788400491,1.0,28.2287600082456,89.66901468757169,15.514200415733498,108.41067567973687,53.62997362509029
3108,5735,9.855269598368423,1.0,28.2287600082456,89.66901468757169,15.514200415733498,108.41067567973687,53.62997362509029
3108,5736,150.25033696495785,1.0,28.2287600082456,89.66901468757169,15.514200415733498,108.41067567973687,53.62997362509029
2911,5737,60.79769972479977,1.0,28.2287600082456,89.66901468757169,15.514200415733498,108.41067567973687,53.62997362509029
2911,5738,120.46383961481702,1.0,28.2287600082456,89.66901468757169,15.514200415733498,108.41067567973687,53.62997362509029
3282,5739,35.30253890880482,1.0,28.2287600082456,89.66901468757169,15.514200415733498,108.41067567973687,53.62997362509029
3282,5740,137.5845483712849,1.0,28.2287600082456,89.66901468757169,15.514200415733498,108.41067567973687,53.62997362509029
3353,5745,107.38226470435725,1.0,28.2287600082456,89.66901468757169,15.514200415733498,108.41067567973687,53.62997362509029
3394,5749,78.57248861635762,1.0,28.2287600082456,89.66901468757169,15.514200415733498,108.41067567973687,53.62997362509029
3394,5750,142.89772900489822,1.0,28.2287600082456,89.66901468757169,15.514200415733498,108.41067567973687,53.62997362509029
2525,5755,131.48811434798358,1.0,28.2287600082456,89.66901468757169,15.514200415733498,108.41067567973687,53.62997362509029
3780,5759,85.57647976325556,1.0,28.2287600082456,89.66901468757169,15.514200415733498,108.41067567973687,53.62997362509029
3862,5761,66.0,1.0,28.2287600082456,89.66901468757169,15.514200415733498,108.41067567973687,53.62997362509029
3862,5762,88.0,1.0,28.2287600082456,89.66901468757169,15.514200415733498,108.41067567973687,53.62997362509029
2979,5763,42.81434902112933,1.0,28.2287600082456,89.66901468757169,15.514200415733498,108.41067567973687,53.62997362509029
2979,5764,90.0,1.0,28.2287600082456,89.66901468757169,15.514200415733498,108.41067567973687,53.62997362509029
1533,5765,107.36306170784474,1.0,28.2287600082456,89.66901468757169,15.514200415733498,108.41067567973687,53.62997362509029
1533,5766,114.77741284585565,1.0,28.2287600082456,89.66901468757169,15.514200415733498,108.41067567973687,53.62997362509029
2313,5767,107.42570753964112,1.0,28.2287600082456,89.66901468757169,15.514200415733498,108.41067567973687,53.62997362509029
4214,5772,141.9793128980783,1.0,28.2287600082456,89.66901468757169,15.514200415733498,108.41067567973687,53.62997362509029
4728,5773,27.69045176896881,1.0,28.2287600082456,89.66901468757169,15.514200415733498,108.41067567973687,53.62997362509029
4728,5774,64.0,1.0,28.2287600082456,89.66901468757169,15.514200415733498,108.41067567973687,53.62997362509029
2245,5779,103.56007503562059,1.0,28.2287600082456,89.66901468757169,15.514200415733498,108.41067567973687,53.62997362509029
2245,5780,72.0,1.0,28.2287600082456,89.66901468757169,15.514200415733498,108.41067567973687,53.62997362509029
2611,5781,156.52318982979406,1.0,28.2287600082456,89.66901468757169,15.514200415733498,108.41067567973687,53.62997362509029
2916,5784,126.39059348922777,1.0,28.2287600082456,89.66901468757169,15.514200415733498,108.41067567973687,53.62997362509029
3074,5787,75.76116211431679,1.0,28.2287600082456,89.66901468757169,15.514200415733498,108.41067567973687,53.62997362509029
2963,5789,116.76212176587424,1.0,28.2287600082456,89.66901468757169,15.514200415733498,108.41067567973687,53.62997362509029
1039,5791,128.33256811627962,1.0,28.2287600082456,89.66901468757169,15.514200415733498,108.41067567973687,53.62997362509029
3212,5793,68.05429443844098,1.0,28.2287600082456,89.66901468757169,15.514200415733498,108.41067567973687,53.62997362509029
3212,5794,155.0995816215533,1.0,28.2287600082456,89.66901468757169,15.514200415733498,108.41067567973687,53.62997362509029
2209,5795,53.11822393897265,1.0,28.2287600082456,89.66901468757169,15.514200415733498,108.41067567973687,53.62997362509029
2209,5796,44.0,1.0,28.2287600082456,89.66901468757169,15.514200415733498,108.41067567973687,53.62997362509029
3381,5816,152.78070954282146,1.0,28.2287600082456,89.66901468757169,15.514200415733498,108.41067567973687,53.62997362509029
4070,5821,110.55539859405488,1.0,28.2287600082456,89.66901468757169,15.514200415733498,108.41067567973687,53.62997362509029
4070,5822,92.0,1.0,28.2287600082456,89.66901468757169,15.514200415733498,108.41067567973687,53.62997362509029
4206,5827,61.36363735744429,1.0,28.2287600082456,89.66901468757169,15.514200415733498,108.41067567973687,53.62997362509029
4206,5828,142.6861910024153,1.0,28.2287600082456,89.66901468757169,15.514200415733498,108.41067567973687,53.62997362509029
5288,5829,96.2201072990436,1.0,28.2287600082456,89.66901468757169,15.514200415733498,108.41067567973687,53.62997362509029
5288,5830,140.78797353860648,1.0,28.2287600082456,89.66901468757169,15.514200415733498,108.41067567973687,53.62997362509029
5460,5831,71.99144491690238,1.0,28.2287600082456,89.66901468757169,15.514200415733498,108.41067567973687,53.62997362509029
5460,5832,78.0,1.0,28.2287600082456,89.66901468757169,15.514200415733498,108.41067567973687,53.62997362509029
2784,5833,79.41318615790952,1.0,28.2287600082456,89.66901468757169,15.514200415733498,108.41067567973687,53.62997362509029
2784,5834,119.13936250655748,1.0,28.2287600082456,89.66901468757169,15.514200415733498,108.41067567973687,53.62997362509029
2838,5835,76.58879623096412,1.0,28.2287600082456,89.66901468757169,15.514200415733498,108.41067567973687,53.62997362509029
2882,5839,130.9073066190254,1.0,28.2287600082456,89.66901468757169,15.514200415733498,108.41067567973687,53.62997362509029
2882,5840,155.2877928437607,1.0,28.2287600082456,89.66901468757169,15.514200415733498,108.41067567973687,53.62997362509029
3292,5849,18.22819610569092,1.0,28.2287600082456,89.66901468757169,15.514200415733498,108.41067567973687,53.62997362509029
3292,5850,147.1257380836706,1.0,28.2287600082456,89.66901468757169,15.514200415733498,108.41067567973687,53.62997362509029
3488,5853,51.33437531307885,1.0,28.2287600082456,89.66901468757169,15.514200415733498,108.41067567973687,53.62997362509029
3488,5854,134.18076935464197,1.0,28.2287600082456,89.66901468757169,15.514200415733498,108.41067567973687,53.62997362509029
3602,5859,47.080223920697755,1.0,28.2287600082456,89.66901468757169,15.514200415733498,108.41067567973687,53.62997362509029
3642,5863,39.148995794756395,1.0,28.2287600082456,89.66901468757169,15.514200415733498,108.41067567973687,53.62997362509029
3892,5865,43.68706895705459,1.0,28.2287600082456,89.66901468757169,15.514200415733498,108.41067567973687,53.62997362509029
3892,5866,140.3437086610468,1.0,28.2287600082456,89.66901468757169,15.514200415733498,108.41067567973687,53.62997362509029
4074,5869,47.68384739920158,1.0,28.2287600082456,89.66901468757169,15.514200415733498,108.41067567973687,53.62997362509029
4074,5870,133.24694994464053,1.0,28.2287600082456,89.66901468757169,15.514200415733498,108.41067567973687,53.62997362509029
4088,5871,39.52104442394933,1.0,28.2287600082456,89.66901468757169,15.514200415733498,108.41067567973687,53.62997362509029
4088,5872,143.93825086391374,1.0,28.2287600082456,89.66901468757169,15.514200415733498,108.41067567973687,53.62997362509029
4114,5875,113.8982351365412,1.0,28.2287600082456,89.66901468757169,15.514200415733498,108.41067567973687,53.62997362509029
4114,5876,163.12876527023462,1.0,28.2287600082456,89.66901468757169,15.514200415733498,108.41067567973687,53.62997362509029
3939,5877,103.47662348771652,1.0,28.2287600082456,89.66901468757169,15.514200415733498,108.41067567973687,53.62997362509029
3939,5878,155.82068783033554,1.0,28.2287600082456,89.66901468757169,15.514200415733498,108.41067567973687,53.62997362509029
4561,5879,31.89566057734174,1.0,28.2287600082456,89.66901468757169,15.514200415733498,108.41067567973687,53.62997362509029
2065,5881,63.63641087183437,1.0,28.2287600082456,89.66901468757169,15.514200415733498,108.41067567973687,53.62997362509029
2498,5885,137.2978360838588,1.0,28.2287600082456,89.66901468757169,15.514200415733498,108.41067567973687,53.62997362509029
2498,5886,132.66710214584134,1.0,28.2287600082456,89.66901468757169,15.514200415733498,108.41067567973687,53.62997362509029
1583,5889,44.22791414675182,1.0,28.2287600082456,89.66901468757169,15.514200415733498,108.41067567973687,53.62997362509029
2944,5893,45.22737154082913,1.0,28.2287600082456,89.66901468757169,15.514200415733498,108.41067567973687,53.62997362509029
3038,5895,49.99552465174652,1.0,28.2287600082456,89.66901468757169,15.514200415733498,108.41067567973687,53.62997362509029
3144,5898,147.779925774904,1.0,28.2287600082456,89.66901468757169,15.514200415733498,108.41067567973687,53.62997362509029
3230,5903,10.062672600779548,1.0,28.2287600082456,89.66901468757169,15.514200415733498,108.41067567973687,53.62997362509029
3334,5905,93.21146839097065,1.0,28.2287600082456,89.66901468757169,15.514200415733498,108.41067567973687,53.62997362509029
3346,5909,107.30330469876381,1.0,28.2287600082456,89.66901468757169,15.514200415733498,108.41067567973687,53.62997362509029
3346,5910,149.53065840305104,1.0,28.2287600082456,89.66901468757169,15.514200415733498,108.41067567973687,53.62997362509029
3356,5911,99.6409469736827,1.0,28.2287600082456,89.66901468757169,15.514200415733498,108.41067567973687,53.62997362509029
3356,5912,113.27474547169447,1.0,28.2287600082456,89.66901468757169,15.514200415733498,108.41067567973687,53.62997362509029
3382,5913,62.0,1.0,28.2287600082456,89.66901468757169,15.514200415733498,108.41067567973687,53.62997362509029
3382,5914,58.0,1.0,28.2287600082456,89.66901468757169,15.514200415733498,108.41067567973687,53.62997362509029
3390,5915,48.66434664080358,1.0,28.2287600082456,89.66901468757169,15.514200415733498,108.41067567973687,53.62997362509029
3390,5916,40.0,1.0,28.2287600082456,89.66901468757169,15.514200415733498,108.41067567973687,53.62997362509029
3019,5917,110.79761918760718,1.0,28.2287600082456,89.66901468757169,15.514200415733498,108.41067567973687,53.62997362509029
3019,5918,160.04256601991386,1.0,28.2287600082456,89.66901468757169,15.514200415733498,108.41067567973687,53.62997362509029
3476,5925,86.27605617384029,1.0,28.2287600082456,89.66901468757169,15.514200415733498,108.41067567973687,53.62997362509029
3518,5927,53.66406107217924,1.0,28.2287600082456,89.66901468757169,15.514200415733498,108.41067567973687,53.62997362509029
3518,5928,144.63188205050517,1.0,28.2287600082456,89.66901468757169,15.514200415733498,108.41067567973687,53.62997362509029
3582,5931,56.152829101203174,1.0,28.2287600082456,89.66901468757169,15.514200415733498,108.41067567973687,53.62997362509029
3582,5932,129.30518719985804,1.0,28.2287600082456,89.66901468757169,15.514200415733498,108.41067567973687,53.62997362509029
3375,5933,79.43260383124895,1.0,28.2287600082456,89.66901468757169,15.514200415733498,108.41067567973687,53.62997362509029
3375,5934,12.0,1.0,28.2287600082456,89.66901468757169,15.514200415733498,108.41067567973687,53.62997362509029
3800,5941,89.24936705379042,1.0,28.2287600082456,89.66901468757169,15.514200415733498,108.41067567973687,53.62997362509029
3860,5943,76.51889673777812,1.0,28.2287600082456,89.66901468757169,15.514200415733498,108.41067567973687,53.62997362509029
3882,5945,112.74753227169064,1.0,28.2287600082456,89.66901468757169,15.514200415733498,108.41067567973687,53.62997362509029
3882,5946,158.82741321848815,1.0,28.2287600082456,89.66901468757169,15.514200415733498,108.41067567973687,53.62997362509029
4034,5947,78.94515728230658,1.0,28.2287600082456,89.66901468757169,15.514200415733498,108.41067567973687,53.62997362509029
4034,5948,80.0,1.0,28.2287600082456,89.66901468757169,15.514200415733498,108.41067567973687,53.62997362509029
4288,5949,32.63959838751384,1.0,28.2287600082456,89.66901468757169,15.514200415733498,108.41067567973687,53.62997362509029
4288,5950,151.257183498925,1.0,28.2287600082456,89.66901468757169,15.514200415733498,108.41067567973687,53.62997362509029
4412,5951,37.01252977017899,1.0,28.2287600082456,89.66901468757169,15.514200415733498,108.41067567973687,53.62997362509029
4412,5952,127.38174193065603,1.0,28.2287600082456,89.66901468757169,15.514200415733498,108.41067567973687,53.62997362509029
4452,5953,27.887435594772256,1.0,28.2287600082456,89.66901468757169,15.514200415733498,108.41067567973687,53.62997362509029
4452,5954,124.35345781381552,1.0,28.2287600082456,89.66901468757169,15.514200415733498,108.41067567973687,53.62997362509029
3164,5959,131.3478324433774,1.0,28.2287600082456,89.66901468757169,15.514200415733498,108.41067567973687,53.62997362509029
3570,5969,125.95450365384363,1.0,28.2287600082456,89.66901468757169,15.514200415733498,108.41067567973687,53.62997362509029
2443,5971,90.42708869084709,1.0,28.2287600082456,89.66901468757169,15.514200415733498,108.41067567973687,53.62997362509029
2443,5972,62.0,1.0,28.2287600082456,89.66901468757169,15.514200415733498,108.41067567973687,53.62997362509029
3772,5975,86.82204265452003,1.0,28.2287600082456,89.66901468757169,15.514200415733498,108.41067567973687,53.62997362509029
3782,5977,77.96441838647868,1.0,28.2287600082456,89.66901468757169,15.514200415733498,108.41067567973687,53.62997362509029
3695,5981,103.92122010107542,1.0,28.2287600082456,89.66901468757169,15.514200415733498,108.41067567973687,53.62997362509029
4078,5987,94.74582691795516,1.0,28.2287600082456,89.66901468757169,15.514200415733498,108.41067567973687,53.62997362509029
4078,5988,141.11892808631922,1.0,28.2287600082456,89.66901468757169,15.514200415733498,108.41067567973687,53.62997362509029
4336,5991,54.92753652134601,1.0,28.2287600082456,89.66901468757169,15.514200415733498,108.41067567973687,53.62997362509029
4336,5992,131.31090868371479,1.0,28.2287600082456,89.66901468757169,15.514200415733498,108.41067567973687,53.62997362509029
4504,5993,60.839633697804175,1.0,28.2287600082456,89.66901468757169,15.514200415733498,108.41067567973687,53.62997362509029
5096,5995,103.74961600512238,1.0,28.2287600082456,89.66901468757169,15.514200415733498,108.41067567973687,53.62997362509029
2440,5997,78.27667575184168,1.0,28.2287600082456,89.66901468757169,15.514200415733498,108.41067567973687,53.62997362509029
1251,6001,77.82850172146277,1.0,28.2287600082456,89.66901468757169,15.514200415733498,108.41067567973687,53.62997362509029
1251,6002,76.0,1.0,28.2287600082456,89.66901468757169,15.514200415733498,108.41067567973687,53.62997362509029
3474,6005,29.105146808165557,1.0,28.2287600082456,89.66901468757169,15.514200415733498,108.41067567973687,53.62997362509029
3474,6006,120.0069247845944,1.0,28.2287600082456,89.66901468757169,15.514200415733498,108.41067567973687,53.62997362509029
3608,6011,122.47536329890008,1.0,28.2287600082456,89.66901468757169,15.514200415733498,108.41067567973687,53.62997362509029
3720,6015,108.00258025818154,1.0,28.2287600082456,89.66901468757169,15.514200415733498,108.41067567973687,53.62997362509029
3720,6016,116.76786539189811,1.0,28.2287600082456,89.66901468757169,15.514200415733498,108.41067567973687,53.62997362509029
3920,6019,67.13330556899106,1.0,28.2287600082456,89.66901468757169,15.514200415733498,108.41067567973687,53.62997362509029
3926,6021,84.05408229304179,1.0,28.2287600082456,89.66901468757169,15.514200415733498,108.41067567973687,53.62997362509029
3926,6022,156.08526744550562,1.0,28.2287600082456,89.66901468757169,15.514200415733498,108.41067567973687,53.62997362509029
3809,6023,129.13539096497908,1.0,28.2287600082456,89.66901468757169,15.514200415733498,108.41067567973687,53.62997362509029
3809,6024,48.0,1.0,28.2287600082456,89.66901468757169,15.514200415733498,108.41067567973687,53.62997362509029
3859,6025,144.0920604687803,1.0,28.2287600082456,89.66901468757169,15.514200415733498,108.41067567973687,53.62997362509029
3859,6026,129.32644886635532,1.0,28.2287600082456,89.66901468757169,15.514200415733498,108.41067567973687,53.62997362509029
2181,6027,52.521326303968806,1.0,28.2287600082456,89.66901468757169,15.514200415733498,108.41067567973687,53.62997362509029
3597,6031,62.20456089957614,1.0,28.2287600082456,89.66901468757169,15.514200415733498,108.41067567973687,53.62997362509029
3881,6033,32.68339527201627,1.0,28.2287600082456,89.66901468757169,15.514200415733498,108.41067567973687,53.62997362509029
4396,6035,87.1991525042964,1.0,28.2287600082456,89.66901468757169,15.514200415733498,108.41067567973687,53.62997362509029
2667,6039,81.97221050755202,1.0,28.2287600082456,89.66901468757169,15.514200415733498,108.41067567973687,53.62997362509029
4361,6041,89.10125311293918,1.0,28.2287600082456,89.66901468757169,15.514200415733498,108.41067567973687,53.62997362509029
4600,6043,68.21545684620781,1.0,28.2287600082456,89.66901468757169,15.514200415733498,108.41067567973687,53.62997362509029
4600,6044,127.43562472918295,1.0,28.2287600082456,89.66901468757169,15.514200415733498,108.41067567973687,53.62997362509029
3623,6045,33.83405788853477,1.0,28.2287600082456,89.66901468757169,15.514200415733498,108.41067567973687,53.62997362509029
3623,6046,104.90707775481638,1.0,28.2287600082456,89.66901468757169,15.514200415733498,108.41067567973687,53.62997362509029
3048,6055,88.99539754885413,1.0,28.2287600082456,89.66901468757169,15.514200415733498,108.41067567973687,53.62997362509029
3374,6062,139.2854050006532,1.0,28.2287600082456,89.66901468757169,15.514200415733498,108.41067567973687,53.62997362509029
2681,6063,104.1162027151773,1.0,28.2287600082456,89.66901468757169,15.514200415733498,108.41067567973687,53.62997362509029
2681,6064,109.08344135994184,1.0,28.2287600082456,89.66901468757169,15.514200415733498,108.41067567973687,53.62997362509029
2799,6076,135.66717742898632,1.0,28.2287600082456,89.66901468757169,15.514200415733498,108.41067567973687,53.62997362509029
1333,6079,99.50308461022317,1.0,28.2287600082456,89.66901468757169,15.514200415733498,108.41067567973687,53.62997362509029
1333,6080,129.12503199217068,1.0,28.2287600082456,89.66901468757169,15.514200415733498,108.41067567973687,53.62997362509029
4104,6083,120.34251843720804,1.0,28.2287600082456,89.66901468757169,15.514200415733498,108.41067567973687,53.62997362509029
4104,6084,121.26686683272317,1.0,28.2287600082456,89.66901468757169,15.514200415733498,108.41067567973687,53.62997362509029
4106,6085,79.35061668287153,1.0,28.2287600082456,89.66901468757169,15.514200415733498,108.41067567973687,53.62997362509029
4106,6086,110.47992768667001,1.0,28.2287600082456,89.66901468757169,15.514200415733498,108.41067567973687,53.62997362509029
4268,6087,104.88571766659621,1.0,28.2287600082456,89.66901468757169,15.514200415733498,108.41067567973687,53.62997362509029
4496,6091,71.76723480471244,1.0,28.2287600082456,89.66901468757169,15.514200415733498,108.41067567973687,53.62997362509029
4496,6092,140.01611884340403,1.0,28.2287600082456,89.66901468757169,15.514200415733498,108.41067567973687,53.62997362509029
1853,6093,38.0,1.0,28.2287600082456,89.66901468757169,15.514200415733498,108.41067567973687,53.62997362509029
2203,6095,114.7165376031243,1.0,28.2287600082456,89.66901468757169,15.514200415733498,108.41067567973687,53.62997362509029
2203,6096,116.92583782933515,1.0,28.2287600082456,89.66901468757169,15.514200415733498,108.41067567973687,53.62997362509029
4774,6097,51.92378816784102,1.0,28.2287600082456,89.66901468757169,15.514200415733498,108.41067567973687,53.62997362509029
4774,6098,152.16450225312346,1.0,28.2287600082456,89.66901468757169,15.514200415733498,108.41067567973687,53.62997362509029
4802,6099,125.82606848642354,1.0,28.2287600082456,89.66901468757169,15.514200415733498,108.41067567973687,53.62997362509029
4802,6100,115.20282172626142,1.0,28.2287600082456,89.66901468757169,15.514200415733498,108.41067567973687,53.62997362509029
2769,6101,86.82624740571212,1.0,28.2287600082456,89.66901468757169,15.514200415733498,108.41067567973687,53.62997362509029
2769,6102,131.12584351215497,1.0,28.2287600082456,89.66901468757169,15.514200415733498,108.41067567973687,53.62997362509029
5144,6103,83.9959928444011,1.0,28.2287600082456,89.66901468757169,15.514200415733498,108.41067567973687,53.62997362509029
5144,6104,113.13733238984403,1.0,28.2287600082456,89.66901468757169,15.514200415733498,108.41067567973687,53.62997362509029
2592,6107,74.3970380090201,1.0,28.2287600082456,89.66901468757169,15.514200415733498,108.41067567973687,53.62997362509029
1855,6113,40.264348743173485,1.0,28.2287600082456,89.66901468757169,15.514200415733498,108.41067567973687,53.62997362509029
1855,6114,102.29558127231809,1.0,28.2287600082456,89.66901468757169,15.514200415733498,108.41067567973687,53.62997362509029
2739,6115,19.538052752773602,1.0,28.2287600082456,89.66901468757169,15.514200415733498,108.41067567973687,53.62997362509029
3499,6118,119.3993279797771,1.0,28.2287600082456,89.66901468757169,15.514200415733498,108.41067567973687,53.62997362509029
3680,6121,41.40478841872524,1.0,28.2287600082456,89.66901468757169,15.514200415733498,108.41067567973687,53.62997362509029
3768,6129,90.26025224119473,1.0,28.2287600082456,89.66901468757169,15.514200415733498,108.41067567973687,53.62997362509029
3768,6130,127.21061956899835,1.0,28.2287600082456,89.66901468757169,15.514200415733498,108.41067567973687,53.62997362509029
3890,6135,23.24457152352984,1.0,28.2287600082456,89.66901468757169,15.514200415733498,108.41067567973687,53.62997362509029
3908,6138,107.25727572836999,1.0,28.2287600082456,89.66901468757169,15.514200415733498,108.41067567973687,53.62997362509029
4174,6143,80.80987205550181,1.0,28.2287600082456,89.66901468757169,15.514200415733498,108.41067567973687,53.62997362509029
4174,6144,66.0,1.0,28.2287600082456,89.66901468757169,15.514200415733498,108.41067567973687,53.62997362509029
4546,6153,126.98214802677319,1.0,28.2287600082456,89.66901468757169,15.514200415733498,108.41067567973687,53.62997362509029
4646,6155,109.49853516661527,1.0,28.2287600082456,89.66901468757169,15.514200415733498,108.41067567973687,53.62997362509029
4748,6157,64.26056292152705,1.0,28.2287600082456,89.66901468757169,15.514200415733498,108.41067567973687,53.62997362509029
4748,6158,112.80440632560429,1.0,28.2287600082456,89.66901468757169,15.514200415733498,108.41067567973687,53.62997362509029
4846,6160,109.94857280369168,1.0,28.2287600082456,89.66901468757169,15.514200415733498,108.41067567973687,53.62997362509029
5582,6161,58.99772155870153,1.0,28.2287600082456,89.66901468757169,15.514200415733498,108.41067567973687,53.62997362509029
5582,6162,115.46040221214979,1.0,28.2287600082456,89.66901468757169,15.514200415733498,108.41067567973687,53.62997362509029
2705,6163,129.23518899249487,1.0,28.2287600082456,89.66901468757169,15.514200415733498,108.41067567973687,53.62997362509029
2705,6164,128.14893971211325,1.0,28.2287600082456,89.66901468757169,15.514200415733498,108.41067567973687,53.62997362509029
3078,6165,82.96530078748499,1.0,28.2287600082456,89.66901468757169,15.514200415733498,108.41067567973687,53.62997362509029
3078,6166,149.31566923918507,1.0,28.2287600082456,89.66901468757169,15.514200415733498,108.41067567973687,53.62997362509029
3324,6172,128.8372476675985,1.0,28.2287600082456,89.66901468757169,15.514200415733498,108.41067567973687,53.62997362509029
3626,6177,80.10887227807848,1.0,28.2287600082456,89.66901468757169,15.514200415733498,108.41067567973687,53.62997362509029
3626,6178,126.54987191015533,1.0,28.2287600082456,89.66901468757169,15.514200415733498,108.41067567973687,53.62997362509029
2053,6179,52.5738257010945,1.0,28.2287600082456,89.66901468757169,15.514200415733498,108.41067567973687,53.62997362509029
3668,6181,50.99040447094769,1.0,28.2287600082456,89.66901468757169,15.514200415733498,108.41067567973687,53.62997362509029
3668,6182,142.3719789627205,1.0,28.2287600082456,89.66901468757169,15.514200415733498,108.41067567973687,53.62997362509029
3565,6183,83.86205380413836,1.0,28.2287600082456,89.66901468757169,15.514200415733498,108.41067567973687,53.62997362509029
3565,6184,54.0,1.0,28.2287600082456,89.66901468757169,15.514200415733498,108.41067567973687,53.62997362509029
3591,6185,98.56366190678273,1.0,28.2287600082456,89.66901468757169,15.514200415733498,108.41067567973687,53.62997362509029
3591,6186,139.7848187348127,1.0,28.2287600082456,89.66901468757169,15.514200415733498,108.41067567973687,53.62997362509029
2395,6191,61.17558843447937,1.0,28.2287600082456,89.66901468757169,15.514200415733498,108.41067567973687,53.62997362509029
3930,6195,61.56918193020923,1.0,28.2287600082456,89.66901468757169,15.514200415733498,108.41067567973687,53.62997362509029
3932,6197,105.59749521987226,1.0,28.2287600082456,89.66901468757169,15.514200415733498,108.41067567973687,53.62997362509029
3932,6198,127.00680253006828,1.0,28.2287600082456,89.66901468757169,15.514200415733498,108.41067567973687,53.62997362509029
3093,6199,99.175956071786,1.0,28.2287600082456,89.66901468757169,15.514200415733498,108.41067567973687,53.62997362509029
3093,6200,129.15044065966282,1.0,28.2287600082456,89.66901468757169,15.514200415733498,108.41067567973687,53.62997362509029
4000,6203,25.75321539047544,1.0,28.2287600082456,89.66901468757169,15.514200415733498,108.41067567973687,53.62997362509029
4000,6204,129.8084328142927,1.0,28.2287600082456,89.66901468757169,15.514200415733498,108.41067567973687,53.62997362509029
4066,6209,105.86562043491887,1.0,28.2287600082456,89.66901468757169,15.514200415733498,108.41067567973687,53.62997362509029
4066,6210,146.33863071713375,1.0,28.2287600082456,89.66901468757169,15.514200415733498,108.41067567973687,53.62997362509029
3001,6215,137.58623585979066,1.0,28.2287600082456,89.66901468757169,15.514200415733498,108.41067567973687,53.62997362509029
3001,6216,135.97601524689316,1.0,28.2287600082456,89.66901468757169,15.514200415733498,108.41067567973687,53.62997362509029
4344,6219,42.81773544817432,1.0,28.2287600082456,89.66901468757169,15.514200415733498,108.41067567973687,53.62997362509029
4344,6220,107.29139922201247,1.0,28.2287600082456,89.66901468757169,15.514200415733498,108.41067567973687,53.62997362509029
3769,6233,125.0988289799341,1.0,28.2287600082456,89.66901468757169,15.514200415733498,108.41067567973687,53.62997362509029
3769,6234,149.07182150307975,1.0,28.2287600082456,89.66901468757169,15.514200415733498,108.41067567973687,53.62997362509029
5062,6235,113.4709128886281,1.0,28.2287600082456,89.66901468757169,15.514200415733498,108.41067567973687,53.62997362509029
5062,6236,54.0,1.0,28.2287600082456,89.66901468757169,15.514200415733498,108.41067567973687,53.62997362509029
2023,6237,54.383385698142845,1.0,28.2287600082456,89.66901468757169,15.514200415733498,108.41067567973687,53.62997362509029
2023,6238,143.35033876549045,1.0,28.2287600082456,89.66901468757169,15.514200415733498,108.41067567973687,53.62997362509029
1985,6241,96.89036530333496,1.0,28.2287600082456,89.66901468757169,15.514200415733498,108.41067567973687,53.62997362509029
1985,6242,132.1663123253793,1.0,28.2287600082456,89.66901468757169,15.514200415733498,108.41067567973687,53.62997362509029
3128,6245,42.42574070779802,1.0,28.2287600082456,89.66901468757169,15.514200415733498,108.41067567973687,53.62997362509029
3220,6249,58.25661320165471,1.0,28.2287600082456,89.66901468757169,15.514200415733498,108.41067567973687,53.62997362509029
3220,6250,116.98438458716572,1.0,28.2287600082456,89.66901468757169,15.514200415733498,108.41067567973687,53.62997362509029
3502,6253,87.20379633143477,1.0,28.2287600082456,89.66901468757169,15.514200415733498,108.41067567973687,53.62997362509029
3566,6258,145.00386592203893,1.0,28.2287600082456,89.66901468757169,15.514200415733498,108.41067567973687,53.62997362509029
3588,6259,74.36139538347852,1.0,28.2287600082456,89.66901468757169,15.514200415733498,108.41067567973687,53.62997362509029
3588,6260,105.40488554171175,1.0,28.2287600082456,89.66901468757169,15.514200415733498,108.41067567973687,53.62997362509029
1861,6265,35.07262443433966,1.0,28.2287600082456,89.66901468757169,15.514200415733498,108.41067567973687,53.62997362509029
3575,6267,140.39711612166826,1.0,28.2287600082456,89.66901468757169,15.514200415733498,108.41067567973687,53.62997362509029
3575,6268,86.0,1.0,28.2287600082456,89.66901468757169,15.514200415733498,108.41067567973687,53.62997362509029
1737,6269,41.1181621474232,1.0,28.2287600082456,89.66901468757169,15.514200415733498,108.41067567973687,53.62997362509029
3864,6271,64.96634293740715,1.0,28.2287600082456,89.66901468757169,15.514200415733498,108.41067567973687,53.62997362509029
3950,6279,71.97664395860221,1.0,28.2287600082456,89.66901468757169,15.514200415733498,108.41067567973687,53.62997362509029
3960,6281,57.30561800275196,1.0,28.2287600082456,89.66901468757169,15.514200415733498,108.41067567973687,53.62997362509029
3970,6283,74.70605543761656,1.0,28.2287600082456,89.66901468757169,15.514200415733498,108.41067567973687,53.62997362509029
3970,6284,140.74504376783963,1.0,28.2287600082456,89.66901468757169,15.514200415733498,108.41067567973687,53.62997362509029
1367,6285,89.63618781315509,1.0,28.2287600082456,89.66901468757169,15.514200415733498,108.41067567973687,53.62997362509029
1367,6286,104.18552330372202,1.0,28.2287600082456,89.66901468757169,15.514200415733498,108.41067567973687,53.62997362509029
4096,6289,42.805215738830306,1.0,28.2287600082456,89.66901468757169,15.514200415733498,108.41067567973687,53.62997362509029
4096,6290,133.05641816844786,1.0,28.2287600082456,89.66901468757169,15.514200415733498,108.41067567973687,53.62997362509029
4120,6291,38.63710119916163,1.0,28.2287600082456,89.66901468757169,15.514200415733498,108.41067567973687,53.62997362509029
4120,6292,100.96453167829704,1.0,28.2287600082456,89.66901468757169,15.514200415733498,108.41067567973687,53.62997362509029
4126,6293,90.21480476217494,1.0,28.2287600082456,89.66901468757169,15.514200415733498,108.41067567973687,53.62997362509029
4126,6294,128.62580568080097,1.0,28.2287600082456,89.66901468757169,15.514200415733498,108.41067567973687,53.62997362509029
4162,6295,72.0,1.0,28.2287600082456,89.66901468757169,15.514200415733498,108.41067567973687,53.62997362509029
4162,6296,147.9497193437033,1.0,28.2287600082456,89.66901468757169,15.514200415733498,108.41067567973687,53.62997362509029
4526,6301,123.73622594156151,1.0,28.2287600082456,89.66901468757169,15.514200415733498,108.41067567973687,53.62997362509029
4526,6302,142.34450329078055,1.0,28.2287600082456,89.66901468757169,15.514200415733498,108.41067567973687,53.62997362509029
4037,6303,45.71881839289474,1.0,28.2287600082456,89.66901468757169,15.514200415733498,108.41067567973687,53.62997362509029
4037,6304,60.0,1.0,28.2287600082456,89.66901468757169,15.514200415733498,108.41067567973687,53.62997362509029
5082,6307,62.06648135773216,1.0,28.2287600082456,89.66901468757169,15.514200415733498,108.41067567973687,53.62997362509029
5082,6308,102.49268235837707,1.0,28.2287600082456,89.66901468757169,15.514200415733498,108.41067567973687,53.62997362509029
4311,6309,82.54166881581534,1.0,28.2287600082456,89.66901468757169,15.514200415733498,108.41067567973687,53.62997362509029
4311,6310,96.044471645494,1.0,28.2287600082456,89.66901468757169,15.514200415733498,108.41067567973687,53.62997362509029
1143,6317,58.805762890518416,1.0,28.2287600082456,89.66901468757169,15.514200415733498,108.41067567973687,53.62997362509029
1143,6318,136.40628066109076,1.0,28.2287600082456,89.66901468757169,15.514200415733498,108.41067567973687,53.62997362509029
3242,6321,61.29530116352018,1.0,28.2287600082456,89.66901468757169,15.514200415733498,108.41067567973687,53.62997362509029
3242,6322,114.88630385018895,1.0,28.2287600082456,89.66901468757169,15.514200415733498,108.41067567973687,53.62997362509029
3310,6323,38.30810308757508,1.0,28.2287600082456,89.66901468757169,15.514200415733498,108.41067567973687,53.62997362509029
3007,6325,41.03750210746031,1.0,28.2287600082456,89.66901468757169,15.514200415733498,108.41067567973687,53.62997362509029
3007,6326,100.4048721765843,1.0,28.2287600082456,89.66901468757169,15.514200415733498,108.41067567973687,53.62997362509029
3131,6329,76.77626001183874,1.0,28.2287600082456,89.66901468757169,15.514200415733498,108.41067567973687,53.62997362509029
3131,6330,96.50967404185931,1.0,28.2287600082456,89.66901468757169,15.514200415733498,108.41067567973687,53.62997362509029
3397,6331,86.47005765120603,1.0,28.2287600082456,89.66901468757169,15.514200415733498,108.41067567973687,53.62997362509029
3397,6332,102.01787964546615,1.0,28.2287600082456,89.66901468757169,15.514200415733498,108.41067567973687,53.62997362509029
3610,6333,34.6184805541055,1.0,28.2287600082456,89.66901468757169,15.514200415733498,108.41067567973687,53.62997362509029
3610,6334,94.4383583769084,1.0,28.2287600082456,89.66901468757169,15.514200415733498,108.41067567973687,53.62997362509029
3628,6335,104.59241509374472,1.0,28.2287600082456,89.66901468757169,15.514200415733498,108.41067567973687,53.62997362509029
3628,6336,116.92464757693692,1.0,28.2287600082456,89.66901468757169,15.514200415733498,108.41067567973687,53.62997362509029
3774,6338,129.96439027100863,1.0,28.2287600082456,89.66901468757169,15.514200415733498,108.41067567973687,53.62997362509029
3143,6339,131.05363471361335,1.0,28.2287600082456,89.66901468757169,15.514200415733498,108.41067567973687,53.62997362509029
3854,6341,114.56279353742534,1.0,28.2287600082456,89.66901468757169,15.514200415733498,108.41067567973687,53.62997362509029
3854,6342,99.56974745785999,1.0,28.2287600082456,89.66901468757169,15.514200415733498,108.41067567973687,53.62997362509029
3972,6343,95.52063190618922,1.0,28.2287600082456,89.66901468757169,15.514200415733498,108.41067567973687,53.62997362509029
3487,6357,93.94481515526415,1.0,28.2287600082456,89.66901468757169,15.514200415733498,108.41067567973687,53.62997362509029
1163,6361,41.47446297156582,1.0,28.2287600082456,89.66901468757169,15.514200415733498,108.41067567973687,53.62997362509029
1163,6362,144.71521197748473,1.0,28.2287600082456,89.66901468757169,15.514200415733498,108.41067567973687,53.62997362509029
3076,6367,68.74628001642171,1.0,28.2287600082456,89.66901468757169,15.514200415733498,108.41067567973687,53.62997362509029
1929,6369,120.47031175670014,1.0,28.2287600082456,89.66901468757169,15.514200415733498,108.41067567973687,53.62997362509029
2649,6371,19.283506064046584,1.0,28.2287600082456,89.66901468757169,15.514200415733498,108.41067567973687,53.62997362509029
2649,6372,95.08222932579699,1.0,28.2287600082456,89.66901468757169,15.514200415733498,108.41067567973687,53.62997362509029
3556,6377,27.132073345644187,1.0,28.2287600082456,89.66901468757169,15.514200415733498,108.41067567973687,53.62997362509029
3556,6378,139.21674578119743,1.0,28.2287600082456,89.66901468757169,15.514200415733498,108.41067567973687,53.62997362509029
3235,6381,57.21801798505014,1.0,28.2287600082456,89.66901468757169,15.514200415733498,108.41067567973687,53.62997362509029
3235,6382,48.0,1.0,28.2287600082456,89.66901468757169,15.514200415733498,108.41067567973687,53.62997362509029
3578,6383,74.47462054598849,1.0,28.2287600082456,89.66901468757169,15.514200415733498,108.41067567973687,53.62997362509029
3616,6385,65.70975541376932,1.0,28.2287600082456,89.66901468757169,15.514200415733498,108.41067567973687,53.62997362509029
3632,6387,118.46161343805865,1.0,28.2287600082456,89.66901468757169,15.514200415733498,108.41067567973687,53.62997362509029
3011,6395,99.04898567163276,1.0,28.2287600082456,89.66901468757169,15.514200415733498,108.41067567973687,53.62997362509029
3816,6399,74.03442642576158,1.0,28.2287600082456,89.66901468757169,15.514200415733498,108.41067567973687,53.62997362509029
3837,6401,99.46735145516236,1.0,28.2287600082456,89.66901468757169,15.514200415733498,108.41067567973687,53.62997362509029
3637,6407,86.39446913946325,1.0,28.2287600082456,89.66901468757169,15.514200415733498,108.41067567973687,53.62997362509029
3637,6408,101.13787598718754,1.0,28.2287600082456,89.66901468757169,15.514200415733498,108.41067567973687,53.62997362509029
3986,6411,71.90224549036148,1.0,28.2287600082456,89.66901468757169,15.514200415733498,108.41067567973687,53.62997362509029
3986,6412,133.94130640944545,1.0,28.2287600082456,89.66901468757169,15.514200415733498,108.41067567973687,53.62997362509029
3025,6413,110.28028415244745,1.0,28.2287600082456,89.66901468757169,15.514200415733498,108.41067567973687,53.62997362509029
3025,6414,124.2061682533936,1.0,28.2287600082456,89.66901468757169,15.514200415733498,108.41067567973687,53.62997362509029
4040,6415,113.85678914964922,1.0,28.2287600082456,89.66901468757169,15.514200415733498,108.41067567973687,53.62997362509029
4040,6416,121.4264152281974,1.0,28.2287600082456,89.66901468757169,15.514200415733498,108.41067567973687,53.62997362509029
2805,6421,39.0696418429037,1.0,28.2287600082456,89.66901468757169,15.514200415733498,108.41067567973687,53.62997362509029
4179,6423,58.037454426139846,1.0,28.2287600082456,89.66901468757169,15.514200415733498,108.41067567973687,53.62997362509029
4179,6424,101.20892983282701,1.0,28.2287600082456,89.66901468757169,15.514200415733498,108.41067567973687,53.62997362509029
2519,6425,65.75734378125227,1.0,28.2287600082456,89.66901468757169,15.514200415733498,108.41067567973687,53.62997362509029
2519,6426,104.18318227530554,1.0,28.2287600082456,89.66901468757169,15.514200415733498,108.41067567973687,53.62997362509029
4486,6431,71.40085052715631,1.0,28.2287600082456,89.66901468757169,15.514200415733498,108.41067567973687,53.62997362509029
4486,6432,105.2524229185306,1.0,28.2287600082456,89.66901468757169,15.514200415733498,108.41067567973687,53.62997362509029
4604,6433,47.08473959956429,1.0,28.2287600082456,89.66901468757169,15.514200415733498,108.41067567973687,53.62997362509029
4604,6434,118.3779553291357,1.0,28.2287600082456,89.66901468757169,15.514200415733498,108.41067567973687,53.62997362509029
2335,6444,101.82936984679554,1.0,28.2287600082456,89.66901468757169,15.514200415733498,108.41067567973687,53.62997362509029
2315,6446,100.92653805465564,1.0,28.2287600082456,89.66901468757169,15.514200415733498,108.41067567973687,53.62997362509029
2888,6449,94.1539453748662,1.0,28.2287600082456,89.66901468757169,15.514200415733498,108.41067567973687,53.62997362509029
2888,6450,105.86581515972101,1.0,28.2287600082456,89.66901468757169,15.514200415733498,108.41067567973687,53.62997362509029
2143,6451,99.51067935004103,1.0,28.2287600082456,89.66901468757169,15.514200415733498,108.41067567973687,53.62997362509029
2761,6453,58.402670188899826,1.0,28.2287600082456,89.66901468757169,15.514200415733498,108.41067567973687,53.62997362509029
2761,6454,93.22630348179047,1.0,28.2287600082456,89.66901468757169,15.514200415733498,108.41067567973687,53.62997362509029
3198,6457,40.14892355491024,1.0,28.2287600082456,89.66901468757169,15.514200415733498,108.41067567973687,53.62997362509029
3198,6458,111.8726782438111,1.0,28.2287600082456,89.66901468757169,15.514200415733498,108.41067567973687,53.62997362509029
3035,6461,58.603576847405776,1.0,28.2287600082456,89.66901468757169,15.514200415733498,108.41067567973687,53.62997362509029
3035,6462,120.55361821197181,1.0,28.2287600082456,89.66901468757169,15.514200415733498,108.41067567973687,53.62997362509029
3063,6463,45.24984342782693,1.0,28.2287600082456,89.66901468757169,15.514200415733498,108.41067567973687,53.62997362509029
3063,6464,138.10737592292605,1.0,28.2287600082456,89.66901468757169,15.514200415733498,108.41067567973687,53.62997362509029
2829,6467,55.13880282786109,1.0,28.2287600082456,89.66901468757169,15.514200415733498,108.41067567973687,53.62997362509029
2829,6468,118.37796051131124,1.0,28.2287600082456,89.66901468757169,15.514200415733498,108.41067567973687,53.62997362509029
2893,6469,69.60058910947285,1.0,28.2287600082456,89.66901468757169,15.514200415733498,108.41067567973687,53.62997362509029
2893,6470,126.05550598374398,1.0,28.2287600082456,89.66901468757169,15.514200415733498,108.41067567973687,53.62997362509029
3824,6477,67.22859642019803,1.0,28.2287600082456,89.66901468757169,15.514200415733498,108.41067567973687,53.62997362509029
3824,6478,95.15074256474328,1.0,28.2287600082456,89.66901468757169,15.514200415733498,108.41067567973687,53.62997362509029
3409,6485,9.833779308395268,1.0,28.2287600082456,89.66901468757169,15.514200415733498,108.41067567973687,53.62997362509029
3409,6486,135.49336378821516,1.0,28.2287600082456,89.66901468757169,15.514200415733498,108.41067567973687,53.62997362509029
3994,6487,142.51611210368466,1.0,28.2287600082456,89.66901468757169,15.514200415733498,108.41067567973687,53.62997362509029
3891,6489,119.04141335973125,1.0,28.2287600082456,89.66901468757169,15.514200415733498,108.41067567973687,53.62997362509029
3891,6490,117.92110767253632,1.0,28.2287600082456,89.66901468757169,15.514200415733498,108.41067567973687,53.62997362509029
4060,6493,52.93236096447809,1.0,28.2287600082456,89.66901468757169,15.514200415733498,108.41067567973687,53.62997362509029
4060,6494,52.0,1.0,28.2287600082456,89.66901468757169,15.514200415733498,108.41067567973687,53.62997362509029
4102,6495,58.52696356703258,1.0,28.2287600082456,89.66901468757169,15.514200415733498,108.41067567973687,53.62997362509029
4102,6496,108.3107594720093,1.0,28.2287600082456,89.66901468757169,15.514200415733498,108.41067567973687,53.62997362509029
3209,6501,139.29256180513033,1.0,28.2287600082456,89.66901468757169,15.514200415733498,108.41067567973687,53.62997362509029
4332,6507,81.15587986992179,1.0,28.2287600082456,89.66901468757169,15.514200415733498,108.41067567973687,53.62997362509029
4694,6515,120.72730571916387,1.0,28.2287600082456,89.66901468757169,15.514200415733498,108.41067567973687,53.62997362509029
4694,6516,118.92909417264893,1.0,28.2287600082456,89.66901468757169,15.514200415733498,108.41067567973687,53.62997362509029
5398,6519,110.6032482528586,1.0,28.2287600082456,89.66901468757169,15.514200415733498,108.41067567973687,53.62997362509029
5398,6520,98.69363529768455,1.0,28.2287600082456,89.66901468757169,15.514200415733498,108.41067567973687,53.62997362509029
3344,6521,112.63396766037171,1.0,28.2287600082456,89.66901468757169,15.514200415733498,108.41067567973687,53.62997362509029
3344,6522,139.75351027153548,1.0,28.2287600082456,89.66901468757169,15.514200415733498,108.41067567973687,53.62997362509029
2413,6523,74.11902231264082,1.0,28.2287600082456,89.66901468757169,15.514200415733498,108.41067567973687,53.62997362509029
2413,6524,123.97283276608385,1.0,28.2287600082456,89.66901468757169,15.514200415733498,108.41067567973687,53.62997362509029
3169,6525,53.121369806077155,1.0,28.2287600082456,89.66901468757169,15.514200415733498,108.41067567973687,53.62997362509029
3169,6526,89.14599259195202,1.0,28.2287600082456,89.66901468757169,15.514200415733498,108.41067567973687,53.62997362509029
2949,6527,75.08586178734497,1.0,28.2287600082456,89.66901468757169,15.514200415733498,108.41067567973687,53.62997362509029
3512,6529,105.67872015644944,1.0,28.2287600082456,89.66901468757169,15.514200415733498,108.41067567973687,53.62997362509029
3520,6531,95.41635578419405,1.0,28.2287600082456,89.66901468757169,15.514200415733498,108.41067567973687,53.62997362509029
3520,6532,123.08744901198529,1.0,28.2287600082456,89.66901468757169,15.514200415733498,108.41067567973687,53.62997362509029
3029,6537,66.06887581478769,1.0,28.2287600082456,89.66901468757169,15.514200415733498,108.41067567973687,53.62997362509029
2673,6539,14.265278330525204,1.0,28.2287600082456,89.66901468757169,15.514200415733498,108.41067567973687,53.62997362509029
2673,6540,90.37189831304103,1.0,28.2287600082456,89.66901468757169,15.514200415733498,108.41067567973687,53.62997362509029
3715,6543,76.24628224512433,1.0,28.2287600082456,89.66901468757169,15.514200415733498,108.41067567973687,53.62997362509029
3715,6544,92.1382279787139,1.0,28.2287600082456,89.66901468757169,15.514200415733498,108.41067567973687,53.62997362509029
4200,6546,95.07056088318924,1.0,28.2287600082456,89.66901468757169,15.514200415733498,108.41067567973687,53.62997362509029
2707,6549,76.10054512042585,1.0,28.2287600082456,89.66901468757169,15.514200415733498,108.41067567973687,53.62997362509029
2707,6550,132.75260321299896,1.0,28.2287600082456,89.66901468757169,15.514200415733498,108.41067567973687,53.62997362509029
4310,6551,88.06041566086395,1.0,28.2287600082456,89.66901468757169,15.514200415733498,108.41067567973687,53.62997362509029
4310,6552,96.89330117824595,1.0,28.2287600082456,89.66901468757169,15.514200415733498,108.41067567973687,53.62997362509029
4448,6555,132.84434709423581,1.0,28.2287600082456,89.66901468757169,15.514200415733498,108.41067567973687,53.62997362509029
4448,6556,130.56784322391204,1.0,28.2287600082456,89.66901468757169,15.514200415733498,108.41067567973687,53.62997362509029
3635,6559,105.99939685738383,1.0,28.2287600082456,89.66901468757169,15.514200415733498,108.41067567973687,53.62997362509029
3635,6560,104.26050888050827,1.0,28.2287600082456,89.66901468757169,15.514200415733498,108.41067567973687,53.62997362509029
4616,6565,19.15248878922653,1.0,28.2287600082456,89.66901468757169,15.514200415733498,108.41067567973687,53.62997362509029
4616,6566,141.374564683478,1.0,28.2287600082456,89.66901468757169,15.514200415733498,108.41067567973687,53.62997362509029
4790,6567,131.0796962636148,1.0,28.2287600082456,89.66901468757169,15.514200415733498,108.41067567973687,53.62997362509029
2001,6569,77.7132782352922,1.0,28.2287600082456,89.66901468757169,15.514200415733498,108.41067567973687,53.62997362509029
2843,6571,98.65662141860878,1.0,28.2287600082456,89.66901468757169,15.514200415733498,108.41067567973687,53.62997362509029
2843,6572,66.0,1.0,28.2287600082456,89.66901468757169,15.514200415733498,108.41067567973687,53.62997362509029
5310,6575,91.62774225529543,1.0,28.2287600082456,89.66901468757169,15.514200415733498,108.41067567973687,53.62997362509029
3564,6587,55.05181127892434,1.0,28.2287600082456,89.66901468757169,15.514200415733498,108.41067567973687,53.62997362509029
3564,6588,68.0,1.0,28.2287600082456,89.66901468757169,15.514200415733498,108.41067567973687,53.62997362509029
3750,6595,74.08246723730511,1.0,28.2287600082456,89.66901468757169,15.514200415733498,108.41067567973687,53.62997362509029
3750,6596,114.88032781131652,1.0,28.2287600082456,89.66901468757169,15.514200415733498,108.41067567973687,53.62997362509029
3764,6597,93.12034771740008,1.0,28.2287600082456,89.66901468757169,15.514200415733498,108.41067567973687,53.62997362509029
3764,6598,103.51227782038312,1.0,28.2287600082456,89.66901468757169,15.514200415733498,108.41067567973687,53.62997362509029
1513,6603,93.44989927894932,1.0,28.2287600082456,89.66901468757169,15.514200415733498,108.41067567973687,53.62997362509029
3453,6605,71.98927847311002,1.0,28.2287600082456,89.66901468757169,15.514200415733498,108.41067567973687,53.62997362509029
3453,6606,119.62721962372143,1.0,28.2287600082456,89.66901468757169,15.514200415733498,108.41067567973687,53.62997362509029
4054,6609,63.9657234118356,1.0,28.2287600082456,89.66901468757169,15.514200415733498,108.41067567973687,53.62997362509029
4054,6610,100.4218023184244,1.0,28.2287600082456,89.66901468757169,15.514200415733498,108.41067567973687,53.62997362509029
4039,6611,106.63867146487922,1.0,28.2287600082456,89.66901468757169,15.514200415733498,108.41067567973687,53.62997362509029
4039,6612,102.46968183707446,1.0,28.2287600082456,89.66901468757169,15.514200415733498,108.41067567973687,53.62997362509029
4136,6613,67.99964224109827,1.0,28.2287600082456,89.66901468757169,15.514200415733498,108.41067567973687,53.62997362509029
4136,6614,138.3106457280189,1.0,28.2287600082456,89.66901468757169,15.514200415733498,108.41067567973687,53.62997362509029
4257,6616,116.29051663943193,1.0,28.2287600082456,89.66901468757169,15.514200415733498,108.41067567973687,53.62997362509029
4380,6619,87.97016621671503,1.0,28.2287600082456,89.66901468757169,15.514200415733498,108.41067567973687,53.62997362509029
4380,6620,114.3188637333171,1.0,28.2287600082456,89.66901468757169,15.514200415733498,108.41067567973687,53.62997362509029
4438,6621,79.25222724188882,1.0,28.2287600082456,89.66901468757169,15.514200415733498,108.41067567973687,53.62997362509029
4015,6623,116.15536799334723,1.0,28.2287600082456,89.66901468757169,15.514200415733498,108.41067567973687,53.62997362509029
4015,6624,100.88642152538173,1.0,28.2287600082456,89.66901468757169,15.514200415733498,108.41067567973687,53.62997362509029
4387,6625,68.47225316223611,1.0,28.2287600082456,89.66901468757169,15.514200415733498,108.41067567973687,53.62997362509029
4387,6626,107.59660536212519,1.0,28.2287600082456,89.66901468757169,15.514200415733498,108.41067567973687,53.62997362509029
4656,6627,75.87035981320273,1.0,28.2287600082456,89.66901468757169,15.514200415733498,108.41067567973687,53.62997362509029
3649,6629,82.347816945543,1.0,28.2287600082456,89.66901468757169,15.514200415733498,108.41067567973687,53.62997362509029
1809,6637,36.50794935148436,1.0,28.2287600082456,89.66901468757169,15.514200415733498,108.41067567973687,53.62997362509029
3094,6639,54.79537123872922,1.0,28.2287600082456,89.66901468757169,15.514200415733498,108.41067567973687,53.62997362509029
3094,6640,113.52341210465862,1.0,28.2287600082456,89.66901468757169,15.514200415733498,108.41067567973687,53.62997362509029
3196,6641,100.93068360785425,1.0,28.2287600082456,89.66901468757169,15.514200415733498,108.41067567973687,53.62997362509029
3196,6642,125.2957099097597,1.0,28.2287600082456,89.66901468757169,15.514200415733498,108.41067567973687,53.62997362509029
3386,6649,73.69591520729169,1.0,28.2287600082456,89.66901468757169,15.514200415733498,108.41067567973687,53.62997362509029
3402,6651,70.39742523251971,1.0,28.2287600082456,89.66901468757169,15.514200415733498,108.41067567973687,53.62997362509029
3402,6652,128.77592167444766,1.0,28.2287600082456,89.66901468757169,15.514200415733498,108.41067567973687,53.62997362509029
4014,6669,45.31519410022021,1.0,28.2287600082456,89.66901468757169,15.514200415733498,108.41067567973687,53.62997362509029
4014,6670,124.57926745978887,1.0,28.2287600082456,89.66901468757169,15.514200415733498,108.41067567973687,53.62997362509029
3609,6673,59.66189890993719,1.0,28.2287600082456,89.66901468757169,15.514200415733498,108.41067567973687,53.62997362509029
3609,6674,91.1543258336816,1.0,28.2287600082456,89.66901468757169,15.514200415733498,108.41067567973687,53.62997362509029
3767,6677,113.26917215673221,1.0,28.2287600082456,89.66901468757169,15.514200415733498,108.41067567973687,53.62997362509029
3767,6678,131.0978600002989,1.0,28.2287600082456,89.66901468757169,15.514200415733498,108.41067567973687,53.62997362509029
4116,6679,104.35210060564648,1.0,28.2287600082456,89.66901468757169,15.514200415733498,108.41067567973687,53.62997362509029
4116,6680,131.66605669074937,1.0,28.2287600082456,89.66901468757169,15.514200415733498,108.41067567973687,53.62997362509029
4176,6681,101.06689642817949,1.0,28.2287600082456,89.66901468757169,15.514200415733498,108.41067567973687,53.62997362509029
4176,6682,103.92305699746875,1.0,28.2287600082456,89.66901468757169,15.514200415733498,108.41067567973687,53.62997362509029
4346,6687,73.26622094035935,1.0,28.2287600082456,89.66901468757169,15.514200415733498,108.41067567973687,53.62997362509029
4346,6688,85.95727166246553,1.0,28.2287600082456,89.66901468757169,15.514200415733498,108.41067567973687,53.62997362509029
3681,6691,76.58705095350656,1.0,28.2287600082456,89.66901468757169,15.514200415733498,108.41067567973687,53.62997362509029
3681,6692,135.4948522156939,1.0,28.2287600082456,89.66901468757169,15.514200415733498,108.41067567973687,53.62997362509029
2845,6693,26.080129743432828,1.0,28.2287600082456,89.66901468757169,15.514200415733498,108.41067567973687,53.62997362509029
2913,6695,80.41630432543307,1.0,28.2287600082456,89.66901468757169,15.514200415733498,108.41067567973687,53.62997362509029
2913,6696,115.85354479399945,1.0,28.2287600082456,89.66901468757169,15.514200415733498,108.41067567973687,53.62997362509029
4798,6699,86.16315163567081,1.0,28.2287600082456,89.66901468757169,15.514200415733498,108.41067567973687,53.62997362509029
4820,6703,38.254609479380804,1.0,28.2287600082456,89.66901468757169,15.514200415733498,108.41067567973687,53.62997362509029
4820,6704,88.70017948672235,1.0,28.2287600082456,89.66901468757169,15.514200415733498,108.41067567973687,53.62997362509029
2299,6707,20.253841282921517,1.0,28.2287600082456,89.66901468757169,15.514200415733498,108.41067567973687,53.62997362509029
5009,6713,85.58026308387718,1.0,28.2287600082456,89.66901468757169,15.514200415733498,108.41067567973687,53.62997362509029
3705,6715,63.60557569355849,1.0,28.2287600082456,89.66901468757169,15.514200415733498,108.41067567973687,53.62997362509029
2974,6719,69.85748897816443,1.0,28.2287600082456,89.66901468757169,15.514200415733498,108.41067567973687,53.62997362509029
2974,6720,105.96110213040399,1.0,28.2287600082456,89.66901468757169,15.514200415733498,108.41067567973687,53.62997362509029
2099,6721,62.92980387028148,1.0,28.2287600082456,89.66901468757169,15.514200415733498,108.41067567973687,53.62997362509029
2099,6722,125.9619243336058,1.0,28.2287600082456,89.66901468757169,15.514200415733498,108.41067567973687,53.62997362509029
3315,6723,88.97370962213816,1.0,28.2287600082456,89.66901468757169,15.514200415733498,108.41067567973687,53.62997362509029
3477,6725,55.55234118285294,1.0,28.2287600082456,89.66901468757169,15.514200415733498,108.41067567973687,53.62997362509029
3810,6729,74.07896992368308,1.0,28.2287600082456,89.66901468757169,15.514200415733498,108.41067567973687,53.62997362509029
3810,6730,132.10208504705315,1.0,28.2287600082456,89.66901468757169,15.514200415733498,108.41067567973687,53.62997362509029
3822,6731,88.8673775270255,1.0,28.2287600082456,89.66901468757169,15.514200415733498,108.41067567973687,53.62997362509029
3822,6732,108.61316268796742,1.0,28.2287600082456,89.66901468757169,15.514200415733498,108.41067567973687,53.62997362509029
3842,6733,92.85611399558547,1.0,28.2287600082456,89.66901468757169,15.514200415733498,108.41067567973687,53.62997362509029
3842,6734,95.5906976653773,1.0,28.2287600082456,89.66901468757169,15.514200415733498,108.41067567973687,53.62997362509029
3661,6735,24.5535610837224,1.0,28.2287600082456,89.66901468757169,15.514200415733498,108.41067567973687,53.62997362509029
3661,6736,106.6259123543603,1.0,28.2287600082456,89.66901468757169,15.514200415733498,108.41067567973687,53.62997362509029
3827,6737,64.57669586599364,1.0,28.2287600082456,89.66901468757169,15.514200415733498,108.41067567973687,53.62997362509029
3827,6738,86.7030598449242,1.0,28.2287600082456,89.66901468757169,15.514200415733498,108.41067567973687,53.62997362509029
3763,6741,114.18277188114803,1.0,28.2287600082456,89.66901468757169,15.514200415733498,108.41067567973687,53.62997362509029
3763,6742,120.94433094989401,1.0,28.2287600082456,89.66901468757169,15.514200415733498,108.41067567973687,53.62997362509029
3863,6743,128.75363427606686,1.0,28.2287600082456,89.66901468757169,15.514200415733498,108.41067567973687,53.62997362509029
3863,6744,111.54491217920658,1.0,28.2287600082456,89.66901468757169,15.514200415733498,108.41067567973687,53.62997362509029
4022,6745,79.4378809525985,1.0,28.2287600082456,89.66901468757169,15.514200415733498,108.41067567973687,53.62997362509029
4022,6746,135.34478973567064,1.0,28.2287600082456,89.66901468757169,15.514200415733498,108.41067567973687,53.62997362509029
1945,6749,95.25041578948394,1.0,28.2287600082456,89.66901468757169,15.514200415733498,108.41067567973687,53.62997362509029
1945,6750,109.73897068974952,1.0,28.2287600082456,89.66901468757169,15.514200415733498,108.41067567973687,53.62997362509029
4244,6751,84.42436665343917,1.0,28.2287600082456,89.66901468757169,15.514200415733498,108.41067567973687,53.62997362509029
4244,6752,103.33394958597091,1.0,28.2287600082456,89.66901468757169,15.514200415733498,108.41067567973687,53.62997362509029
4256,6753,2.0,1.0,28.2287600082456,89.66901468757169,15.514200415733498,108.41067567973687,53.62997362509029
4256,6754,129.5962152750559,1.0,28.2287600082456,89.66901468757169,15.514200415733498,108.41067567973687,53.62997362509029
3123,6755,96.63229844840032,1.0,28.2287600082456,89.66901468757169,15.514200415733498,108.41067567973687,53.62997362509029
3123,6756,123.88221997490946,1.0,28.2287600082456,89.66901468757169,15.514200415733498,108.41067567973687,53.62997362509029
4384,6761,20.119893787498597,1.0,28.2287600082456,89.66901468757169,15.514200415733498,108.41067567973687,53.62997362509029
4384,6762,116.2309707967969,1.0,28.2287600082456,89.66901468757169,15.514200415733498,108.41067567973687,53.62997362509029
4402,6763,57.40916080325283,1.0,28.2287600082456,89.66901468757169,15.514200415733498,108.41067567973687,53.62997362509029
4402,6764,93.30997839553036,1.0,28.2287600082456,89.66901468757169,15.514200415733498,108.41067567973687,53.62997362509029
4548,6767,101.1092853271139,1.0,28.2287600082456,89.66901468757169,15.514200415733498,108.41067567973687,53.62997362509029
4596,6771,88.1580192885577,1.0,28.2287600082456,89.66901468757169,15.514200415733498,108.41067567973687,53.62997362509029
4596,6772,50.0,1.0,28.2287600082456,89.66901468757169,15.514200415733498,108.41067567973687,53.62997362509029
4696,6775,81.38795942379181,1.0,28.2287600082456,89.66901468757169,15.514200415733498,108.41067567973687,53.62997362509029
4696,6776,115.99094119701391,1.0,28.2287600082456,89.66901468757169,15.514200415733498,108.41067567973687,53.62997362509029
4760,6777,66.9461258593941,1.0,28.2287600082456,89.66901468757169,15.514200415733498,108.41067567973687,53.62997362509029
4864,6781,109.23110734601903,1.0,28.2287600082456,89.66901468757169,15.514200415733498,108.41067567973687,53.62997362509029
4864,6782,102.94409474259474,1.0,28.2287600082456,89.66901468757169,15.514200415733498,108.41067567973687,53.62997362509029
5485,6785,8.450612601646409,1.0,28.2287600082456,89.66901468757169,15.514200415733498,108.41067567973687,53.62997362509029
5485,6786,109.4502213893617,1.0,28.2287600082456,89.66901468757169,15.514200415733498,108.41067567973687,53.62997362509029
2288,6787,57.55326008071599,1.0,28.2287600082456,89.66901468757169,15.514200415733498,108.41067567973687,53.62997362509029
2288,6788,103.65787214763058,1.0,28.2287600082456,89.66901468757169,15.514200415733498,108.41067567973687,53.62997362509029
3424,6793,59.59276834761836,1.0,28.2287600082456,89.66901468757169,15.514200415733498,108.41067567973687,53.62997362509029
3572,6795,48.81268423355932,1.0,28.2287600082456,89.66901468757169,15.514200415733498,108.41067567973687,53.62997362509029
3572,6796,130.22294118200196,1.0,28.2287600082456,89.66901468757169,15.514200415733498,108.41067567973687,53.62997362509029
3724,6801,99.18223542424002,1.0,28.2287600082456,89.66901468757169,15.514200415733498,108.41067567973687,53.62997362509029
3724,6802,110.95643116669005,1.0,28.2287600082456,89.66901468757169,15.514200415733498,108.41067567973687,53.62997362509029
3794,6803,56.27253699699488,1.0,28.2287600082456,89.66901468757169,15.514200415733498,108.41067567973687,53.62997362509029
3794,6804,113.10916795187626,1.0,28.2287600082456,89.66901468757169,15.514200415733498,108.41067567973687,53.62997362509029
1517,6805,117.27153030250942,1.0,28.2287600082456,89.66901468757169,15.514200415733498,108.41067567973687,53.62997362509029
1517,6806,88.07065385748423,1.0,28.2287600082456,89.66901468757169,15.514200415733498,108.41067567973687,53.62997362509029
3657,6807,87.91104977744195,1.0,28.2287600082456,89.66901468757169,15.514200415733498,108.41067567973687,53.62997362509029
3657,6808,126.17702015535075,1.0,28.2287600082456,89.66901468757169,15.514200415733498,108.41067567973687,53.62997362509029
3912,6810,110.66497841395885,1.0,28.2287600082456,89.66901468757169,15.514200415733498,108.41067567973687,53.62997362509029
4138,6815,88.83658468939461,1.0,28.2287600082456,89.66901468757169,15.514200415733498,108.41067567973687,53.62997362509029
4138,6816,126.86330062678786,1.0,28.2287600082456,89.66901468757169,15.514200415733498,108.41067567973687,53.62997362509029
4424,6817,79.27593797148413,1.0,28.2287600082456,89.66901468757169,15.514200415733498,108.41067567973687,53.62997362509029
4424,6818,127.33686583172943,1.0,28.2287600082456,89.66901468757169,15.514200415733498,108.41067567973687,53.62997362509029
4747,6823,106.60451710532168,1.0,28.2287600082456,89.66901468757169,15.514200415733498,108.41067567973687,53.62997362509029
4747,6824,111.18798384476148,1.0,28.2287600082456,89.66901468757169,15.514200415733498,108.41067567973687,53.62997362509029
4799,6829,73.46910230780752,1.0,28.2287600082456,89.66901468757169,15.514200415733498,108.41067567973687,53.62997362509029
4799,6830,105.98384158572746,1.0,28.2287600082456,89.66901468757169,15.514200415733498,108.41067567973687,53.62997362509029
5356,6831,66.92549456300036,1.0,28.2287600082456,89.66901468757169,15.514200415733498,108.41067567973687,53.62997362509029
5356,6832,80.66993539605203,1.0,28.2287600082456,89.66901468757169,15.514200415733498,108.41067567973687,53.62997362509029
5379,6835,47.08977080483876,1.0,28.2287600082456,89.66901468757169,15.514200415733498,108.41067567973687,53.62997362509029
3330,6843,90.01539047809584,1.0,28.2287600082456,89.66901468757169,15.514200415733498,108.41067567973687,53.62997362509029
3330,6844,78.26789565058944,1.0,28.2287600082456,89.66901468757169,15.514200415733498,108.41067567973687,53.62997362509029
3352,6845,22.802844701744554,1.0,28.2287600082456,89.66901468757169,15.514200415733498,108.41067567973687,53.62997362509029
3586,6849,88.43900571898885,1.0,28.2287600082456,89.66901468757169,15.514200415733498,108.41067567973687,53.62997362509029
3586,6850,119.46613065605537,1.0,28.2287600082456,89.66901468757169,15.514200415733498,108.41067567973687,53.62997362509029
4122,6860,91.1658749980969,1.0,28.2287600082456,89.66901468757169,15.514200415733498,108.41067567973687,53.62997362509029
4152,6861,76.2378786026489,1.0,28.2287600082456,89.66901468757169,15.514200415733498,108.41067567973687,53.62997362509029
4152,6862,123.1536126316588,1.0,28.2287600082456,89.66901468757169,15.514200415733498,108.41067567973687,53.62997362509029
4198,6863,72.66860042535208,1.0,28.2287600082456,89.66901468757169,15.514200415733498,108.41067567973687,53.62997362509029
4198,6864,80.19200068713583,1.0,28.2287600082456,89.66901468757169,15.514200415733498,108.41067567973687,53.62997362509029
3015,6867,81.39488693635775,1.0,28.2287600082456,89.66901468757169,15.514200415733498,108.41067567973687,53.62997362509029
4226,6869,44.8571860121107,1.0,28.2287600082456,89.66901468757169,15.514200415733498,108.41067567973687,53.62997362509029
4226,6870,90.13097828451153,1.0,28.2287600082456,89.66901468757169,15.514200415733498,108.41067567973687,53.62997362509029
4304,6871,67.90429332602024,1.0,28.2287600082456,89.66901468757169,15.514200415733498,108.41067567973687,53.62997362509029
4304,6872,119.39708506422446,1.0,28.2287600082456,89.66901468757169,15.514200415733498,108.41067567973687,53.62997362509029
4113,6875,45.74684825469594,1.0,28.2287600082456,89.66901468757169,15.514200415733498,108.41067567973687,53.62997362509029
4113,6876,93.37435264659801,1.0,28.2287600082456,89.66901468757169,15.514200415733498,108.41067567973687,53.62997362509029
3653,6885,66.4765473763967,1.0,28.2287600082456,89.66901468757169,15.514200415733498,108.41067567973687,53.62997362509029
3653,6886,114.00699313391782,1.0,28.2287600082456,89.66901468757169,15.514200415733498,108.41067567973687,53.62997362509029
4754,6890,122.61347733669447,1.0,28.2287600082456,89.66901468757169,15.514200415733498,108.41067567973687,53.62997362509029
3057,6891,102.90184280822058,1.0,28.2287600082456,89.66901468757169,15.514200415733498,108.41067567973687,53.62997362509029
3057,6892,96.76669362695085,1.0,28.2287600082456,89.66901468757169,15.514200415733498,108.41067567973687,53.62997362509029
2179,6897,52.367249681742706,1.0,28.2287600082456,89.66901468757169,15.514200415733498,108.41067567973687,53.62997362509029
2179,6898,52.0,1.0,28.2287600082456,89.66901468757169,15.514200415733498,108.41067567973687,53.62997362509029
5020,6899,50.24284928887157,1.0,28.2287600082456,89.66901468757169,15.514200415733498,108.41067567973687,53.62997362509029
5020,6900,128.90222412885026,1.0,28.2287600082456,89.66901468757169,15.514200415733498,108.41067567973687,53.62997362509029
5084,6903,84.66440234940917,1.0,28.2287600082456,89.66901468757169,15.514200415733498,108.41067567973687,53.62997362509029
5084,6904,114.11836777260675,1.0,28.2287600082456,89.66901468757169,15.514200415733498,108.41067567973687,53.62997362509029
2355,6905,35.76257392453557,1.0,28.2287600082456,89.66901468757169,15.514200415733498,108.41067567973687,53.62997362509029
2355,6906,94.03821026781506,1.0,28.2287600082456,89.66901468757169,15.514200415733498,108.41067567973687,53.62997362509029
5522,6911,54.536077749271065,1.0,28.2287600082456,89.66901468757169,15.514200415733498,108.41067567973687,53.62997362509029
5522,6912,131.03866558784233,1.0,28.2287600082456,89.66901468757169,15.514200415733498,108.41067567973687,53.62997362509029
3152,6919,51.30031377086487,1.0,28.2287600082456,89.66901468757169,15.514200415733498,108.41067567973687,53.62997362509029
3360,6921,57.48887202518295,1.0,28.2287600082456,89.66901468757169,15.514200415733498,108.41067567973687,53.62997362509029
1693,6923,24.038501591151583,1.0,28.2287600082456,89.66901468757169,15.514200415733498,108.41067567973687,53.62997362509029
1693,6924,120.58996355414263,1.0,28.2287600082456,89.66901468757169,15.514200415733498,108.41067567973687,53.62997362509029
3444,6925,72.58982482993167,1.0,28.2287600082456,89.66901468757169,15.514200415733498,108.41067567973687,53.62997362509029
3444,6926,118.40281950886053,1.0,28.2287600082456,89.66901468757169,15.514200415733498,108.41067567973687,53.62997362509029
2539,6927,81.22054987747106,1.0,28.2287600082456,89.66901468757169,15.514200415733498,108.41067567973687,53.62997362509029
2539,6928,68.0,1.0,28.2287600082456,89.66901468757169,15.514200415733498,108.41067567973687,53.62997362509029
3552,6929,67.46471828112891,1.0,28.2287600082456,89.66901468757169,15.514200415733498,108.41067567973687,53.62997362509029
3552,6930,120.18559212593928,1.0,28.2287600082456,89.66901468757169,15.514200415733498,108.41067567973687,53.62997362509029
3145,6931,72.94761712291304,1.0,28.2287600082456,89.66901468757169,15.514200415733498,108.41067567973687,53.62997362509029
3145,6932,108.18161428931977,1.0,28.2287600082456,89.66901468757169,15.514200415733498,108.41067567973687,53.62997362509029
2997,6933,68.73882544226288,1.0,28.2287600082456,89.66901468757169,15.514200415733498,108.41067567973687,53.62997362509029
2997,6934,108.67448662008539,1.0,28.2287600082456,89.66901468757169,15.514200415733498,108.41067567973687,53.62997362509029
1921,6953,34.29829034413634,1.0,28.2287600082456,89.66901468757169,15.514200415733498,108.41067567973687,53.62997362509029
4238,6965,25.13961778892471,1.0,28.2287600082456,89.66901468757169,15.514200415733498,108.41067567973687,53.62997362509029
4238,6966,64.0,1.0,28.2287600082456,89.66901468757169,15.514200415733498,108.41067567973687,53.62997362509029
4276,6967,56.33053927584843,1.0,28.2287600082456,89.66901468757169,15.514200415733498,108.41067567973687,53.62997362509029
4276,6968,125.1557369186852,1.0,28.2287600082456,89.66901468757169,15.514200415733498,108.41067567973687,53.62997362509029
2317,6971,95.03862315976266,1.0,28.2287600082456,89.66901468757169,15.514200415733498,108.41067567973687,53.62997362509029
2317,6972,107.41362176103088,1.0,28.2287600082456,89.66901468757169,15.514200415733498,108.41067567973687,53.62997362509029
4362,6973,95.80729142265133,1.0,28.2287600082456,89.66901468757169,15.514200415733498,108.41067567973687,53.62997362509029
4362,6974,119.35601692395949,1.0,28.2287600082456,89.66901468757169,15.514200415733498,108.41067567973687,53.62997362509029
4472,6977,90.3430706011113,1.0,28.2287600082456,89.66901468757169,15.514200415733498,108.41067567973687,53.62997362509029
4472,6978,99.40527248070919,1.0,28.2287600082456,89.66901468757169,15.514200415733498,108.41067567973687,53.62997362509029
4976,6985,108.04551552212075,1.0,28.2287600082456,89.66901468757169,15.514200415733498,108.41067567973687,53.62997362509029
4976,6986,116.46354497408458,1.0,28.2287600082456,89.66901468757169,15.514200415733498,108.41067567973687,53.62997362509029
5720,6997,32.75170233317739,1.0,28.2287600082456,89.66901468757169,15.514200415733498,108.41067567973687,53.62997362509029
5720,6998,79.6137710520983,1.0,28.2287600082456,89.66901468757169,15.514200415733498,108.41067567973687,53.62997362509029
2881,6999,53.17484908040315,1.0,28.2287600082456,89.66901468757169,15.514200415733498,108.41067567973687,53.62997362509029
2881,7000,116.67739089608258,1.0,28.2287600082456,89.66901468757169,15.514200415733498,108.41067567973687,53.62997362509029
647,7001,50.024559037214985,1.0,28.2287600082456,89.66901468757169,15.514200415733498,108.41067567973687,53.62997362509029
3338,7003,89.65797166267691,1.0,28.2287600082456,89.66901468757169,15.514200415733498,108.41067567973687,53.62997362509029
3338,7004,52.0,1.0,28.2287600082456,89.66901468757169,15.514200415733498,108.41067567973687,53.62997362509029
3508,7005,10.821335507812718,1.0,28.2287600082456,89.66901468757169,15.514200415733498,108.41067567973687,53.62997362509029
3508,7006,102.0518243248444,1.0,28.2287600082456,89.66901468757169,15.514200415733498,108.41067567973687,53.62997362509029
3830,7009,35.45149400086441,1.0,28.2287600082456,89.66901468757169,15.514200415733498,108.41067567973687,53.62997362509029
3830,7010,80.53398845384157,1.0,28.2287600082456,89.66901468757169,15.514200415733498,108.41067567973687,53.62997362509029
3013,7015,67.75413876395052,1.0,28.2287600082456,89.66901468757169,15.514200415733498,108.41067567973687,53.62997362509029
3013,7016,86.73963778079718,1.0,28.2287600082456,89.66901468757169,15.514200415733498,108.41067567973687,53.62997362509029
4290,7019,61.37976919059999,1.0,28.2287600082456,89.66901468757169,15.514200415733498,108.41067567973687,53.62997362509029
4290,7020,124.88801985120173,1.0,28.2287600082456,89.66901468757169,15.514200415733498,108.41067567973687,53.62997362509029
4580,7033,30.47909170006652,1.0,28.2287600082456,89.66901468757169,15.514200415733498,108.41067567973687,53.62997362509029
4734,7037,58.112941341096366,1.0,28.2287600082456,89.66901468757169,15.514200415733498,108.41067567973687,53.62997362509029
4734,7038,123.11302425745275,1.0,28.2287600082456,89.66901468757169,15.514200415733498,108.41067567973687,53.62997362509029
5038,7045,110.72507687096139,1.0,28.2287600082456,89.66901468757169,15.514200415733498,108.41067567973687,53.62997362509029
5038,7046,82.04889122763326,1.0,28.2287600082456,89.66901468757169,15.514200415733498,108.41067567973687,53.62997362509029
5100,7047,39.87659981816952,1.0,28.2287600082456,89.66901468757169,15.514200415733498,108.41067567973687,53.62997362509029
5201,7049,84.19749499291939,1.0,28.2287600082456,89.66901468757169,15.514200415733498,108.41067567973687,53.62997362509029
5201,7050,96.40623351625507,1.0,28.2287600082456,89.66901468757169,15.514200415733498,108.41067567973687,53.62997362509029
2615,7051,58.26322668760659,1.0,28.2287600082456,89.66901468757169,15.514200415733498,108.41067567973687,53.62997362509029
2615,7052,42.0,1.0,28.2287600082456,89.66901468757169,15.514200415733498,108.41067567973687,53.62997362509029
3590,7055,47.327967235803406,1.0,28.2287600082456,89.66901468757169,15.514200415733498,108.41067567973687,53.62997362509029
3590,7056,121.78062472706775,1.0,28.2287600082456,89.66901468757169,15.514200415733498,108.41067567973687,53.62997362509029
3852,7065,76.58258684041107,1.0,28.2287600082456,89.66901468757169,15.514200415733498,108.41067567973687,53.62997362509029
3852,7066,105.43509235461522,1.0,28.2287600082456,89.66901468757169,15.514200415733498,108.41067567973687,53.62997362509029
2479,7067,83.17278219520038,1.0,28.2287600082456,89.66901468757169,15.514200415733498,108.41067567973687,53.62997362509029
2479,7068,100.26903678770253,1.0,28.2287600082456,89.66901468757169,15.514200415733498,108.41067567973687,53.62997362509029
3896,7069,10.374705200173608,1.0,28.2287600082456,89.66901468757169,15.514200415733498,108.41067567973687,53.62997362509029
3896,7070,84.0340625393249,1.0,28.2287600082456,89.66901468757169,15.514200415733498,108.41067567973687,53.62997362509029
3922,7071,88.31025055187781,1.0,28.2287600082456,89.66901468757169,15.514200415733498,108.41067567973687,53.62997362509029
3922,7072,92.80640987978452,1.0,28.2287600082456,89.66901468757169,15.514200415733498,108.41067567973687,53.62997362509029
4082,7079,75.89123405475374,1.0,28.2287600082456,89.66901468757169,15.514200415733498,108.41067567973687,53.62997362509029
4082,7080,118.96430477532725,1.0,28.2287600082456,89.66901468757169,15.514200415733498,108.41067567973687,53.62997362509029
4348,7085,47.26830318871077,1.0,28.2287600082456,89.66901468757169,15.514200415733498,108.41067567973687,53.62997362509029
4348,7086,82.57481375745138,1.0,28.2287600082456,89.66901468757169,15.514200415733498,108.41067567973687,53.62997362509029
4360,7087,82.2830068238951,1.0,28.2287600082456,89.66901468757169,15.514200415733498,108.41067567973687,53.62997362509029
4360,7088,120.91949288417831,1.0,28.2287600082456,89.66901468757169,15.514200415733498,108.41067567973687,53.62997362509029
4394,7089,72.99018627089613,1.0,28.2287600082456,89.66901468757169,15.514200415733498,108.41067567973687,53.62997362509029
4394,7090,115.91732922503337,1.0,28.2287600082456,89.66901468757169,15.514200415733498,108.41067567973687,53.62997362509029
4414,7091,33.79992362545518,1.0,28.2287600082456,89.66901468757169,15.514200415733498,108.41067567973687,53.62997362509029
4414,7092,103.45554976939567,1.0,28.2287600082456,89.66901468757169,15.514200415733498,108.41067567973687,53.62997362509029
4524,7095,77.12263072809196,1.0,28.2287600082456,89.66901468757169,15.514200415733498,108.41067567973687,53.62997362509029
4524,7096,113.89643733832625,1.0,28.2287600082456,89.66901468757169,15.514200415733498,108.41067567973687,53.62997362509029
4554,7099,93.65282977299461,1.0,28.2287600082456,89.66901468757169,15.514200415733498,108.41067567973687,53.62997362509029
4554,7100,81.79388982942726,1.0,28.2287600082456,89.66901468757169,15.514200415733498,108.41067567973687,53.62997362509029
4852,7107,63.13321080708817,1.0,28.2287600082456,89.66901468757169,15.514200415733498,108.41067567973687,53.62997362509029
4852,7108,81.60487475320328,1.0,28.2287600082456,89.66901468757169,15.514200415733498,108.41067567973687,53.62997362509029
4867,7117,10.356123715131407,1.0,28.2287600082456,89.66901468757169,15.514200415733498,108.41067567973687,53.62997362509029
4867,7118,75.09021123005137,1.0,28.2287600082456,89.66901468757169,15.514200415733498,108.41067567973687,53.62997362509029
4885,7119,68.26265112914736,1.0,28.2287600082456,89.66901468757169,15.514200415733498,108.41067567973687,53.62997362509029
4885,7120,75.65425117133707,1.0,28.2287600082456,89.66901468757169,15.514200415733498,108.41067567973687,53.62997362509029
5210,7121,67.90363144043707,1.0,28.2287600082456,89.66901468757169,15.514200415733498,108.41067567973687,53.62997362509029
5210,7122,110.74489207483506,1.0,28.2287600082456,89.66901468757169,15.514200415733498,108.41067567973687,53.62997362509029
5292,7123,62.35639480277047,1.0,28.2287600082456,89.66901468757169,15.514200415733498,108.41067567973687,53.62997362509029
5292,7124,78.31214185490497,1.0,28.2287600082456,89.66901468757169,15.514200415733498,108.41067567973687,53.62997362509029
5650,7129,33.75779908599844,1.0,28.2287600082456,89.66901468757169,15.514200415733498,108.41067567973687,53.62997362509029
5650,7130,85.07606617551515,1.0,28.2287600082456,89.66901468757169,15.514200415733498,108.41067567973687,53.62997362509029
5679,7133,66.66673290859842,1.0,28.2287600082456,89.66901468757169,15.514200415733498,108.41067567973687,53.62997362509029
5679,7134,81.56082309565704,1.0,28.2287600082456,89.66901468757169,15.514200415733498,108.41067567973687,53.62997362509029
2862,7135,35.53212778932024,1.0,28.2287600082456,89.66901468757169,15.514200415733498,108.41067567973687,53.62997362509029
2862,7136,88.6523237951125,1.0,28.2287600082456,89.66901468757169,15.514200415733498,108.41067567973687,53.62997362509029
2029,7141,82.89667645642383,1.0,28.2287600082456,89.66901468757169,15.514200415733498,108.41067567973687,53.62997362509029
2029,7142,70.91898385692716,1.0,28.2287600082456,89.66901468757169,15.514200415733498,108.41067567973687,53.62997362509029
3337,7151,71.91765253885686,1.0,28.2287600082456,89.66901468757169,15.514200415733498,108.41067567973687,53.62997362509029
3337,7152,84.13369879665822,1.0,28.2287600082456,89.66901468757169,15.514200415733498,108.41067567973687,53.62997362509029
3055,7153,98.09298391218991,1.0,28.2287600082456,89.66901468757169,15.514200415733498,108.41067567973687,53.62997362509029
3055,7154,71.00562159299055,1.0,28.2287600082456,89.66901468757169,15.514200415733498,108.41067567973687,53.62997362509029
3097,7157,24.820122833581465,1.0,28.2287600082456,89.66901468757169,15.514200415733498,108.41067567973687,53.62997362509029
3097,7158,82.13047594662983,1.0,28.2287600082456,89.66901468757169,15.514200415733498,108.41067567973687,53.62997362509029
3363,7159,53.4195279858653,1.0,28.2287600082456,89.66901468757169,15.514200415733498,108.41067567973687,53.62997362509029
3363,7160,120.13522102467937,1.0,28.2287600082456,89.66901468757169,15.514200415733498,108.41067567973687,53.62997362509029
3964,7161,37.24998866531972,1.0,28.2287600082456,89.66901468757169,15.514200415733498,108.41067567973687,53.62997362509029
3964,7162,70.03023752323655,1.0,28.2287600082456,89.66901468757169,15.514200415733498,108.41067567973687,53.62997362509029
3990,7163,90.20635843353946,1.0,28.2287600082456,89.66901468757169,15.514200415733498,108.41067567973687,53.62997362509029
3990,7164,75.01866886933475,1.0,28.2287600082456,89.66901468757169,15.514200415733498,108.41067567973687,53.62997362509029
3147,7165,92.1120814954324,1.0,28.2287600082456,89.66901468757169,15.514200415733498,108.41067567973687,53.62997362509029
3147,7166,115.62920957239561,1.0,28.2287600082456,89.66901468757169,15.514200415733498,108.41067567973687,53.62997362509029
3221,7169,81.67091404499266,1.0,28.2287600082456,89.66901468757169,15.514200415733498,108.41067567973687,53.62997362509029
3221,7170,95.19874113909388,1.0,28.2287600082456,89.66901468757169,15.514200415733498,108.41067567973687,53.62997362509029
4196,7175,80.27905987013717,1.0,28.2287600082456,89.66901468757169,15.514200415733498,108.41067567973687,53.62997362509029
4196,7176,76.91010698840734,1.0,28.2287600082456,89.66901468757169,15.514200415733498,108.41067567973687,53.62997362509029
3803,7183,45.095848578807605,1.0,28.2287600082456,89.66901468757169,15.514200415733498,108.41067567973687,53.62997362509029
3803,7184,96.30381986421042,1.0,28.2287600082456,89.66901468757169,15.514200415733498,108.41067567973687,53.62997362509029
4105,7191,87.29098016989168,1.0,28.2287600082456,89.66901468757169,15.514200415733498,108.41067567973687,53.62997362509029
4105,7192,98.27400548825216,1.0,28.2287600082456,89.66901468757169,15.514200415733498,108.41067567973687,53.62997362509029
4782,7193,112.30432064725551,1.0,28.2287600082456,89.66901468757169,15.514200415733498,108.41067567973687,53.62997362509029
4782,7194,98.60054369013437,1.0,28.2287600082456,89.66901468757169,15.514200415733498,108.41067567973687,53.62997362509029
1381,7201,34.143529295105026,1.0,28.2287600082456,89.66901468757169,15.514200415733498,108.41067567973687,53.62997362509029
1381,7202,74.98099739305492,1.0,28.2287600082456,89.66901468757169,15.514200415733498,108.41067567973687,53.62997362509029
4962,7203,30.87193991864899,1.0,28.2287600082456,89.66901468757169,15.514200415733498,108.41067567973687,53.62997362509029
4962,7204,122.58938846753787,1.0,28.2287600082456,89.66901468757169,15.514200415733498,108.41067567973687,53.62997362509029
3973,7205,69.01636465166091,1.0,28.2287600082456,89.66901468757169,15.514200415733498,108.41067567973687,53.62997362509029
3973,7206,75.27962207546675,1.0,28.2287600082456,89.66901468757169,15.514200415733498,108.41067567973687,53.62997362509029
3921,7207,61.645378064844984,1.0,28.2287600082456,89.66901468757169,15.514200415733498,108.41067567973687,53.62997362509029
3921,7208,78.23816991155122,1.0,28.2287600082456,89.66901468757169,15.514200415733498,108.41067567973687,53.62997362509029
5055,7211,77.76962143606205,1.0,28.2287600082456,89.66901468757169,15.514200415733498,108.41067567973687,53.62997362509029
5055,7212,121.54939588760405,1.0,28.2287600082456,89.66901468757169,15.514200415733498,108.41067567973687,53.62997362509029
3629,7213,98.9693518283674,1.0,28.2287600082456,89.66901468757169,15.514200415733498,108.41067567973687,53.62997362509029
2861,7217,26.631420087345543,1.0,28.2287600082456,89.66901468757169,15.514200415733498,108.41067567973687,53.62997362509029
2861,7218,109.82637704663074,1.0,28.2287600082456,89.66901468757169,15.514200415733498,108.41067567973687,53.62997362509029
3716,7235,93.34069228003122,1.0,28.2287600082456,89.66901468757169,15.514200415733498,108.41067567973687,53.62997362509029
3716,7236,91.97994709774736,1.0,28.2287600082456,89.66901468757169,15.514200415733498,108.41067567973687,53.62997362509029
2889,7241,88.26115465241787,1.0,28.2287600082456,89.66901468757169,15.514200415733498,108.41067567973687,53.62997362509029
2889,7242,96.05851170003551,1.0,28.2287600082456,89.66901468757169,15.514200415733498,108.41067567973687,53.62997362509029
3868,7249,83.29900613071344,1.0,28.2287600082456,89.66901468757169,15.514200415733498,108.41067567973687,53.62997362509029
3447,7251,40.97618788859072,1.0,28.2287600082456,89.66901468757169,15.514200415733498,108.41067567973687,53.62997362509029
4072,7255,68.22006887707427,1.0,28.2287600082456,89.66901468757169,15.514200415733498,108.41067567973687,53.62997362509029
4072,7256,89.18952711348891,1.0,28.2287600082456,89.66901468757169,15.514200415733498,108.41067567973687,53.62997362509029
4092,7257,82.41400224604264,1.0,28.2287600082456,89.66901468757169,15.514200415733498,108.41067567973687,53.62997362509029
2151,7259,49.70541538111634,1.0,28.2287600082456,89.66901468757169,15.514200415733498,108.41067567973687,53.62997362509029
2151,7260,90.6849202635267,1.0,28.2287600082456,89.66901468757169,15.514200415733498,108.41067567973687,53.62997362509029
4466,7269,47.703286234477694,1.0,28.2287600082456,89.66901468757169,15.514200415733498,108.41067567973687,53.62997362509029
4466,7270,108.79304624740257,1.0,28.2287600082456,89.66901468757169,15.514200415733498,108.41067567973687,53.62997362509029
4468,7271,80.43562186825898,1.0,28.2287600082456,89.66901468757169,15.514200415733498,108.41067567973687,53.62997362509029
4468,7272,100.64691858045694,1.0,28.2287600082456,89.66901468757169,15.514200415733498,108.41067567973687,53.62997362509029
4536,7277,40.98739757737516,1.0,28.2287600082456,89.66901468757169,15.514200415733498,108.41067567973687,53.62997362509029
4536,7278,88.32348154138558,1.0,28.2287600082456,89.66901468757169,15.514200415733498,108.41067567973687,53.62997362509029
4592,7283,69.19034330241168,1.0,28.2287600082456,89.66901468757169,15.514200415733498,108.41067567973687,53.62997362509029
4592,7284,92.02101679414494,1.0,28.2287600082456,89.66901468757169,15.514200415733498,108.41067567973687,53.62997362509029
4676,7285,53.815664806919855,1.0,28.2287600082456,89.66901468757169,15.514200415733498,108.41067567973687,53.62997362509029
4676,7286,68.71382187889964,1.0,28.2287600082456,89.66901468757169,15.514200415733498,108.41067567973687,53.62997362509029
3245,7287,74.7235386671864,1.0,28.2287600082456,89.66901468757169,15.514200415733498,108.41067567973687,53.62997362509029
3245,7288,112.51951033711029,1.0,28.2287600082456,89.66901468757169,15.514200415733498,108.41067567973687,53.62997362509029
4559,7291,93.72385399757633,1.0,28.2287600082456,89.66901468757169,15.514200415733498,108.41067567973687,53.62997362509029
4559,7292,119.48871406771991,1.0,28.2287600082456,89.66901468757169,15.514200415733498,108.41067567973687,53.62997362509029
2487,7293,25.516672623747734,1.0,28.2287600082456,89.66901468757169,15.514200415733498,108.41067567973687,53.62997362509029
2487,7294,80.10105382882114,1.0,28.2287600082456,89.66901468757169,15.514200415733498,108.41067567973687,53.62997362509029
5572,7297,67.89337854715072,1.0,28.2287600082456,89.66901468757169,15.514200415733498,108.41067567973687,53.62997362509029
5572,7298,105.05428472889571,1.0,28.2287600082456,89.66901468757169,15.514200415733498,108.41067567973687,53.62997362509029
5796,7299,76.61004554594717,1.0,28.2287600082456,89.66901468757169,15.514200415733498,108.41067567973687,53.62997362509029
5796,7300,108.9809758305343,1.0,28.2287600082456,89.66901468757169,15.514200415733498,108.41067567973687,53.62997362509029
5916,7301,37.49396736494025,1.0,28.2287600082456,89.66901468757169,15.514200415733498,108.41067567973687,53.62997362509029
5916,7302,113.8808506744611,1.0,28.2287600082456,89.66901468757169,15.514200415733498,108.41067567973687,53.62997362509029
3002,7305,71.86817069669124,1.0,28.2287600082456,89.66901468757169,15.514200415733498,108.41067567973687,53.62997362509029
3002,7306,109.51449134576643,1.0,28.2287600082456,89.66901468757169,15.514200415733498,108.41067567973687,53.62997362509029
4232,7321,48.971037859335375,1.0,28.2287600082456,89.66901468757169,15.514200415733498,108.41067567973687,53.62997362509029
4232,7322,78.32793145959566,1.0,28.2287600082456,89.66901468757169,15.514200415733498,108.41067567973687,53.62997362509029
4282,7323,70.65022414666294,1.0,28.2287600082456,89.66901468757169,15.514200415733498,108.41067567973687,53.62997362509029
4282,7324,111.93791501714796,1.0,28.2287600082456,89.66901468757169,15.514200415733498,108.41067567973687,53.62997362509029
1669,7325,63.00826072640889,1.0,28.2287600082456,89.66901468757169,15.514200415733498,108.41067567973687,53.62997362509029
1669,7326,101.24003433233548,1.0,28.2287600082456,89.66901468757169,15.514200415733498,108.41067567973687,53.62997362509029
4718,7329,38.23924363698328,1.0,28.2287600082456,89.66901468757169,15.514200415733498,108.41067567973687,53.62997362509029
3537,7331,77.88212586772406,1.0,28.2287600082456,89.66901468757169,15.514200415733498,108.41067567973687,53.62997362509029
3537,7332,95.78573905348466,1.0,28.2287600082456,89.66901468757169,15.514200415733498,108.41067567973687,53.62997362509029
4878,7333,60.94245222675327,1.0,28.2287600082456,89.66901468757169,15.514200415733498,108.41067567973687,53.62997362509029
4878,7334,92.50146951747647,1.0,28.2287600082456,89.66901468757169,15.514200415733498,108.41067567973687,53.62997362509029
2779,7337,42.62176900789457,1.0,28.2287600082456,89.66901468757169,15.514200415733498,108.41067567973687,53.62997362509029
2779,7338,114.64141010904213,1.0,28.2287600082456,89.66901468757169,15.514200415733498,108.41067567973687,53.62997362509029
4915,7339,54.41960599660814,1.0,28.2287600082456,89.66901468757169,15.514200415733498,108.41067567973687,53.62997362509029
4915,7340,110.77828772007419,1.0,28.2287600082456,89.66901468757169,15.514200415733498,108.41067567973687,53.62997362509029
4817,7341,7.953962106438032,1.0,28.2287600082456,89.66901468757169,15.514200415733498,108.41067567973687,53.62997362509029
4817,7342,68.20475181700378,1.0,28.2287600082456,89.66901468757169,15.514200415733498,108.41067567973687,53.62997362509029
5308,7345,35.60271516511515,1.0,28.2287600082456,89.66901468757169,15.514200415733498,108.41067567973687,53.62997362509029
5308,7346,89.65806808632641,1.0,28.2287600082456,89.66901468757169,15.514200415733498,108.41067567973687,53.62997362509029
5408,7351,64.07044069328562,1.0,28.2287600082456,89.66901468757169,15.514200415733498,108.41067567973687,53.62997362509029
5408,7352,75.9193191733054,1.0,28.2287600082456,89.66901468757169,15.514200415733498,108.41067567973687,53.62997362509029
5548,7355,92.1423002447653,1.0,28.2287600082456,89.66901468757169,15.514200415733498,108.41067567973687,53.62997362509029
5548,7356,79.13882262660701,1.0,28.2287600082456,89.66901468757169,15.514200415733498,108.41067567973687,53.62997362509029
2918,7365,70.90279664769122,1.0,28.2287600082456,89.66901468757169,15.514200415733498,108.41067567973687,53.62997362509029
2918,7366,71.32490942585862,1.0,28.2287600082456,89.66901468757169,15.514200415733498,108.41067567973687,53.62997362509029
3648,7369,2.659561924901913,1.0,28.2287600082456,89.66901468757169,15.514200415733498,108.41067567973687,53.62997362509029
3648,7370,110.56481685758257,1.0,28.2287600082456,89.66901468757169,15.514200415733498,108.41067567973687,53.62997362509029
2017,7371,60.117457732913145,1.0,28.2287600082456,89.66901468757169,15.514200415733498,108.41067567973687,53.62997362509029
2017,7372,103.88870882198225,1.0,28.2287600082456,89.66901468757169,15.514200415733498,108.41067567973687,53.62997362509029
2329,7375,95.98459363955371,1.0,28.2287600082456,89.66901468757169,15.514200415733498,108.41067567973687,53.62997362509029
2329,7376,90.28751809061963,1.0,28.2287600082456,89.66901468757169,15.514200415733498,108.41067567973687,53.62997362509029
3699,7379,21.486281201960637,1.0,28.2287600082456,89.66901468757169,15.514200415733498,108.41067567973687,53.62997362509029
3699,7380,104.49832356095618,1.0,28.2287600082456,89.66901468757169,15.514200415733498,108.41067567973687,53.62997362509029
2699,7397,59.7096019283109,1.0,28.2287600082456,89.66901468757169,15.514200415733498,108.41067567973687,53.62997362509029
2699,7398,95.25765764091894,1.0,28.2287600082456,89.66901468757169,15.514200415733498,108.41067567973687,53.62997362509029
4632,7400,85.0063744555808,1.0,28.2287600082456,89.66901468757169,15.514200415733498,108.41067567973687,53.62997362509029
4652,7401,41.39262750570414,1.0,28.2287600082456,89.66901468757169,15.514200415733498,108.41067567973687,53.62997362509029
4652,7402,70.41106903715496,1.0,28.2287600082456,89.66901468757169,15.514200415733498,108.41067567973687,53.62997362509029
4702,7403,83.34917239039804,1.0,28.2287600082456,89.66901468757169,15.514200415733498,108.41067567973687,53.62997362509029
4702,7404,83.87507795037496,1.0,28.2287600082456,89.66901468757169,15.514200415733498,108.41067567973687,53.62997362509029
4041,7405,58.68591995158936,1.0,28.2287600082456,89.66901468757169,15.514200415733498,108.41067567973687,53.62997362509029
4041,7406,76.3955423868169,1.0,28.2287600082456,89.66901468757169,15.514200415733498,108.41067567973687,53.62997362509029
3357,7415,35.61015167724966,1.0,28.2287600082456,89.66901468757169,15.514200415733498,108.41067567973687,53.62997362509029
3357,7416,95.49658585492116,1.0,28.2287600082456,89.66901468757169,15.514200415733498,108.41067567973687,53.62997362509029
5436,7421,56.576660754312584,1.0,28.2287600082456,89.66901468757169,15.514200415733498,108.41067567973687,53.62997362509029
5436,7422,116.25499062368047,1.0,28.2287600082456,89.66901468757169,15.514200415733498,108.41067567973687,53.62997362509029
3130,7431,70.04398463377859,1.0,28.2287600082456,89.66901468757169,15.514200415733498,108.41067567973687,53.62997362509029
3130,7432,38.0,1.0,28.2287600082456,89.66901468757169,15.514200415733498,108.41067567973687,53.62997362509029
2929,7439,81.78543674514333,1.0,28.2287600082456,89.66901468757169,15.514200415733498,108.41067567973687,53.62997362509029
2929,7440,94.81289545656287,1.0,28.2287600082456,89.66901468757169,15.514200415733498,108.41067567973687,53.62997362509029
3511,7441,72.67076237362159,1.0,28.2287600082456,89.66901468757169,15.514200415733498,108.41067567973687,53.62997362509029
3511,7442,71.33748871269191,1.0,28.2287600082456,89.66901468757169,15.514200415733498,108.41067567973687,53.62997362509029
3844,7443,80.79711932819339,1.0,28.2287600082456,89.66901468757169,15.514200415733498,108.41067567973687,53.62997362509029
3844,7444,98.34553925335652,1.0,28.2287600082456,89.66901468757169,15.514200415733498,108.41067567973687,53.62997362509029
4062,7449,14.02144850083514,1.0,28.2287600082456,89.66901468757169,15.514200415733498,108.41067567973687,53.62997362509029
4062,7450,108.71355207721655,1.0,28.2287600082456,89.66901468757169,15.514200415733498,108.41067567973687,53.62997362509029
4158,7451,28.64563209571591,1.0,28.2287600082456,89.66901468757169,15.514200415733498,108.41067567973687,53.62997362509029
4158,7452,78.35378489706997,1.0,28.2287600082456,89.66901468757169,15.514200415733498,108.41067567973687,53.62997362509029
4308,7453,78.03058131491487,1.0,28.2287600082456,89.66901468757169,15.514200415733498,108.41067567973687,53.62997362509029
4308,7454,110.79109829609183,1.0,28.2287600082456,89.66901468757169,15.514200415733498,108.41067567973687,53.62997362509029
4354,7457,67.11388882974366,1.0,28.2287600082456,89.66901468757169,15.514200415733498,108.41067567973687,53.62997362509029
4354,7458,65.62806602866227,1.0,28.2287600082456,89.66901468757169,15.514200415733498,108.41067567973687,53.62997362509029
1919,7467,65.82124436584976,1.0,28.2287600082456,89.66901468757169,15.514200415733498,108.41067567973687,53.62997362509029
1919,7468,74.11365061807192,1.0,28.2287600082456,89.66901468757169,15.514200415733498,108.41067567973687,53.62997362509029
3271,7469,58.26432755810273,1.0,28.2287600082456,89.66901468757169,15.514200415733498,108.41067567973687,53.62997362509029
3271,7470,106.69993692729741,1.0,28.2287600082456,89.66901468757169,15.514200415733498,108.41067567973687,53.62997362509029
4534,7471,68.61639411685702,1.0,28.2287600082456,89.66901468757169,15.514200415733498,108.41067567973687,53.62997362509029
4534,7472,97.74213293954872,1.0,28.2287600082456,89.66901468757169,15.514200415733498,108.41067567973687,53.62997362509029
2789,7473,27.608050731619496,1.0,28.2287600082456,89.66901468757169,15.514200415733498,108.41067567973687,53.62997362509029
2789,7474,63.206739972757525,1.0,28.2287600082456,89.66901468757169,15.514200415733498,108.41067567973687,53.62997362509029
3211,7483,57.95735858144427,1.0,28.2287600082456,89.66901468757169,15.514200415733498,108.41067567973687,53.62997362509029
3211,7484,71.6957869370909,1.0,28.2287600082456,89.66901468757169,15.514200415733498,108.41067567973687,53.62997362509029
3445,7487,20.599633146824157,1.0,28.2287600082456,89.66901468757169,15.514200415733498,108.41067567973687,53.62997362509029
3445,7488,101.63415331936915,1.0,28.2287600082456,89.66901468757169,15.514200415733498,108.41067567973687,53.62997362509029
5053,7489,36.82657958415021,1.0,28.2287600082456,89.66901468757169,15.514200415733498,108.41067567973687,53.62997362509029
5053,7490,62.43633362040456,1.0,28.2287600082456,89.66901468757169,15.514200415733498,108.41067567973687,53.62997362509029
4909,7499,72.96533280642643,1.0,28.2287600082456,89.66901468757169,15.514200415733498,108.41067567973687,53.62997362509029
4909,7500,83.34446099664672,1.0,28.2287600082456,89.66901468757169,15.514200415733498,108.41067567973687,53.62997362509029
3267,7503,57.869893199712905,1.0,28.2287600082456,89.66901468757169,15.514200415733498,108.41067567973687,53.62997362509029
3267,7504,93.5282560978035,1.0,28.2287600082456,89.66901468757169,15.514200415733498,108.41067567973687,53.62997362509029
6753,7505,55.74532618695001,1.0,28.2287600082456,89.66901468757169,15.514200415733498,108.41067567973687,53.62997362509029
6753,7506,99.43793040577913,1.0,28.2287600082456,89.66901468757169,15.514200415733498,108.41067567973687,53.62997362509029
3284,7507,63.01299423973123,1.0,28.2287600082456,89.66901468757169,15.514200415733498,108.41067567973687,53.62997362509029
3284,7508,78.39351562567018,1.0,28.2287600082456,89.66901468757169,15.514200415733498,108.41067567973687,53.62997362509029
3463,7513,63.50025199986301,1.0,28.2287600082456,89.66901468757169,15.514200415733498,108.41067567973687,53.62997362509029
3463,7514,83.23961168511163,1.0,28.2287600082456,89.66901468757169,15.514200415733498,108.41067567973687,53.62997362509029
3690,7517,17.475704507399946,1.0,28.2287600082456,89.66901468757169,15.514200415733498,108.41067567973687,53.62997362509029
3690,7518,99.97625897883444,1.0,28.2287600082456,89.66901468757169,15.514200415733498,108.41067567973687,53.62997362509029
4064,7521,49.66818906263321,1.0,28.2287600082456,89.66901468757169,15.514200415733498,108.41067567973687,53.62997362509029
4064,7522,70.44663979806387,1.0,28.2287600082456,89.66901468757169,15.514200415733498,108.41067567973687,53.62997362509029
1063,7529,77.35927092510559,1.0,28.2287600082456,89.66901468757169,15.514200415733498,108.41067567973687,53.62997362509029
1063,7530,112.21207346575142,1.0,28.2287600082456,89.66901468757169,15.514200415733498,108.41067567973687,53.62997362509029
4490,7540,106.97134152233046,1.0,28.2287600082456,89.66901468757169,15.514200415733498,108.41067567973687,53.62997362509029
4690,7541,10.938230024741088,1.0,28.2287600082456,89.66901468757169,15.514200415733498,108.41067567973687,53.62997362509029
4690,7542,65.79160310585604,1.0,28.2287600082456,89.66901468757169,15.514200415733498,108.41067567973687,53.62997362509029
4828,7547,62.50986070682233,1.0,28.2287600082456,89.66901468757169,15.514200415733498,108.41067567973687,53.62997362509029
4828,7548,97.24163257143263,1.0,28.2287600082456,89.66901468757169,15.514200415733498,108.41067567973687,53.62997362509029
1785,7555,104.0919700832828,1.0,28.2287600082456,89.66901468757169,15.514200415733498,108.41067567973687,53.62997362509029
1785,7556,84.12356070877462,1.0,28.2287600082456,89.66901468757169,15.514200415733498,108.41067567973687,53.62997362509029
4929,7557,101.7144561827021,1.0,28.2287600082456,89.66901468757169,15.514200415733498,108.41067567973687,53.62997362509029
4929,7558,89.93504835968933,1.0,28.2287600082456,89.66901468757169,15.514200415733498,108.41067567973687,53.62997362509029
4757,7559,94.9479915917228,1.0,28.2287600082456,89.66901468757169,15.514200415733498,108.41067567973687,53.62997362509029
4757,7560,101.46340674902733,1.0,28.2287600082456,89.66901468757169,15.514200415733498,108.41067567973687,53.62997362509029
3157,7561,50.88224423688381,1.0,28.2287600082456,89.66901468757169,15.514200415733498,108.41067567973687,53.62997362509029
3157,7562,101.49905400009226,1.0,28.2287600082456,89.66901468757169,15.514200415733498,108.41067567973687,53.62997362509029
4565,7563,62.03409595688324,1.0,28.2287600082456,89.66901468757169,15.514200415733498,108.41067567973687,53.62997362509029
4565,7564,85.9479478662431,1.0,28.2287600082456,89.66901468757169,15.514200415733498,108.41067567973687,53.62997362509029
2801,7571,76.500781955874,1.0,28.2287600082456,89.66901468757169,15.514200415733498,108.41067567973687,53.62997362509029
2801,7572,106.5538214838491,1.0,28.2287600082456,89.66901468757169,15.514200415733498,108.41067567973687,53.62997362509029
3154,7579,31.457962479311234,1.0,28.2287600082456,89.66901468757169,15.514200415733498,108.41067567973687,53.62997362509029
3204,7581,70.80964104720917,1.0,28.2287600082456,89.66901468757169,15.514200415733498,108.41067567973687,53.62997362509029
3204,7582,62.29419813183539,1.0,28.2287600082456,89.66901468757169,15.514200415733498,108.41067567973687,53.62997362509029
3466,7584,79.6729469728805,1.0,28.2287600082456,89.66901468757169,15.514200415733498,108.41067567973687,53.62997362509029
3568,7589,38.63976461592376,1.0,28.2287600082456,89.66901468757169,15.514200415733498,108.41067567973687,53.62997362509029
3568,7590,63.18231412323857,1.0,28.2287600082456,89.66901468757169,15.514200415733498,108.41067567973687,53.62997362509029
3617,7593,35.76683401916216,1.0,28.2287600082456,89.66901468757169,15.514200415733498,108.41067567973687,53.62997362509029
3617,7594,105.83916920949696,1.0,28.2287600082456,89.66901468757169,15.514200415733498,108.41067567973687,53.62997362509029
3471,7599,10.830714925567184,1.0,28.2287600082456,89.66901468757169,15.514200415733498,108.41067567973687,53.62997362509029
3471,7600,108.68054058824733,1.0,28.2287600082456,89.66901468757169,15.514200415733498,108.41067567973687,53.62997362509029
4147,7605,78.28144041978766,1.0,28.2287600082456,89.66901468757169,15.514200415733498,108.41067567973687,53.62997362509029
4147,7606,93.37466953700479,1.0,28.2287600082456,89.66901468757169,15.514200415733498,108.41067567973687,53.62997362509029
4390,7611,34.38828317721971,1.0,28.2287600082456,89.66901468757169,15.514200415733498,108.41067567973687,53.62997362509029
4390,7612,91.79057455811902,1.0,28.2287600082456,89.66901468757169,15.514200415733498,108.41067567973687,53.62997362509029
4409,7623,15.440670365324783,1.0,28.2287600082456,89.66901468757169,15.514200415733498,108.41067567973687,53.62997362509029
4409,7624,110.1071803625644,1.0,28.2287600082456,89.66901468757169,15.514200415733498,108.41067567973687,53.62997362509029
4620,7627,82.61124048145498,1.0,28.2287600082456,89.66901468757169,15.514200415733498,108.41067567973687,53.62997362509029
4620,7628,68.80465764253067,1.0,28.2287600082456,89.66901468757169,15.514200415733498,108.41067567973687,53.62997362509029
4770,7635,81.0696654229939,1.0,28.2287600082456,89.66901468757169,15.514200415733498,108.41067567973687,53.62997362509029
4770,7636,99.15742650165612,1.0,28.2287600082456,89.66901468757169,15.514200415733498,108.41067567973687,53.62997362509029
4804,7637,53.07411859134933,1.0,28.2287600082456,89.66901468757169,15.514200415733498,108.41067567973687,53.62997362509029
4804,7638,84.65671012861993,1.0,28.2287600082456,89.66901468757169,15.514200415733498,108.41067567973687,53.62997362509029
4017,7643,17.537865705597703,1.0,28.2287600082456,89.66901468757169,15.514200415733498,108.41067567973687,53.62997362509029
4017,7644,102.86888506470794,1.0,28.2287600082456,89.66901468757169,15.514200415733498,108.41067567973687,53.62997362509029
4917,7655,15.698086405897724,1.0,28.2287600082456,89.66901468757169,15.514200415733498,108.41067567973687,53.62997362509029
4917,7656,90.64615971035909,1.0,28.2287600082456,89.66901468757169,15.514200415733498,108.41067567973687,53.62997362509029
5163,7657,59.17162666315101,1.0,28.2287600082456,89.66901468757169,15.514200415733498,108.41067567973687,53.62997362509029
5163,7658,87.31420458426459,1.0,28.2287600082456,89.66901468757169,15.514200415733498,108.41067567973687,53.62997362509029
5714,7663,31.790639790944088,1.0,28.2287600082456,89.66901468757169,15.514200415733498,108.41067567973687,53.62997362509029
5714,7664,96.87214950277452,1.0,28.2287600082456,89.66901468757169,15.514200415733498,108.41067567973687,53.62997362509029
2895,7667,85.96790269482932,1.0,28.2287600082456,89.66901468757169,15.514200415733498,108.41067567973687,53.62997362509029
2895,7668,77.85780668454387,1.0,28.2287600082456,89.66901468757169,15.514200415733498,108.41067567973687,53.62997362509029
3762,7671,41.5132514119785,1.0,28.2287600082456,89.66901468757169,15.514200415733498,108.41067567973687,53.62997362509029
4372,7675,73.48217528785588,1.0,28.2287600082456,89.66901468757169,15.514200415733498,108.41067567973687,53.62997362509029
4372,7676,65.98831535062898,1.0,28.2287600082456,89.66901468757169,15.514200415733498,108.41067567973687,53.62997362509029
4606,7679,68.27101065783475,1.0,28.2287600082456,89.66901468757169,15.514200415733498,108.41067567973687,53.62997362509029
4606,7680,103.27003467974384,1.0,28.2287600082456,89.66901468757169,15.514200415733498,108.41067567973687,53.62997362509029
4764,7689,27.5336529195179,1.0,28.2287600082456,89.66901468757169,15.514200415733498,108.41067567973687,53.62997362509029
4764,7690,94.26828446163935,1.0,28.2287600082456,89.66901468757169,15.514200415733498,108.41067567973687,53.62997362509029
1217,7691,29.69360543543767,1.0,28.2287600082456,89.66901468757169,15.514200415733498,108.41067567973687,53.62997362509029
4031,7695,51.31031298318322,1.0,28.2287600082456,89.66901468757169,15.514200415733498,108.41067567973687,53.62997362509029
4031,7696,100.95527066221061,1.0,28.2287600082456,89.66901468757169,15.514200415733498,108.41067567973687,53.62997362509029
4866,7697,59.60245451113092,1.0,28.2287600082456,89.66901468757169,15.514200415733498,108.41067567973687,53.62997362509029
5496,7721,28.307865015451714,1.0,28.2287600082456,89.66901468757169,15.514200415733498,108.41067567973687,53.62997362509029
5496,7722,77.24117616291619,1.0,28.2287600082456,89.66901468757169,15.514200415733498,108.41067567973687,53.62997362509029
6024,7725,63.82492610221027,1.0,28.2287600082456,89.66901468757169,15.514200415733498,108.41067567973687,53.62997362509029
6024,7726,87.18850150680171,1.0,28.2287600082456,89.66901468757169,15.514200415733498,108.41067567973687,53.62997362509029
2983,7733,48.26832604857231,1.0,28.2287600082456,89.66901468757169,15.514200415733498,108.41067567973687,53.62997362509029
2983,7734,63.06367876880462,1.0,28.2287600082456,89.66901468757169,15.514200415733498,108.41067567973687,53.62997362509029
2971,7735,56.60912984643687,1.0,28.2287600082456,89.66901468757169,15.514200415733498,108.41067567973687,53.62997362509029
2971,7736,73.20277678928977,1.0,28.2287600082456,89.66901468757169,15.514200415733498,108.41067567973687,53.62997362509029
3567,7737,47.63419402092993,1.0,28.2287600082456,89.66901468757169,15.514200415733498,108.41067567973687,53.62997362509029
3567,7738,100.76078090383845,1.0,28.2287600082456,89.66901468757169,15.514200415733498,108.41067567973687,53.62997362509029
4026,7739,61.66941815071523,1.0,28.2287600082456,89.66901468757169,15.514200415733498,108.41067567973687,53.62997362509029
4026,7740,73.31096592224377,1.0,28.2287600082456,89.66901468757169,15.514200415733498,108.41067567973687,53.62997362509029
4318,7749,31.06530201244602,1.0,28.2287600082456,89.66901468757169,15.514200415733498,108.41067567973687,53.62997362509029
4318,7750,93.19853793482213,1.0,28.2287600082456,89.66901468757169,15.514200415733498,108.41067567973687,53.62997362509029
4410,7751,37.45627796277713,1.0,28.2287600082456,89.66901468757169,15.514200415733498,108.41067567973687,53.62997362509029
4410,7752,105.96287067251004,1.0,28.2287600082456,89.66901468757169,15.514200415733498,108.41067567973687,53.62997362509029
2061,7757,46.16942876011525,1.0,28.2287600082456,89.66901468757169,15.514200415733498,108.41067567973687,53.62997362509029
2061,7758,54.440976248875586,1.0,28.2287600082456,89.66901468757169,15.514200415733498,108.41067567973687,53.62997362509029
4744,7763,66.03108394992569,1.0,28.2287600082456,89.66901468757169,15.514200415733498,108.41067567973687,53.62997362509029
4744,7764,90.39053513292592,1.0,28.2287600082456,89.66901468757169,15.514200415733498,108.41067567973687,53.62997362509029
4826,7767,79.6605346615905,1.0,28.2287600082456,89.66901468757169,15.514200415733498,108.41067567973687,53.62997362509029
4826,7768,64.24257220698321,1.0,28.2287600082456,89.66901468757169,15.514200415733498,108.41067567973687,53.62997362509029
4998,7775,67.31058892811907,1.0,28.2287600082456,89.66901468757169,15.514200415733498,108.41067567973687,53.62997362509029
4998,7776,80.98284016212524,1.0,28.2287600082456,89.66901468757169,15.514200415733498,108.41067567973687,53.62997362509029
5192,7777,65.63203843324938,1.0,28.2287600082456,89.66901468757169,15.514200415733498,108.41067567973687,53.62997362509029
5192,7778,70.55970647757907,1.0,28.2287600082456,89.66901468757169,15.514200415733498,108.41067567973687,53.62997362509029
4871,7779,54.76083382189606,1.0,28.2287600082456,89.66901468757169,15.514200415733498,108.41067567973687,53.62997362509029
4739,7783,45.82117459251286,1.0,28.2287600082456,89.66901468757169,15.514200415733498,108.41067567973687,53.62997362509029
4739,7784,104.71507787444403,1.0,28.2287600082456,89.66901468757169,15.514200415733498,108.41067567973687,53.62997362509029
5534,7785,59.90201987427316,1.0,28.2287600082456,89.66901468757169,15.514200415733498,108.41067567973687,53.62997362509029
5534,7786,86.83548700646364,1.0,28.2287600082456,89.66901468757169,15.514200415733498,108.41067567973687,53.62997362509029
5546,7787,59.09027185566447,1.0,28.2287600082456,89.66901468757169,15.514200415733498,108.41067567973687,53.62997362509029
5546,7788,97.14624053404685,1.0,28.2287600082456,89.66901468757169,15.514200415733498,108.41067567973687,53.62997362509029
5584,7791,21.1808082348724,1.0,28.2287600082456,89.66901468757169,15.514200415733498,108.41067567973687,53.62997362509029
5584,7792,105.62391443708893,1.0,28.2287600082456,89.66901468757169,15.514200415733498,108.41067567973687,53.62997362509029
5626,7793,91.20286851601469,1.0,28.2287600082456,89.66901468757169,15.514200415733498,108.41067567973687,53.62997362509029
5626,7794,60.231430584534515,1.0,28.2287600082456,89.66901468757169,15.514200415733498,108.41067567973687,53.62997362509029
3573,7795,81.06894369124826,1.0,28.2287600082456,89.66901468757169,15.514200415733498,108.41067567973687,53.62997362509029
3573,7796,76.9665156293031,1.0,28.2287600082456,89.66901468757169,15.514200415733498,108.41067567973687,53.62997362509029
4059,7797,78.95499724914055,1.0,28.2287600082456,89.66901468757169,15.514200415733498,108.41067567973687,53.62997362509029
4059,7798,87.91148706358051,1.0,28.2287600082456,89.66901468757169,15.514200415733498,108.41067567973687,53.62997362509029
6093,7801,65.90448487549816,1.0,28.2287600082456,89.66901468757169,15.514200415733498,108.41067567973687,53.62997362509029
6093,7802,103.05280344763528,1.0,28.2287600082456,89.66901468757169,15.514200415733498,108.41067567973687,53.62997362509029
3722,7805,52.05251397585903,1.0,28.2287600082456,89.66901468757169,15.514200415733498,108.41067567973687,53.62997362509029
3722,7806,75.29106784855185,1.0,28.2287600082456,89.66901468757169,15.514200415733498,108.41067567973687,53.62997362509029
3802,7807,36.0,1.0,28.2287600082456,89.66901468757169,15.514200415733498,108.41067567973687,53.62997362509029
3802,7808,89.78207655666657,1.0,28.2287600082456,89.66901468757169,15.514200415733498,108.41067567973687,53.62997362509029
2581,7811,53.97255557761549,1.0,28.2287600082456,89.66901468757169,15.514200415733498,108.41067567973687,53.62997362509029
2581,7812,56.42050631524914,1.0,28.2287600082456,89.66901468757169,15.514200415733498,108.41067567973687,53.62997362509029
4110,7813,68.51300042727438,1.0,28.2287600082456,89.66901468757169,15.514200415733498,108.41067567973687,53.62997362509029
4110,7814,104.11697920326455,1.0,28.2287600082456,89.66901468757169,15.514200415733498,108.41067567973687,53.62997362509029
4081,7815,63.07883482099527,1.0,28.2287600082456,89.66901468757169,15.514200415733498,108.41067567973687,53.62997362509029
4081,7816,78.06374265100087,1.0,28.2287600082456,89.66901468757169,15.514200415733498,108.41067567973687,53.62997362509029
3889,7819,63.664190845195826,1.0,28.2287600082456,89.66901468757169,15.514200415733498,108.41067567973687,53.62997362509029
3889,7820,98.47237639987696,1.0,28.2287600082456,89.66901468757169,15.514200415733498,108.41067567973687,53.62997362509029
4668,7823,66.89889273905878,1.0,28.2287600082456,89.66901468757169,15.514200415733498,108.41067567973687,53.62997362509029
4668,7824,69.18350760992429,1.0,28.2287600082456,89.66901468757169,15.514200415733498,108.41067567973687,53.62997362509029
4688,7825,93.43445008673615,1.0,28.2287600082456,89.66901468757169,15.514200415733498,108.41067567973687,53.62997362509029
4688,7826,72.14699712560453,1.0,28.2287600082456,89.66901468757169,15.514200415733498,108.41067567973687,53.62997362509029
5122,7837,42.33562221720724,1.0,28.2287600082456,89.66901468757169,15.514200415733498,108.41067567973687,53.62997362509029
5122,7838,70.41712286535542,1.0,28.2287600082456,89.66901468757169,15.514200415733498,108.41067567973687,53.62997362509029
5212,7841,28.05593241276617,1.0,28.2287600082456,89.66901468757169,15.514200415733498,108.41067567973687,53.62997362509029
5212,7842,83.61020202702942,1.0,28.2287600082456,89.66901468757169,15.514200415733498,108.41067567973687,53.62997362509029
5304,7845,21.463375890615765,1.0,28.2287600082456,89.66901468757169,15.514200415733498,108.41067567973687,53.62997362509029
5304,7846,66.51941222754283,1.0,28.2287600082456,89.66901468757169,15.514200415733498,108.41067567973687,53.62997362509029
5639,7853,44.864934519507,1.0,28.2287600082456,89.66901468757169,15.514200415733498,108.41067567973687,53.62997362509029
5639,7854,69.02732771705993,1.0,28.2287600082456,89.66901468757169,15.514200415733498,108.41067567973687,53.62997362509029
4044,7861,80.50111912352355,1.0,28.2287600082456,89.66901468757169,15.514200415733498,108.41067567973687,53.62997362509029
4044,7862,79.18641543268572,1.0,28.2287600082456,89.66901468757169,15.514200415733498,108.41067567973687,53.62997362509029
4343,7867,19.98553892661692,1.0,28.2287600082456,89.66901468757169,15.514200415733498,108.41067567973687,53.62997362509029
4343,7868,72.8826026111528,1.0,28.2287600082456,89.66901468757169,15.514200415733498,108.41067567973687,53.62997362509029
4954,7883,68.64568851499558,1.0,28.2287600082456,89.66901468757169,15.514200415733498,108.41067567973687,53.62997362509029
4954,7884,84.77880516055481,1.0,28.2287600082456,89.66901468757169,15.514200415733498,108.41067567973687,53.62997362509029
3415,7887,55.673601568111685,1.0,28.2287600082456,89.66901468757169,15.514200415733498,108.41067567973687,53.62997362509029
5454,7899,59.34151510844562,1.0,28.2287600082456,89.66901468757169,15.514200415733498,108.41067567973687,53.62997362509029
5454,7900,58.05614623956344,1.0,28.2287600082456,89.66901468757169,15.514200415733498,108.41067567973687,53.62997362509029
5774,7909,54.49106622261569,1.0,28.2287600082456,89.66901468757169,15.514200415733498,108.41067567973687,53.62997362509029
5774,7910,97.66633911139697,1.0,28.2287600082456,89.66901468757169,15.514200415733498,108.41067567973687,53.62997362509029
5914,7913,82.2336742529979,1.0,28.2287600082456,89.66901468757169,15.514200415733498,108.41067567973687,53.62997362509029
5914,7914,65.53117705449424,1.0,28.2287600082456,89.66901468757169,15.514200415733498,108.41067567973687,53.62997362509029
3396,7925,50.85078276566762,1.0,28.2287600082456,89.66901468757169,15.514200415733498,108.41067567973687,53.62997362509029
3396,7926,54.88568874850535,1.0,28.2287600082456,89.66901468757169,15.514200415733498,108.41067567973687,53.62997362509029
3422,7927,67.1682428214672,1.0,28.2287600082456,89.66901468757169,15.514200415733498,108.41067567973687,53.62997362509029
3422,7928,63.75069462584882,1.0,28.2287600082456,89.66901468757169,15.514200415733498,108.41067567973687,53.62997362509029
1663,7929,97.2365022210275,1.0,28.2287600082456,89.66901468757169,15.514200415733498,108.41067567973687,53.62997362509029
1663,7930,90.95843794529371,1.0,28.2287600082456,89.66901468757169,15.514200415733498,108.41067567973687,53.62997362509029
3866,7931,92.2267908627647,1.0,28.2287600082456,89.66901468757169,15.514200415733498,108.41067567973687,53.62997362509029
3866,7932,55.24217715897257,1.0,28.2287600082456,89.66901468757169,15.514200415733498,108.41067567973687,53.62997362509029
4148,7935,66.20358138280808,1.0,28.2287600082456,89.66901468757169,15.514200415733498,108.41067567973687,53.62997362509029
4148,7936,96.87647937723239,1.0,28.2287600082456,89.66901468757169,15.514200415733498,108.41067567973687,53.62997362509029
2267,7937,62.71988218672897,1.0,28.2287600082456,89.66901468757169,15.514200415733498,108.41067567973687,53.62997362509029
4678,7951,35.27585656207967,1.0,28.2287600082456,89.66901468757169,15.514200415733498,108.41067567973687,53.62997362509029
4678,7952,85.77941579706496,1.0,28.2287600082456,89.66901468757169,15.514200415733498,108.41067567973687,53.62997362509029
4091,7955,18.429276355323566,1.0,28.2287600082456,89.66901468757169,15.514200415733498,108.41067567973687,53.62997362509029
4091,7956,64.06033419018209,1.0,28.2287600082456,89.66901468757169,15.514200415733498,108.41067567973687,53.62997362509029
4850,7957,85.45509110339333,1.0,28.2287600082456,89.66901468757169,15.514200415733498,108.41067567973687,53.62997362509029
4850,7958,69.7227712234976,1.0,28.2287600082456,89.66901468757169,15.514200415733498,108.41067567973687,53.62997362509029
4888,7959,62.972315229787526,1.0,28.2287600082456,89.66901468757169,15.514200415733498,108.41067567973687,53.62997362509029
4888,7960,70.0761338079328,1.0,28.2287600082456,89.66901468757169,15.514200415733498,108.41067567973687,53.62997362509029
4141,7961,28.080954668258624,1.0,28.2287600082456,89.66901468757169,15.514200415733498,108.41067567973687,53.62997362509029
4141,7962,62.80216206259135,1.0,28.2287600082456,89.66901468757169,15.514200415733498,108.41067567973687,53.62997362509029
4974,7963,44.923103862327864,1.0,28.2287600082456,89.66901468757169,15.514200415733498,108.41067567973687,53.62997362509029
4974,7964,91.48170757386097,1.0,28.2287600082456,89.66901468757169,15.514200415733498,108.41067567973687,53.62997362509029
3557,7971,71.14931368031765,1.0,28.2287600082456,89.66901468757169,15.514200415733498,108.41067567973687,53.62997362509029
3557,7972,74.43371871624016,1.0,28.2287600082456,89.66901468757169,15.514200415733498,108.41067567973687,53.62997362509029
4649,7975,58.6698453097195,1.0,28.2287600082456,89.66901468757169,15.514200415733498,108.41067567973687,53.62997362509029
4649,7976,90.74835033089636,1.0,28.2287600082456,89.66901468757169,15.514200415733498,108.41067567973687,53.62997362509029
5168,7977,68.93935724812565,1.0,28.2287600082456,89.66901468757169,15.514200415733498,108.41067567973687,53.62997362509029
5168,7978,91.4194221698013,1.0,28.2287600082456,89.66901468757169,15.514200415733498,108.41067567973687,53.62997362509029
3957,7979,87.74079791538102,1.0,28.2287600082456,89.66901468757169,15.514200415733498,108.41067567973687,53.62997362509029
3957,7980,76.24846428624592,1.0,28.2287600082456,89.66901468757169,15.514200415733498,108.41067567973687,53.62997362509029
4653,7981,81.34338380127025,1.0,28.2287600082456,89.66901468757169,15.514200415733498,108.41067567973687,53.62997362509029
4653,7982,89.41936382683198,1.0,28.2287600082456,89.66901468757169,15.514200415733498,108.41067567973687,53.62997362509029
5266,7983,80.98724783725818,1.0,28.2287600082456,89.66901468757169,15.514200415733498,108.41067567973687,53.62997362509029
5266,7984,56.05173495732995,1.0,28.2287600082456,89.66901468757169,15.514200415733498,108.41067567973687,53.62997362509029
5592,7987,61.38088080834474,1.0,28.2287600082456,89.66901468757169,15.514200415733498,108.41067567973687,53.62997362509029
5592,7988,49.12988217563938,1.0,28.2287600082456,89.66901468757169,15.514200415733498,108.41067567973687,53.62997362509029
3333,7989,46.26229862776364,1.0,28.2287600082456,89.66901468757169,15.514200415733498,108.41067567973687,53.62997362509029
3333,7990,74.29630117204015,1.0,28.2287600082456,89.66901468757169,15.514200415733498,108.41067567973687,53.62997362509029
5690,7991,68.12732161968441,1.0,28.2287600082456,89.66901468757169,15.514200415733498,108.41067567973687,53.62997362509029
5690,7992,85.10514075177747,1.0,28.2287600082456,89.66901468757169,15.514200415733498,108.41067567973687,53.62997362509029
3895,7999,54.16400380350905,1.0,28.2287600082456,89.66901468757169,15.514200415733498,108.41067567973687,53.62997362509029
3895,8000,49.97946936229611,1.0,28.2287600082456,89.66901468757169,15.514200415733498,108.41067567973687,53.62997362509029
4294,8009,32.430280125466396,1.0,28.2287600082456,89.66901468757169,15.514200415733498,108.41067567973687,53.62997362509029
4294,8010,87.75724430803584,1.0,28.2287600082456,89.66901468757169,15.514200415733498,108.41067567973687,53.62997362509029
4714,8023,31.327975412012567,1.0,28.2287600082456,89.66901468757169,15.514200415733498,108.41067567973687,53.62997362509029
4714,8024,67.29739642959204,1.0,28.2287600082456,89.66901468757169,15.514200415733498,108.41067567973687,53.62997362509029
4315,8053,35.26891218741807,1.0,28.2287600082456,89.66901468757169,15.514200415733498,108.41067567973687,53.62997362509029
4315,8054,95.35760748038685,1.0,28.2287600082456,89.66901468757169,15.514200415733498,108.41067567973687,53.62997362509029
4543,8055,30.31961741038483,1.0,28.2287600082456,89.66901468757169,15.514200415733498,108.41067567973687,53.62997362509029
4543,8056,81.9716150421242,1.0,28.2287600082456,89.66901468757169,15.514200415733498,108.41067567973687,53.62997362509029
4084,8085,79.85297473736075,1.0,28.2287600082456,89.66901468757169,15.514200415733498,108.41067567973687,53.62997362509029
4084,8086,50.06284611585521,1.0,28.2287600082456,89.66901468757169,15.514200415733498,108.41067567973687,53.62997362509029
4222,8087,33.47000659917923,1.0,28.2287600082456,89.66901468757169,15.514200415733498,108.41067567973687,53.62997362509029
4222,8088,72.04433124700334,1.0,28.2287600082456,89.66901468757169,15.514200415733498,108.41067567973687,53.62997362509029
4107,8091,57.85979359024409,1.0,28.2287600082456,89.66901468757169,15.514200415733498,108.41067567973687,53.62997362509029
4107,8092,48.02988403390326,1.0,28.2287600082456,89.66901468757169,15.514200415733498,108.41067567973687,53.62997362509029
1805,8115,18.102699402184292,1.0,28.2287600082456,89.66901468757169,15.514200415733498,108.41067567973687,53.62997362509029
1805,8116,89.63265315088987,1.0,28.2287600082456,89.66901468757169,15.514200415733498,108.41067567973687,53.62997362509029
5274,8121,50.12543690094104,1.0,28.2287600082456,89.66901468757169,15.514200415733498,108.41067567973687,53.62997362509029
5274,8122,70.91384976582962,1.0,28.2287600082456,89.66901468757169,15.514200415733498,108.41067567973687,53.62997362509029
3965,8125,68.6562009135747,1.0,28.2287600082456,89.66901468757169,15.514200415733498,108.41067567973687,53.62997362509029
3965,8126,45.26648219153393,1.0,28.2287600082456,89.66901468757169,15.514200415733498,108.41067567973687,53.62997362509029
5446,8129,8.665957029507833,1.0,28.2287600082456,89.66901468757169,15.514200415733498,108.41067567973687,53.62997362509029
5446,8130,85.86905850643257,1.0,28.2287600082456,89.66901468757169,15.514200415733498,108.41067567973687,53.62997362509029
921,8131,44.09535380204619,1.0,28.2287600082456,89.66901468757169,15.514200415733498,108.41067567973687,53.62997362509029
5542,8139,35.0925677220358,1.0,28.2287600082456,89.66901468757169,15.514200415733498,108.41067567973687,53.62997362509029
2623,8141,46.96982426438439,1.0,28.2287600082456,89.66901468757169,15.514200415733498,108.41067567973687,53.62997362509029
2623,8142,65.64564265352331,1.0,28.2287600082456,89.66901468757169,15.514200415733498,108.41067567973687,53.62997362509029
5628,8147,38.68067611744097,1.0,28.2287600082456,89.66901468757169,15.514200415733498,108.41067567973687,53.62997362509029
5628,8148,51.11600789841799,1.0,28.2287600082456,89.66901468757169,15.514200415733498,108.41067567973687,53.62997362509029
5972,8157,90.74302819795523,1.0,28.2287600082456,89.66901468757169,15.514200415733498,108.41067567973687,53.62997362509029
5972,8158,96.58518032558682,1.0,28.2287600082456,89.66901468757169,15.514200415733498,108.41067567973687,53.62997362509029
4875,8161,71.35772312766127,1.0,28.2287600082456,89.66901468757169,15.514200415733498,108.41067567973687,53.62997362509029
4875,8162,67.7883692081197,1.0,28.2287600082456,89.66901468757169,15.514200415733498,108.41067567973687,53.62997362509029
6184,8163,43.18703041197393,1.0,28.2287600082456,89.66901468757169,15.514200415733498,108.41067567973687,53.62997362509029
6184,8164,75.12891681720095,1.0,28.2287600082456,89.66901468757169,15.514200415733498,108.41067567973687,53.62997362509029
6236,8165,5.317886920176692,1.0,28.2287600082456,89.66901468757169,15.514200415733498,108.41067567973687,53.62997362509029
6236,8166,83.41814530790288,1.0,28.2287600082456,89.66901468757169,15.514200415733498,108.41067567973687,53.62997362509029
6382,8167,27.675604791033415,1.0,28.2287600082456,89.66901468757169,15.514200415733498,108.41067567973687,53.62997362509029
6382,8168,95.39463067666031,1.0,28.2287600082456,89.66901468757169,15.514200415733498,108.41067567973687,53.62997362509029
3850,8173,71.5204682818636,1.0,28.2287600082456,89.66901468757169,15.514200415733498,108.41067567973687,53.62997362509029
3850,8174,76.86264667244285,1.0,28.2287600082456,89.66901468757169,15.514200415733498,108.41067567973687,53.62997362509029
3351,8175,54.74202426720184,1.0,28.2287600082456,89.66901468757169,15.514200415733498,108.41067567973687,53.62997362509029
3351,8176,50.28239742871636,1.0,28.2287600082456,89.66901468757169,15.514200415733498,108.41067567973687,53.62997362509029
2543,8177,58.51999823228509,1.0,28.2287600082456,89.66901468757169,15.514200415733498,108.41067567973687,53.62997362509029
2543,8178,90.44689242962127,1.0,28.2287600082456,89.66901468757169,15.514200415733498,108.41067567973687,53.62997362509029
4449,8195,43.29080528223679,1.0,28.2287600082456,89.66901468757169,15.514200415733498,108.41067567973687,53.62997362509029
4449,8196,90.30075785380325,1.0,28.2287600082456,89.66901468757169,15.514200415733498,108.41067567973687,53.62997362509029
4860,8201,43.932935364186235,1.0,28.2287600082456,89.66901468757169,15.514200415733498,108.41067567973687,53.62997362509029
4860,8202,44.3230901236218,1.0,28.2287600082456,89.66901468757169,15.514200415733498,108.41067567973687,53.62997362509029
4013,8213,43.512428293963566,1.0,28.2287600082456,89.66901468757169,15.514200415733498,108.41067567973687,53.62997362509029
4013,8214,62.08325396353271,1.0,28.2287600082456,89.66901468757169,15.514200415733498,108.41067567973687,53.62997362509029
5090,8215,91.47525930833922,1.0,28.2287600082456,89.66901468757169,15.514200415733498,108.41067567973687,53.62997362509029
5090,8216,85.07736248122741,1.0,28.2287600082456,89.66901468757169,15.514200415733498,108.41067567973687,53.62997362509029
2835,8217,47.56641272864937,1.0,28.2287600082456,89.66901468757169,15.514200415733498,108.41067567973687,53.62997362509029
5332,8225,55.49841388859578,1.0,28.2287600082456,89.66901468757169,15.514200415733498,108.41067567973687,53.62997362509029
5332,8226,47.42095552538923,1.0,28.2287600082456,89.66901468757169,15.514200415733498,108.41067567973687,53.62997362509029
5474,8231,37.355956605257646,1.0,28.2287600082456,89.66901468757169,15.514200415733498,108.41067567973687,53.62997362509029
5474,8232,75.94369622067472,1.0,28.2287600082456,89.66901468757169,15.514200415733498,108.41067567973687,53.62997362509029
5077,8233,24.89445236322503,1.0,28.2287600082456,89.66901468757169,15.514200415733498,108.41067567973687,53.62997362509029
5077,8234,75.91977232678374,1.0,28.2287600082456,89.66901468757169,15.514200415733498,108.41067567973687,53.62997362509029
5562,8237,45.36598118164329,1.0,28.2287600082456,89.66901468757169,15.514200415733498,108.41067567973687,53.62997362509029
5562,8238,77.77825332496201,1.0,28.2287600082456,89.66901468757169,15.514200415733498,108.41067567973687,53.62997362509029
5676,8241,50.62455868997241,1.0,28.2287600082456,89.66901468757169,15.514200415733498,108.41067567973687,53.62997362509029
5676,8242,75.45100417950754,1.0,28.2287600082456,89.66901468757169,15.514200415733498,108.41067567973687,53.62997362509029
6380,8251,42.937721730422055,1.0,28.2287600082456,89.66901468757169,15.514200415733498,108.41067567973687,53.62997362509029
6380,8252,45.01524480766832,1.0,28.2287600082456,89.66901468757169,15.514200415733498,108.41067567973687,53.62997362509029
4434,8271,56.04079668643601,1.0,28.2287600082456,89.66901468757169,15.514200415733498,108.41067567973687,53.62997362509029
4434,8272,54.69567808653947,1.0,28.2287600082456,89.66901468757169,15.514200415733498,108.41067567973687,53.62997362509029
4538,8275,43.145577716894316,1.0,28.2287600082456,89.66901468757169,15.514200415733498,108.41067567973687,53.62997362509029
4538,8276,85.71080589767362,1.0,28.2287600082456,89.66901468757169,15.514200415733498,108.41067567973687,53.62997362509029
4898,8293,53.765520721650425,1.0,28.2287600082456,89.66901468757169,15.514200415733498,108.41067567973687,53.62997362509029
4898,8294,43.533987164583465,1.0,28.2287600082456,89.66901468757169,15.514200415733498,108.41067567973687,53.62997362509029
3613,8297,20.20607386436735,1.0,28.2287600082456,89.66901468757169,15.514200415733498,108.41067567973687,53.62997362509029
3613,8298,85.8347343032323,1.0,28.2287600082456,89.66901468757169,15.514200415733498,108.41067567973687,53.62997362509029
4908,8299,57.82622847212973,1.0,28.2287600082456,89.66901468757169,15.514200415733498,108.41067567973687,53.62997362509029
3901,8305,58.36790543348887,1.0,28.2287600082456,89.66901468757169,15.514200415733498,108.41067567973687,53.62997362509029
3901,8306,66.00620471297155,1.0,28.2287600082456,89.66901468757169,15.514200415733498,108.41067567973687,53.62997362509029
5254,8307,21.16158652843141,1.0,28.2287600082456,89.66901468757169,15.514200415733498,108.41067567973687,53.62997362509029
5254,8308,66.59137758408528,1.0,28.2287600082456,89.66901468757169,15.514200415733498,108.41067567973687,53.62997362509029
5498,8317,17.51497533282222,1.0,28.2287600082456,89.66901468757169,15.514200415733498,108.41067567973687,53.62997362509029
5498,8318,70.70154242883798,1.0,28.2287600082456,89.66901468757169,15.514200415733498,108.41067567973687,53.62997362509029
5622,8321,22.651473100650144,1.0,28.2287600082456,89.66901468757169,15.514200415733498,108.41067567973687,53.62997362509029
5622,8322,79.323310121889,1.0,28.2287600082456,89.66901468757169,15.514200415733498,108.41067567973687,53.62997362509029
4741,8323,36.071931448299694,1.0,28.2287600082456,89.66901468757169,15.514200415733498,108.41067567973687,53.62997362509029
4741,8324,62.056762330907006,1.0,28.2287600082456,89.66901468757169,15.514200415733498,108.41067567973687,53.62997362509029
5780,8325,54.466732926706904,1.0,28.2287600082456,89.66901468757169,15.514200415733498,108.41067567973687,53.62997362509029
5780,8326,53.60680833994006,1.0,28.2287600082456,89.66901468757169,15.514200415733498,108.41067567973687,53.62997362509029
4521,8329,66.19806451250074,1.0,28.2287600082456,89.66901468757169,15.514200415733498,108.41067567973687,53.62997362509029
4521,8330,76.94944300548525,1.0,28.2287600082456,89.66901468757169,15.514200415733498,108.41067567973687,53.62997362509029
5913,8331,68.31005679482772,1.0,28.2287600082456,89.66901468757169,15.514200415733498,108.41067567973687,53.62997362509029
5913,8332,82.51281599483116,1.0,28.2287600082456,89.66901468757169,15.514200415733498,108.41067567973687,53.62997362509029
6230,8333,40.045676519581534,1.0,28.2287600082456,89.66901468757169,15.514200415733498,108.41067567973687,53.62997362509029
6230,8334,84.14888394539338,1.0,28.2287600082456,89.66901468757169,15.514200415733498,108.41067567973687,53.62997362509029
8180,8339,68.67102983048741,1.0,28.2287600082456,89.66901468757169,15.514200415733498,108.41067567973687,53.62997362509029
8180,8340,45.938636440808025,1.0,28.2287600082456,89.66901468757169,15.514200415733498,108.41067567973687,53.62997362509029
4519,8351,63.76489928804654,1.0,28.2287600082456,89.66901468757169,15.514200415733498,108.41067567973687,53.62997362509029
4519,8352,70.64869730357594,1.0,28.2287600082456,89.66901468757169,15.514200415733498,108.41067567973687,53.62997362509029
5028,8353,73.50362402007781,1.0,28.2287600082456,89.66901468757169,15.514200415733498,108.41067567973687,53.62997362509029
5028,8354,68.19552486863307,1.0,28.2287600082456,89.66901468757169,15.514200415733498,108.41067567973687,53.62997362509029
5040,8355,43.72682041833555,1.0,28.2287600082456,89.66901468757169,15.514200415733498,108.41067567973687,53.62997362509029
5040,8356,66.07303036593949,1.0,28.2287600082456,89.66901468757169,15.514200415733498,108.41067567973687,53.62997362509029
4429,8357,83.66015307179237,1.0,28.2287600082456,89.66901468757169,15.514200415733498,108.41067567973687,53.62997362509029
4429,8358,57.2165908337309,1.0,28.2287600082456,89.66901468757169,15.514200415733498,108.41067567973687,53.62997362509029
2731,8359,43.026675160928235,1.0,28.2287600082456,89.66901468757169,15.514200415733498,108.41067567973687,53.62997362509029
2731,8360,43.71869605069916,1.0,28.2287600082456,89.66901468757169,15.514200415733498,108.41067567973687,53.62997362509029
5268,8363,69.67666423788606,1.0,28.2287600082456,89.66901468757169,15.514200415733498,108.41067567973687,53.62997362509029
5268,8364,81.65057501664353,1.0,28.2287600082456,89.66901468757169,15.514200415733498,108.41067567973687,53.62997362509029
5306,8365,18.743059722359213,1.0,28.2287600082456,89.66901468757169,15.514200415733498,108.41067567973687,53.62997362509029
5306,8366,88.17437214251419,1.0,28.2287600082456,89.66901468757169,15.514200415733498,108.41067567973687,53.62997362509029
5334,8367,34.22605694790639,1.0,28.2287600082456,89.66901468757169,15.514200415733498,108.41067567973687,53.62997362509029
5334,8368,73.94399009082254,1.0,28.2287600082456,89.66901468757169,15.514200415733498,108.41067567973687,53.62997362509029
3909,8369,39.056463874840844,1.0,28.2287600082456,89.66901468757169,15.514200415733498,108.41067567973687,53.62997362509029
3909,8370,82.16302695439809,1.0,28.2287600082456,89.66901468757169,15.514200415733498,108.41067567973687,53.62997362509029
5968,8381,24.25579618080813,1.0,28.2287600082456,89.66901468757169,15.514200415733498,108.41067567973687,53.62997362509029
5968,8382,64.91534023203513,1.0,28.2287600082456,89.66901468757169,15.514200415733498,108.41067567973687,53.62997362509029
6404,8385,63.89276857635802,1.0,28.2287600082456,89.66901468757169,15.514200415733498,108.41067567973687,53.62997362509029
6404,8386,76.97690561207978,1.0,28.2287600082456,89.66901468757169,15.514200415733498,108.41067567973687,53.62997362509029
6494,8387,57.202859741628984,1.0,28.2287600082456,89.66901468757169,15.514200415733498,108.41067567973687,53.62997362509029
6494,8388,74.41241571854229,1.0,28.2287600082456,89.66901468757169,15.514200415733498,108.41067567973687,53.62997362509029
3674,8395,55.687811268296855,1.0,28.2287600082456,89.66901468757169,15.514200415733498,108.41067567973687,53.62997362509029
3674,8396,40.891067098918626,1.0,28.2287600082456,89.66901468757169,15.514200415733498,108.41067567973687,53.62997362509029
1977,8397,31.121198681538612,1.0,28.2287600082456,89.66901468757169,15.514200415733498,108.41067567973687,53.62997362509029
1977,8398,78.75638713246876,1.0,28.2287600082456,89.66901468757169,15.514200415733498,108.41067567973687,53.62997362509029
4006,8401,66.04794312502332,1.0,28.2287600082456,89.66901468757169,15.514200415733498,108.41067567973687,53.62997362509029
4006,8402,50.49198732263438,1.0,28.2287600082456,89.66901468757169,15.514200415733498,108.41067567973687,53.62997362509029
4326,8407,65.92164799769714,1.0,28.2287600082456,89.66901468757169,15.514200415733498,108.41067567973687,53.62997362509029
4326,8408,88.08428995418421,1.0,28.2287600082456,89.66901468757169,15.514200415733498,108.41067567973687,53.62997362509029
2909,8409,88.53966529496577,1.0,28.2287600082456,89.66901468757169,15.514200415733498,108.41067567973687,53.62997362509029
2909,8410,55.41096076409192,1.0,28.2287600082456,89.66901468757169,15.514200415733498,108.41067567973687,53.62997362509029
4856,8425,41.48699948645523,1.0,28.2287600082456,89.66901468757169,15.514200415733498,108.41067567973687,53.62997362509029
4856,8426,79.93660064778857,1.0,28.2287600082456,89.66901468757169,15.514200415733498,108.41067567973687,53.62997362509029
5064,8439,44.64675031724981,1.0,28.2287600082456,89.66901468757169,15.514200415733498,108.41067567973687,53.62997362509029
5064,8440,40.49136437077367,1.0,28.2287600082456,89.66901468757169,15.514200415733498,108.41067567973687,53.62997362509029
5218,8449,29.48904363278636,1.0,28.2287600082456,89.66901468757169,15.514200415733498,108.41067567973687,53.62997362509029
5218,8450,74.45806058966464,1.0,28.2287600082456,89.66901468757169,15.514200415733498,108.41067567973687,53.62997362509029
4939,8451,69.01925895908289,1.0,28.2287600082456,89.66901468757169,15.514200415733498,108.41067567973687,53.62997362509029
4939,8452,40.43194337398459,1.0,28.2287600082456,89.66901468757169,15.514200415733498,108.41067567973687,53.62997362509029
5147,8453,16.749128336889697,1.0,28.2287600082456,89.66901468757169,15.514200415733498,108.41067567973687,53.62997362509029
5147,8454,83.29923436522463,1.0,28.2287600082456,89.66901468757169,15.514200415733498,108.41067567973687,53.62997362509029
5480,8465,69.40291686550648,1.0,28.2287600082456,89.66901468757169,15.514200415733498,108.41067567973687,53.62997362509029
5480,8466,60.10678026187018,1.0,28.2287600082456,89.66901468757169,15.514200415733498,108.41067567973687,53.62997362509029
5482,8467,45.70291890183023,1.0,28.2287600082456,89.66901468757169,15.514200415733498,108.41067567973687,53.62997362509029
5482,8468,80.76075429190047,1.0,28.2287600082456,89.66901468757169,15.514200415733498,108.41067567973687,53.62997362509029
5484,8469,47.369865239328604,1.0,28.2287600082456,89.66901468757169,15.514200415733498,108.41067567973687,53.62997362509029
5484,8470,86.18523007342696,1.0,28.2287600082456,89.66901468757169,15.514200415733498,108.41067567973687,53.62997362509029
5508,8471,19.253877688674034,1.0,28.2287600082456,89.66901468757169,15.514200415733498,108.41067567973687,53.62997362509029
5508,8472,74.57487671893828,1.0,28.2287600082456,89.66901468757169,15.514200415733498,108.41067567973687,53.62997362509029
3303,8475,66.50194431416477,1.0,28.2287600082456,89.66901468757169,15.514200415733498,108.41067567973687,53.62997362509029
3303,8476,82.62380070647274,1.0,28.2287600082456,89.66901468757169,15.514200415733498,108.41067567973687,53.62997362509029
6304,8481,58.90073899008009,1.0,28.2287600082456,89.66901468757169,15.514200415733498,108.41067567973687,53.62997362509029
6304,8482,81.34779057386278,1.0,28.2287600082456,89.66901468757169,15.514200415733498,108.41067567973687,53.62997362509029
4439,8483,79.82081589238226,1.0,28.2287600082456,89.66901468757169,15.514200415733498,108.41067567973687,53.62997362509029
4439,8484,48.09780578385166,1.0,28.2287600082456,89.66901468757169,15.514200415733498,108.41067567973687,53.62997362509029
4855,8485,55.960360222700004,1.0,28.2287600082456,89.66901468757169,15.514200415733498,108.41067567973687,53.62997362509029
4855,8486,47.98599936799599,1.0,28.2287600082456,89.66901468757169,15.514200415733498,108.41067567973687,53.62997362509029
3173,8503,13.695126088689552,1.0,28.2287600082456,89.66901468757169,15.514200415733498,108.41067567973687,53.62997362509029
3173,8504,73.50374886362245,1.0,28.2287600082456,89.66901468757169,15.514200415733498,108.41067567973687,53.62997362509029
4758,8511,61.41710232394546,1.0,28.2287600082456,89.66901468757169,15.514200415733498,108.41067567973687,53.62997362509029
4758,8512,63.755383071291476,1.0,28.2287600082456,89.66901468757169,15.514200415733498,108.41067567973687,53.62997362509029
1751,8527,36.02605520850623,1.0,28.2287600082456,89.66901468757169,15.514200415733498,108.41067567973687,53.62997362509029
1751,8528,55.79339393106329,1.0,28.2287600082456,89.66901468757169,15.514200415733498,108.41067567973687,53.62997362509029
3469,8535,78.48227152051203,1.0,28.2287600082456,89.66901468757169,15.514200415733498,108.41067567973687,53.62997362509029
3469,8536,65.1930576465461,1.0,28.2287600082456,89.66901468757169,15.514200415733498,108.41067567973687,53.62997362509029
5406,8539,47.850085903317165,1.0,28.2287600082456,89.66901468757169,15.514200415733498,108.41067567973687,53.62997362509029
5456,8543,42.42261306010612,1.0,28.2287600082456,89.66901468757169,15.514200415733498,108.41067567973687,53.62997362509029
5456,8544,46.19345064002579,1.0,28.2287600082456,89.66901468757169,15.514200415733498,108.41067567973687,53.62997362509029
5516,8545,69.95819893888233,1.0,28.2287600082456,89.66901468757169,15.514200415733498,108.41067567973687,53.62997362509029
5516,8546,41.18387786177529,1.0,28.2287600082456,89.66901468757169,15.514200415733498,108.41067567973687,53.62997362509029
5754,8549,82.16423201609794,1.0,28.2287600082456,89.66901468757169,15.514200415733498,108.41067567973687,53.62997362509029
5754,8550,51.546906650634114,1.0,28.2287600082456,89.66901468757169,15.514200415733498,108.41067567973687,53.62997362509029
5778,8551,55.28074341379694,1.0,28.2287600082456,89.66901468757169,15.514200415733498,108.41067567973687,53.62997362509029
5778,8552,62.69342511877448,1.0,28.2287600082456,89.66901468757169,15.514200415733498,108.41067567973687,53.62997362509029
5832,8557,46.96084273877947,1.0,28.2287600082456,89.66901468757169,15.514200415733498,108.41067567973687,53.62997362509029
5832,8558,72.594101860771,1.0,28.2287600082456,89.66901468757169,15.514200415733498,108.41067567973687,53.62997362509029
6144,8569,58.322767750867854,1.0,28.2287600082456,89.66901468757169,15.514200415733498,108.41067567973687,53.62997362509029
6144,8570,53.48198922792572,1.0,28.2287600082456,89.66901468757169,15.514200415733498,108.41067567973687,53.62997362509029
7360,8585,71.34482121368924,1.0,28.2287600082456,89.66901468757169,15.514200415733498,108.41067567973687,53.62997362509029
7360,8586,76.11331049692582,1.0,28.2287600082456,89.66901468757169,15.514200415733498,108.41067567973687,53.62997362509029
2725,8589,11.474930670655748,1.0,28.2287600082456,89.66901468757169,15.514200415733498,108.41067567973687,53.62997362509029
2725,8590,85.60285393395691,1.0,28.2287600082456,89.66901468757169,15.514200415733498,108.41067567973687,53.62997362509029
4444,8599,32.51923520640434,1.0,28.2287600082456,89.66901468757169,15.514200415733498,108.41067567973687,53.62997362509029
4444,8600,34.46581975583611,1.0,28.2287600082456,89.66901468757169,15.514200415733498,108.41067567973687,53.62997362509029
4598,8609,43.244254958991334,1.0,28.2287600082456,89.66901468757169,15.514200415733498,108.41067567973687,53.62997362509029
4598,8610,51.3047113115081,1.0,28.2287600082456,89.66901468757169,15.514200415733498,108.41067567973687,53.62997362509029
4984,8621,76.3316388747243,1.0,28.2287600082456,89.66901468757169,15.514200415733498,108.41067567973687,53.62997362509029
2221,8625,37.50160775071593,1.0,28.2287600082456,89.66901468757169,15.514200415733498,108.41067567973687,53.62997362509029
2221,8626,78.77751113873924,1.0,28.2287600082456,89.66901468757169,15.514200415733498,108.41067567973687,53.62997362509029
5140,8633,72.13358977235129,1.0,28.2287600082456,89.66901468757169,15.514200415733498,108.41067567973687,53.62997362509029
5140,8634,78.95410573974121,1.0,28.2287600082456,89.66901468757169,15.514200415733498,108.41067567973687,53.62997362509029
5159,8657,67.6412940593914,1.0,28.2287600082456,89.66901468757169,15.514200415733498,108.41067567973687,53.62997362509029
5159,8658,39.56617131592885,1.0,28.2287600082456,89.66901468757169,15.514200415733498,108.41067567973687,53.62997362509029
5761,8659,64.38200525438224,1.0,28.2287600082456,89.66901468757169,15.514200415733498,108.41067567973687,53.62997362509029
5761,8660,39.44198243752544,1.0,28.2287600082456,89.66901468757169,15.514200415733498,108.41067567973687,53.62997362509029
6706,8663,76.9226337124844,1.0,28.2287600082456,89.66901468757169,15.514200415733498,108.41067567973687,53.62997362509029
6706,8664,50.61837444006805,1.0,28.2287600082456,89.66901468757169,15.514200415733498,108.41067567973687,53.62997362509029
6772,8665,25.98596772761114,1.0,28.2287600082456,89.66901468757169,15.514200415733498,108.41067567973687,53.62997362509029
6772,8666,83.46565470265578,1.0,28.2287600082456,89.66901468757169,15.514200415733498,108.41067567973687,53.62997362509029
3274,8667,67.85803416577085,1.0,28.2287600082456,89.66901468757169,15.514200415733498,108.41067567973687,53.62997362509029
3274,8668,61.07711012178005,1.0,28.2287600082456,89.66901468757169,15.514200415733498,108.41067567973687,53.62997362509029
4658,8681,66.50200087942059,1.0,28.2287600082456,89.66901468757169,15.514200415733498,108.41067567973687,53.62997362509029
4658,8682,79.78632735237983,1.0,28.2287600082456,89.66901468757169,15.514200415733498,108.41067567973687,53.62997362509029
4710,8687,21.545667826685726,1.0,28.2287600082456,89.66901468757169,15.514200415733498,108.41067567973687,53.62997362509029
4710,8688,80.25988252967974,1.0,28.2287600082456,89.66901468757169,15.514200415733498,108.41067567973687,53.62997362509029
6264,8723,31.819164387836242,1.0,28.2287600082456,89.66901468757169,15.514200415733498,108.41067567973687,53.62997362509029
6264,8724,32.34814846374493,1.0,28.2287600082456,89.66901468757169,15.514200415733498,108.41067567973687,53.62997362509029
6592,8733,49.04564209073856,1.0,28.2287600082456,89.66901468757169,15.514200415733498,108.41067567973687,53.62997362509029
6592,8734,73.04963034420312,1.0,28.2287600082456,89.66901468757169,15.514200415733498,108.41067567973687,53.62997362509029
7052,8739,9.539454584412239,1.0,28.2287600082456,89.66901468757169,15.514200415733498,108.41067567973687,53.62997362509029
7052,8740,72.37503042683895,1.0,28.2287600082456,89.66901468757169,15.514200415733498,108.41067567973687,53.62997362509029
3776,8743,9.901579652168042,1.0,28.2287600082456,89.66901468757169,15.514200415733498,108.41067567973687,53.62997362509029
3776,8744,41.02619507824608,1.0,28.2287600082456,89.66901468757169,15.514200415733498,108.41067567973687,53.62997362509029
4292,8751,67.50098824177658,1.0,28.2287600082456,89.66901468757169,15.514200415733498,108.41067567973687,53.62997362509029
4292,8752,75.47428067490623,1.0,28.2287600082456,89.66901468757169,15.514200415733498,108.41067567973687,53.62997362509029
4986,8767,73.21325502237814,1.0,28.2287600082456,89.66901468757169,15.514200415733498,108.41067567973687,53.62997362509029
4986,8768,65.12163644936683,1.0,28.2287600082456,89.66901468757169,15.514200415733498,108.41067567973687,53.62997362509029
4143,8769,68.24156963840375,1.0,28.2287600082456,89.66901468757169,15.514200415733498,108.41067567973687,53.62997362509029
4143,8770,38.913610599834215,1.0,28.2287600082456,89.66901468757169,15.514200415733498,108.41067567973687,53.62997362509029
5278,8777,55.12178584390727,1.0,28.2287600082456,89.66901468757169,15.514200415733498,108.41067567973687,53.62997362509029
5278,8778,31.094514272428437,1.0,28.2287600082456,89.66901468757169,15.514200415733498,108.41067567973687,53.62997362509029
3577,8779,54.48460999717004,1.0,28.2287600082456,89.66901468757169,15.514200415733498,108.41067567973687,53.62997362509029
3577,8780,60.87640653380999,1.0,28.2287600082456,89.66901468757169,15.514200415733498,108.41067567973687,53.62997362509029
4245,8787,13.413945820468314,1.0,28.2287600082456,89.66901468757169,15.514200415733498,108.41067567973687,53.62997362509029
4245,8788,72.48917709347748,1.0,28.2287600082456,89.66901468757169,15.514200415733498,108.41067567973687,53.62997362509029
5948,8795,60.044407616730595,1.0,28.2287600082456,89.66901468757169,15.514200415733498,108.41067567973687,53.62997362509029
5948,8796,60.371090524430194,1.0,28.2287600082456,89.66901468757169,15.514200415733498,108.41067567973687,53.62997362509029
6002,8799,53.62441102868619,1.0,28.2287600082456,89.66901468757169,15.514200415733498,108.41067567973687,53.62997362509029
6002,8800,43.59449161995764,1.0,28.2287600082456,89.66901468757169,15.514200415733498,108.41067567973687,53.62997362509029
6274,8803,33.530416781513786,1.0,28.2287600082456,89.66901468757169,15.514200415733498,108.41067567973687,53.62997362509029
6274,8804,81.0173888439397,1.0,28.2287600082456,89.66901468757169,15.514200415733498,108.41067567973687,53.62997362509029
7042,8815,53.67763569199787,1.0,28.2287600082456,89.66901468757169,15.514200415733498,108.41067567973687,53.62997362509029
7042,8816,69.35351375297847,1.0,28.2287600082456,89.66901468757169,15.514200415733498,108.41067567973687,53.62997362509029
2900,8817,27.29806649446763,1.0,28.2287600082456,89.66901468757169,15.514200415733498,108.41067567973687,53.62997362509029
2900,8818,27.72469638513511,1.0,28.2287600082456,89.66901468757169,15.514200415733498,108.41067567973687,53.62997362509029
4364,8837,31.77206822419184,1.0,28.2287600082456,89.66901468757169,15.514200415733498,108.41067567973687,53.62997362509029
4364,8838,33.19675197273565,1.0,28.2287600082456,89.66901468757169,15.514200415733498,108.41067567973687,53.62997362509029
5046,8855,61.636108457536736,1.0,28.2287600082456,89.66901468757169,15.514200415733498,108.41067567973687,53.62997362509029
5046,8856,32.7435988438639,1.0,28.2287600082456,89.66901468757169,15.514200415733498,108.41067567973687,53.62997362509029
5372,8865,19.004817528504677,1.0,28.2287600082456,89.66901468757169,15.514200415733498,108.41067567973687,53.62997362509029
5372,8866,28.83692528473439,1.0,28.2287600082456,89.66901468757169,15.514200415733498,108.41067567973687,53.62997362509029
4675,8869,26.343144990106413,1.0,28.2287600082456,89.66901468757169,15.514200415733498,108.41067567973687,53.62997362509029
4675,8870,66.66596498728629,1.0,28.2287600082456,89.66901468757169,15.514200415733498,108.41067567973687,53.62997362509029
5672,8881,44.30779546422694,1.0,28.2287600082456,89.66901468757169,15.514200415733498,108.41067567973687,53.62997362509029
5672,8882,63.330302360164744,1.0,28.2287600082456,89.66901468757169,15.514200415733498,108.41067567973687,53.62997362509029
5762,8885,14.706251923202943,1.0,28.2287600082456,89.66901468757169,15.514200415733498,108.41067567973687,53.62997362509029
5762,8886,36.14622096185358,1.0,28.2287600082456,89.66901468757169,15.514200415733498,108.41067567973687,53.62997362509029
6152,8895,42.00418377802297,1.0,28.2287600082456,89.66901468757169,15.514200415733498,108.41067567973687,53.62997362509029
6152,8896,60.32281339518998,1.0,28.2287600082456,89.66901468757169,15.514200415733498,108.41067567973687,53.62997362509029
5013,8897,35.421092147902996,1.0,28.2287600082456,89.66901468757169,15.514200415733498,108.41067567973687,53.62997362509029
5013,8898,44.83891148990509,1.0,28.2287600082456,89.66901468757169,15.514200415733498,108.41067567973687,53.62997362509029
6898,8907,38.411447395072145,1.0,28.2287600082456,89.66901468757169,15.514200415733498,108.41067567973687,53.62997362509029
6898,8908,66.76367515803659,1.0,28.2287600082456,89.66901468757169,15.514200415733498,108.41067567973687,53.62997362509029
3980,8917,63.944254743405686,1.0,28.2287600082456,89.66901468757169,15.514200415733498,108.41067567973687,53.62997362509029
3980,8918,28.269254497531044,1.0,28.2287600082456,89.66901468757169,15.514200415733498,108.41067567973687,53.62997362509029
4624,8927,57.18143294812992,1.0,28.2287600082456,89.66901468757169,15.514200415733498,108.41067567973687,53.62997362509029
4624,8928,53.320988907352884,1.0,28.2287600082456,89.66901468757169,15.514200415733498,108.41067567973687,53.62997362509029
4788,8931,32.94943150952332,1.0,28.2287600082456,89.66901468757169,15.514200415733498,108.41067567973687,53.62997362509029
4788,8932,34.897278857710354,1.0,28.2287600082456,89.66901468757169,15.514200415733498,108.41067567973687,53.62997362509029
3295,8943,24.15178040473509,1.0,28.2287600082456,89.66901468757169,15.514200415733498,108.41067567973687,53.62997362509029
3295,8944,60.167978656909206,1.0,28.2287600082456,89.66901468757169,15.514200415733498,108.41067567973687,53.62997362509029
5057,8949,3.4919068386765435,1.0,28.2287600082456,89.66901468757169,15.514200415733498,108.41067567973687,53.62997362509029
5057,8950,58.20773201686348,1.0,28.2287600082456,89.66901468757169,15.514200415733498,108.41067567973687,53.62997362509029
5418,8957,17.639647325340338,1.0,28.2287600082456,89.66901468757169,15.514200415733498,108.41067567973687,53.62997362509029
5418,8958,50.80030506938138,1.0,28.2287600082456,89.66901468757169,15.514200415733498,108.41067567973687,53.62997362509029
5448,8959,24.68821013886162,1.0,28.2287600082456,89.66901468757169,15.514200415733498,108.41067567973687,53.62997362509029
5448,8960,53.606641659139136,1.0,28.2287600082456,89.66901468757169,15.514200415733498,108.41067567973687,53.62997362509029
5634,8971,59.61415473381806,1.0,28.2287600082456,89.66901468757169,15.514200415733498,108.41067567973687,53.62997362509029
5634,8972,46.37002622604233,1.0,28.2287600082456,89.66901468757169,15.514200415733498,108.41067567973687,53.62997362509029
5764,8977,47.486984132205194,1.0,28.2287600082456,89.66901468757169,15.514200415733498,108.41067567973687,53.62997362509029
5764,8978,34.07440372506548,1.0,28.2287600082456,89.66901468757169,15.514200415733498,108.41067567973687,53.62997362509029
5435,8989,57.84356770553166,1.0,28.2287600082456,89.66901468757169,15.514200415733498,108.41067567973687,53.62997362509029
5435,8990,54.27410385981009,1.0,28.2287600082456,89.66901468757169,15.514200415733498,108.41067567973687,53.62997362509029
6014,8995,51.49608749488473,1.0,28.2287600082456,89.66901468757169,15.514200415733498,108.41067567973687,53.62997362509029
6014,8996,30.411506642710457,1.0,28.2287600082456,89.66901468757169,15.514200415733498,108.41067567973687,53.62997362509029
6140,9001,45.944896879961284,1.0,28.2287600082456,89.66901468757169,15.514200415733498,108.41067567973687,53.62997362509029
6140,9002,37.484942693404044,1.0,28.2287600082456,89.66901468757169,15.514200415733498,108.41067567973687,53.62997362509029
7432,9023,70.94589877209546,1.0,28.2287600082456,89.66901468757169,15.514200415733498,108.41067567973687,53.62997362509029
7432,9024,65.47185555749292,1.0,28.2287600082456,89.66901468757169,15.514200415733498,108.41067567973687,53.62997362509029
4456,9035,52.41918185640201,1.0,28.2287600082456,89.66901468757169,15.514200415733498,108.41067567973687,53.62997362509029
4456,9036,60.14123258732217,1.0,28.2287600082456,89.66901468757169,15.514200415733498,108.41067567973687,53.62997362509029
3299,9039,32.016453002960155,1.0,28.2287600082456,89.66901468757169,15.514200415733498,108.41067567973687,53.62997362509029
3299,9040,50.535237668366236,1.0,28.2287600082456,89.66901468757169,15.514200415733498,108.41067567973687,53.62997362509029
4607,9047,40.051251183255204,1.0,28.2287600082456,89.66901468757169,15.514200415733498,108.41067567973687,53.62997362509029
4607,9048,67.21926094217439,1.0,28.2287600082456,89.66901468757169,15.514200415733498,108.41067567973687,53.62997362509029
6004,9077,47.48505638470251,1.0,28.2287600082456,89.66901468757169,15.514200415733498,108.41067567973687,53.62997362509029
6004,9078,26.745624354117425,1.0,28.2287600082456,89.66901468757169,15.514200415733498,108.41067567973687,53.62997362509029
6276,9085,61.89854270717252,1.0,28.2287600082456,89.66901468757169,15.514200415733498,108.41067567973687,53.62997362509029
6276,9086,52.848396342637386,1.0,28.2287600082456,89.66901468757169,15.514200415733498,108.41067567973687,53.62997362509029
6295,9091,48.56573546555231,1.0,28.2287600082456,89.66901468757169,15.514200415733498,108.41067567973687,53.62997362509029
6295,9092,24.502317160346134,1.0,28.2287600082456,89.66901468757169,15.514200415733498,108.41067567973687,53.62997362509029
3561,9093,69.98984612731407,1.0,28.2287600082456,89.66901468757169,15.514200415733498,108.41067567973687,53.62997362509029
3561,9094,26.180890003472886,1.0,28.2287600082456,89.66901468757169,15.514200415733498,108.41067567973687,53.62997362509029
6572,9099,56.025018255669366,1.0,28.2287600082456,89.66901468757169,15.514200415733498,108.41067567973687,53.62997362509029
6572,9100,57.373038718295284,1.0,28.2287600082456,89.66901468757169,15.514200415733498,108.41067567973687,53.62997362509029
7004,9109,61.70114108734113,1.0,28.2287600082456,89.66901468757169,15.514200415733498,108.41067567973687,53.62997362509029
7004,9110,74.03753362545453,1.0,28.2287600082456,89.66901468757169,15.514200415733498,108.41067567973687,53.62997362509029
4065,9137,39.45755471934099,1.0,28.2287600082456,89.66901468757169,15.514200415733498,108.41067567973687,53.62997362509029
4065,9138,21.554200868013027,1.0,28.2287600082456,89.66901468757169,15.514200415733498,108.41067567973687,53.62997362509029
5822,9157,61.655992615544434,1.0,28.2287600082456,89.66901468757169,15.514200415733498,108.41067567973687,53.62997362509029
5822,9158,67.84202584763514,1.0,28.2287600082456,89.66901468757169,15.514200415733498,108.41067567973687,53.62997362509029
5455,9179,41.56530799267992,1.0,28.2287600082456,89.66901468757169,15.514200415733498,108.41067567973687,53.62997362509029
5455,9180,63.346226076280466,1.0,28.2287600082456,89.66901468757169,15.514200415733498,108.41067567973687,53.62997362509029
4506,9191,35.060563111960604,1.0,28.2287600082456,89.66901468757169,15.514200415733498,108.41067567973687,53.62997362509029
4506,9192,31.012411440004225,1.0,28.2287600082456,89.66901468757169,15.514200415733498,108.41067567973687,53.62997362509029
5566,9217,51.93810607718815,1.0,28.2287600082456,89.66901468757169,15.514200415733498,108.41067567973687,53.62997362509029
5566,9218,57.80930331094194,1.0,28.2287600082456,89.66901468757169,15.514200415733498,108.41067567973687,53.62997362509029
5579,9253,51.90240919891463,1.0,28.2287600082456,89.66901468757169,15.514200415733498,108.41067567973687,53.62997362509029
5579,9254,26.470822385502313,1.0,28.2287600082456,89.66901468757169,15.514200415733498,108.41067567973687,53.62997362509029
6588,9273,42.443598721687366,1.0,28.2287600082456,89.66901468757169,15.514200415733498,108.41067567973687,53.62997362509029
6588,9274,18.290829600943688,1.0,28.2287600082456,89.66901468757169,15.514200415733498,108.41067567973687,53.62997362509029
3179,9303,58.12241496206611,1.0,28.2287600082456,89.66901468757169,15.514200415733498,108.41067567973687,53.62997362509029
3179,9304,16.736414199706847,1.0,28.2287600082456,89.66901468757169,15.514200415733498,108.41067567973687,53.62997362509029
5208,9313,62.60361390773854,1.0,28.2287600082456,89.66901468757169,15.514200415733498,108.41067567973687,53.62997362509029
5208,9314,24.654860645775212,1.0,28.2287600082456,89.66901468757169,15.514200415733498,108.41067567973687,53.62997362509029
5220,9315,18.867178274434664,1.0,28.2287600082456,89.66901468757169,15.514200415733498,108.41067567973687,53.62997362509029
5220,9316,27.976366499687444,1.0,28.2287600082456,89.66901468757169,15.514200415733498,108.41067567973687,53.62997362509029
3163,9317,20.24381406466375,1.0,28.2287600082456,89.66901468757169,15.514200415733498,108.41067567973687,53.62997362509029
3163,9318,44.86146982769792,1.0,28.2287600082456,89.66901468757169,15.514200415733498,108.41067567973687,53.62997362509029
5312,9321,31.419748346659354,1.0,28.2287600082456,89.66901468757169,15.514200415733498,108.41067567973687,53.62997362509029
5312,9322,35.89195524948878,1.0,28.2287600082456,89.66901468757169,15.514200415733498,108.41067567973687,53.62997362509029
4833,9329,33.78542027243281,1.0,28.2287600082456,89.66901468757169,15.514200415733498,108.41067567973687,53.62997362509029
4833,9330,66.34014395848803,1.0,28.2287600082456,89.66901468757169,15.514200415733498,108.41067567973687,53.62997362509029
6068,9347,58.18459465819121,1.0,28.2287600082456,89.66901468757169,15.514200415733498,108.41067567973687,53.62997362509029
6068,9348,65.57028211464915,1.0,28.2287600082456,89.66901468757169,15.514200415733498,108.41067567973687,53.62997362509029
6228,9353,30.793953617320142,1.0,28.2287600082456,89.66901468757169,15.514200415733498,108.41067567973687,53.62997362509029
6228,9354,48.784777443345064,1.0,28.2287600082456,89.66901468757169,15.514200415733498,108.41067567973687,53.62997362509029
6428,9355,48.57582039143527,1.0,28.2287600082456,89.66901468757169,15.514200415733498,108.41067567973687,53.62997362509029
6428,9356,53.02133439121977,1.0,28.2287600082456,89.66901468757169,15.514200415733498,108.41067567973687,53.62997362509029
7190,9361,30.54988055652491,1.0,28.2287600082456,89.66901468757169,15.514200415733498,108.41067567973687,53.62997362509029
7190,9362,58.0643046583558,1.0,28.2287600082456,89.66901468757169,15.514200415733498,108.41067567973687,53.62997362509029
1797,9367,30.919514297479388,1.0,28.2287600082456,89.66901468757169,15.514200415733498,108.41067567973687,53.62997362509029
1797,9368,44.355743745166,1.0,28.2287600082456,89.66901468757169,15.514200415733498,108.41067567973687,53.62997362509029
3031,9397,15.635192914622719,1.0,28.2287600082456,89.66901468757169,15.514200415733498,108.41067567973687,53.62997362509029
3031,9398,30.369714412709488,1.0,28.2287600082456,89.66901468757169,15.514200415733498,108.41067567973687,53.62997362509029
4043,9409,33.78524671137304,1.0,28.2287600082456,89.66901468757169,15.514200415733498,108.41067567973687,53.62997362509029
4043,9410,19.765245611554377,1.0,28.2287600082456,89.66901468757169,15.514200415733498,108.41067567973687,53.62997362509029
1433,9457,17.282131962557116,1.0,28.2287600082456,89.66901468757169,15.514200415733498,108.41067567973687,53.62997362509029
1433,9458,41.475169081808914,1.0,28.2287600082456,89.66901468757169,15.514200415733498,108.41067567973687,53.62997362509029
3847,9467,35.0606391300034,1.0,28.2287600082456,89.66901468757169,15.514200415733498,108.41067567973687,53.62997362509029
3847,9468,56.286862281076864,1.0,28.2287600082456,89.66901468757169,15.514200415733498,108.41067567973687,53.62997362509029
5532,9479,48.04053459241538,1.0,28.2287600082456,89.66901468757169,15.514200415733498,108.41067567973687,53.62997362509029
5532,9480,21.74802622547592,1.0,28.2287600082456,89.66901468757169,15.514200415733498,108.41067567973687,53.62997362509029
5632,9487,6.457440702288888,1.0,28.2287600082456,89.66901468757169,15.514200415733498,108.41067567973687,53.62997362509029
5632,9488,22.1551845889742,1.0,28.2287600082456,89.66901468757169,15.514200415733498,108.41067567973687,53.62997362509029
6966,9527,48.66798271461044,1.0,28.2287600082456,89.66901468757169,15.514200415733498,108.41067567973687,53.62997362509029
6966,9528,14.91619211850001,1.0,28.2287600082456,89.66901468757169,15.514200415733498,108.41067567973687,53.62997362509029
7686,9535,15.066341779884775,1.0,28.2287600082456,89.66901468757169,15.514200415733498,108.41067567973687,53.62997362509029
7686,9536,42.32513053047424,1.0,28.2287600082456,89.66901468757169,15.514200415733498,108.41067567973687,53.62997362509029
3991,9549,20.876727217742236,1.0,28.2287600082456,89.66901468757169,15.514200415733498,108.41067567973687,53.62997362509029
3991,9550,41.04658810725206,1.0,28.2287600082456,89.66901468757169,15.514200415733498,108.41067567973687,53.62997362509029
5203,9581,30.21411042370173,1.0,28.2287600082456,89.66901468757169,15.514200415733498,108.41067567973687,53.62997362509029
5203,9582,44.016866743688055,1.0,28.2287600082456,89.66901468757169,15.514200415733498,108.41067567973687,53.62997362509029
4271,9585,3.9399058281525123,1.0,28.2287600082456,89.66901468757169,15.514200415733498,108.41067567973687,53.62997362509029
4271,9586,32.516212051903565,1.0,28.2287600082456,89.66901468757169,15.514200415733498,108.41067567973687,53.62997362509029
6268,9619,11.261785112715472,1.0,28.2287600082456,89.66901468757169,15.514200415733498,108.41067567973687,53.62997362509029
6268,9620,38.32603201962856,1.0,28.2287600082456,89.66901468757169,15.514200415733498,108.41067567973687,53.62997362509029
3127,9625,29.205522351889886,1.0,28.2287600082456,89.66901468757169,15.514200415733498,108.41067567973687,53.62997362509029
3127,9626,28.293380952099696,1.0,28.2287600082456,89.66901468757169,15.514200415733498,108.41067567973687,53.62997362509029
4626,9657,5.434960521872082,1.0,28.2287600082456,89.66901468757169,15.514200415733498,108.41067567973687,53.62997362509029
4626,9658,19.857229958669436,1.0,28.2287600082456,89.66901468757169,15.514200415733498,108.41067567973687,53.62997362509029
6218,9701,25.194049856227014,1.0,28.2287600082456,89.66901468757169,15.514200415733498,108.41067567973687,53.62997362509029
6218,9702,31.73782520543963,1.0,28.2287600082456,89.66901468757169,15.514200415733498,108.41067567973687,53.62997362509029
6928,9731,53.29324642864162,1.0,28.2287600082456,89.66901468757169,15.514200415733498,108.41067567973687,53.62997362509029
6928,9732,29.572688655467136,1.0,28.2287600082456,89.66901468757169,15.514200415733498,108.41067567973687,53.62997362509029
7486,9735,49.67704821835432,1.0,28.2287600082456,89.66901468757169,15.514200415733498,108.41067567973687,53.62997362509029
7486,9736,12.726109112026991,1.0,28.2287600082456,89.66901468757169,15.514200415733498,108.41067567973687,53.62997362509029
7807,9739,6.9279974111905,1.0,28.2287600082456,89.66901468757169,15.514200415733498,108.41067567973687,53.62997362509029
7807,9740,24.01915990166533,1.0,28.2287600082456,89.66901468757169,15.514200415733498,108.41067567973687,53.62997362509029
5056,9755,19.10991613776707,1.0,28.2287600082456,89.66901468757169,15.514200415733498,108.41067567973687,53.62997362509029
5056,9756,40.77165441281591,1.0,28.2287600082456,89.66901468757169,15.514200415733498,108.41067567973687,53.62997362509029
5930,9787,52.66088915429017,1.0,28.2287600082456,89.66901468757169,15.514200415733498,108.41067567973687,53.62997362509029
5930,9788,10.657765879448815,1.0,28.2287600082456,89.66901468757169,15.514200415733498,108.41067567973687,53.62997362509029
4707,9813,33.12363063001486,1.0,28.2287600082456,89.66901468757169,15.514200415733498,108.41067567973687,53.62997362509029
4707,9814,29.74639831962423,1.0,28.2287600082456,89.66901468757169,15.514200415733498,108.41067567973687,53.62997362509029
7394,9819,32.625109776679864,1.0,28.2287600082456,89.66901468757169,15.514200415733498,108.41067567973687,53.62997362509029
7394,9820,45.56625152637101,1.0,28.2287600082456,89.66901468757169,15.514200415733498,108.41067567973687,53.62997362509029
6394,9861,9.974890148103984,1.0,28.2287600082456,89.66901468757169,15.514200415733498,108.41067567973687,53.62997362509029
6394,9862,20.215655381956218,1.0,28.2287600082456,89.66901468757169,15.514200415733498,108.41067567973687,53.62997362509029
5538,9917,27.717010406186123,1.0,28.2287600082456,89.66901468757169,15.514200415733498,108.41067567973687,53.62997362509029
5538,9918,41.505352144292154,1.0,28.2287600082456,89.66901468757169,15.514200415733498,108.41067567973687,53.62997362509029
6030,9933,40.222640835804924,1.0,28.2287600082456,89.66901468757169,15.514200415733498,108.41067567973687,53.62997362509029
6030,9934,14.854824550776591,1.0,28.2287600082456,89.66901468757169,15.514200415733498,108.41067567973687,53.62997362509029
130,1076,206.0,1.0,28.2287600082456,89.66901468757169,15.514200415733498,108.41067567973687,53.62997362509029
229,1278,232.0,1.0,28.2287600082456,89.66901468757169,15.514200415733498,108.41067567973687,53.62997362509029
478,1338,136.0,1.0,28.2287600082456,89.66901468757169,15.514200415733498,108.41067567973687,53.62997362509029
436,1398,198.0,1.0,28.2287600082456,89.66901468757169,15.514200415733498,108.41067567973687,53.62997362509029
790,1410,206.0,1.0,28.2287600082456,89.66901468757169,15.514200415733498,108.41067567973687,53.62997362509029
305,1438,252.0,1.0,28.2287600082456,89.66901468757169,15.514200415733498,108.41067567973687,53.62997362509029
121,1556,232.0,1.0,28.2287600082456,89.66901468757169,15.514200415733498,108.41067567973687,53.62997362509029
276,1776,236.0,1.0,28.2287600082456,89.66901468757169,15.514200415733498,108.41067567973687,53.62997362509029
752,2036,206.0,1.0,28.2287600082456,89.66901468757169,15.514200415733498,108.41067567973687,53.62997362509029
772,2094,224.0,1.0,28.2287600082456,89.66901468757169,15.514200415733498,108.41067567973687,53.62997362509029
654,2112,280.0,1.0,28.2287600082456,89.66901468757169,15.514200415733498,108.41067567973687,53.62997362509029
582,2166,168.0,1.0,28.2287600082456,89.66901468757169,15.514200415733498,108.41067567973687,53.62997362509029
530,2170,226.0,1.0,28.2287600082456,89.66901468757169,15.514200415733498,108.41067567973687,53.62997362509029
686,2184,234.0,1.0,28.2287600082456,89.66901468757169,15.514200415733498,108.41067567973687,53.62997362509029
908,2198,208.0,1.0,28.2287600082456,89.66901468757169,15.514200415733498,108.41067567973687,53.62997362509029
1112,2200,226.0,1.0,28.2287600082456,89.66901468757169,15.514200415733498,108.41067567973687,53.62997362509029
819,2230,188.0,1.0,28.2287600082456,89.66901468757169,15.514200415733498,108.41067567973687,53.62997362509029
715,2298,210.0,1.0,28.2287600082456,89.66901468757169,15.514200415733498,108.41067567973687,53.62997362509029
813,2326,226.0,1.0,28.2287600082456,89.66901468757169,15.514200415733498,108.41067567973687,53.62997362509029
1090,2476,220.0,1.0,28.2287600082456,89.66901468757169,15.514200415733498,108.41067567973687,53.62997362509029
1010,2652,214.0,1.0,28.2287600082456,89.66901468757169,15.514200415733498,108.41067567973687,53.62997362509029
722,2710,154.0,1.0,28.2287600082456,89.66901468757169,15.514200415733498,108.41067567973687,53.62997362509029
1011,2720,230.0,1.0,28.2287600082456,89.66901468757169,15.514200415733498,108.41067567973687,53.62997362509029
1088,2778,176.0,1.0,28.2287600082456,89.66901468757169,15.514200415733498,108.41067567973687,53.62997362509029
713,2784,222.0,1.0,28.2287600082456,89.66901468757169,15.514200415733498,108.41067567973687,53.62997362509029
970,2804,226.0,1.0,28.2287600082456,89.66901468757169,15.514200415733498,108.41067567973687,53.62997362509029
498,2810,198.0,1.0,28.2287600082456,89.66901468757169,15.514200415733498,108.41067567973687,53.62997362509029
1152,2814,168.0,1.0,28.2287600082456,89.66901468757169,15.514200415733498,108.41067567973687,53.62997362509029
535,2832,248.0,1.0,28.2287600082456,89.66901468757169,15.514200415733498,108.41067567973687,53.62997362509029
1356,2842,204.0,1.0,28.2287600082456,89.66901468757169,15.514200415733498,108.41067567973687,53.62997362509029
612,2864,264.0,1.0,28.2287600082456,89.66901468757169,15.514200415733498,108.41067567973687,53.62997362509029
500,2874,196.0,1.0,28.2287600082456,89.66901468757169,15.514200415733498,108.41067567973687,53.62997362509029
1118,2878,90.0,1.0,28.2287600082456,89.66901468757169,15.514200415733498,108.41067567973687,53.62997362509029
1444,2892,176.0,1.0,28.2287600082456,89.66901468757169,15.514200415733498,108.41067567973687,53.62997362509029
1174,2924,178.0,1.0,28.2287600082456,89.66901468757169,15.514200415733498,108.41067567973687,53.62997362509029
1213,2996,172.0,1.0,28.2287600082456,89.66901468757169,15.514200415733498,108.41067567973687,53.62997362509029
1024,3010,248.0,1.0,28.2287600082456,89.66901468757169,15.514200415733498,108.41067567973687,53.62997362509029
435,3052,216.0,1.0,28.2287600082456,89.66901468757169,15.514200415733498,108.41067567973687,53.62997362509029
757,3060,180.0,1.0,28.2287600082456,89.66901468757169,15.514200415733498,108.41067567973687,53.62997362509029
710,3088,156.0,1.0,28.2287600082456,89.66901468757169,15.514200415733498,108.41067567973687,53.62997362509029
1048,3152,254.0,1.0,28.2287600082456,89.66901468757169,15.514200415733498,108.41067567973687,53.62997362509029
545,3186,222.0,1.0,28.2287600082456,89.66901468757169,15.514200415733498,108.41067567973687,53.62997362509029
742,3204,388.0,1.0,28.2287600082456,89.66901468757169,15.514200415733498,108.41067567973687,53.62997362509029
1100,3214,152.0,1.0,28.2287600082456,89.66901468757169,15.514200415733498,108.41067567973687,53.62997362509029
1505,3216,168.0,1.0,28.2287600082456,89.66901468757169,15.514200415733498,108.41067567973687,53.62997362509029
858,3234,198.0,1.0,28.2287600082456,89.66901468757169,15.514200415733498,108.41067567973687,53.62997362509029
1405,3248,112.0,1.0,28.2287600082456,89.66901468757169,15.514200415733498,108.41067567973687,53.62997362509029
1396,3278,170.0,1.0,28.2287600082456,89.66901468757169,15.514200415733498,108.41067567973687,53.62997362509029
942,3284,246.0,1.0,28.2287600082456,89.66901468757169,15.514200415733498,108.41067567973687,53.62997362509029
1010,3294,234.0,1.0,28.2287600082456,89.66901468757169,15.514200415733498,108.41067567973687,53.62997362509029
1139,3306,180.0,1.0,28.2287600082456,89.66901468757169,15.514200415733498,108.41067567973687,53.62997362509029
1644,3322,64.0,1.0,28.2287600082456,89.66901468757169,15.514200415733498,108.41067567973687,53.62997362509029
1488,3360,232.0,1.0,28.2287600082456,89.66901468757169,15.514200415733498,108.41067567973687,53.62997362509029
1854,3372,154.0,1.0,28.2287600082456,89.66901468757169,15.514200415733498,108.41067567973687,53.62997362509029
1046,3394,276.0,1.0,28.2287600082456,89.66901468757169,15.514200415733498,108.41067567973687,53.62997362509029
1110,3412,166.0,1.0,28.2287600082456,89.66901468757169,15.514200415733498,108.41067567973687,53.62997362509029
1770,3414,168.0,1.0,28.2287600082456,89.66901468757169,15.514200415733498,108.41067567973687,53.62997362509029
1095,3436,158.0,1.0,28.2287600082456,89.66901468757169,15.514200415733498,108.41067567973687,53.62997362509029
1247,3452,154.0,1.0,28.2287600082456,89.66901468757169,15.514200415733498,108.41067567973687,53.62997362509029
896,3460,272.5748138176485,1.0,28.2287600082456,89.66901468757169,15.514200415733498,108.41067567973687,53.62997362509029
539,3466,306.0,1.0,28.2287600082456,89.66901468757169,15.514200415733498,108.41067567973687,53.62997362509029
1173,3502,240.0,1.0,28.2287600082456,89.66901468757169,15.514200415733498,108.41067567973687,53.62997362509029
1005,3542,164.0,1.0,28.2287600082456,89.66901468757169,15.514200415733498,108.41067567973687,53.62997362509029
600,3544,302.0,1.0,28.2287600082456,89.66901468757169,15.514200415733498,108.41067567973687,53.62997362509029
1111,3552,224.0,1.0,28.2287600082456,89.66901468757169,15.514200415733498,108.41067567973687,53.62997362509029
1051,3556,202.0,1.0,28.2287600082456,89.66901468757169,15.514200415733498,108.41067567973687,53.62997362509029
1946,3570,168.0,1.0,28.2287600082456,89.66901468757169,15.514200415733498,108.41067567973687,53.62997362509029
796,3644,222.0,1.0,28.2287600082456,89.66901468757169,15.514200415733498,108.41067567973687,53.62997362509029
1118,3646,248.0,1.0,28.2287600082456,89.66901468757169,15.514200415733498,108.41067567973687,53.62997362509029
680,3690,318.0,1.0,28.2287600082456,89.66901468757169,15.514200415733498,108.41067567973687,53.62997362509029
1632,3750,220.0,1.0,28.2287600082456,89.66901468757169,15.514200415733498,108.41067567973687,53.62997362509029
1424,3790,152.0,1.0,28.2287600082456,89.66901468757169,15.514200415733498,108.41067567973687,53.62997362509029
2489,3794,144.0,1.0,28.2287600082456,89.66901468757169,15.514200415733498,108.41067567973687,53.62997362509029
1279,3800,216.0,1.0,28.2287600082456,89.66901468757169,15.514200415733498,108.41067567973687,53.62997362509029
1894,3816,188.0,1.0,28.2287600082456,89.66901468757169,15.514200415733498,108.41067567973687,53.62997362509029
1250,3852,206.0,1.0,28.2287600082456,89.66901468757169,15.514200415733498,108.41067567973687,53.62997362509029
1893,3862,146.0,1.0,28.2287600082456,89.66901468757169,15.514200415733498,108.41067567973687,53.62997362509029
1011,3912,228.0,1.0,28.2287600082456,89.66901468757169,15.514200415733498,108.41067567973687,53.62997362509029
1438,3932,168.0,1.0,28.2287600082456,89.66901468757169,15.514200415733498,108.41067567973687,53.62997362509029
478,3938,218.0,1.0,28.2287600082456,89.66901468757169,15.514200415733498,108.41067567973687,53.62997362509029
890,3984,328.1887561456529,1.0,28.2287600082456,89.66901468757169,15.514200415733498,108.41067567973687,53.62997362509029
1064,3994,194.0,1.0,28.2287600082456,89.66901468757169,15.514200415733498,108.41067567973687,53.62997362509029
629,4048,148.0,1.0,28.2287600082456,89.66901468757169,15.514200415733498,108.41067567973687,53.62997362509029
1662,4050,150.0,1.0,28.2287600082456,89.66901468757169,15.514200415733498,108.41067567973687,53.62997362509029
933,4056,200.0,1.0,28.2287600082456,89.66901468757169,15.514200415733498,108.41067567973687,53.62997362509029
928,4072,316.0,1.0,28.2287600082456,89.66901468757169,15.514200415733498,108.41067567973687,53.62997362509029
455,4100,112.0,1.0,28.2287600082456,89.66901468757169,15.514200415733498,108.41067567973687,53.62997362509029
1500,4120,184.0,1.0,28.2287600082456,89.66901468757169,15.514200415733498,108.41067567973687,53.62997362509029
1826,4122,202.0,1.0,28.2287600082456,89.66901468757169,15.514200415733498,108.41067567973687,53.62997362509029
1612,4222,194.0,1.0,28.2287600082456,89.66901468757169,15.514200415733498,108.41067567973687,53.62997362509029
1598,4234,174.0,1.0,28.2287600082456,89.66901468757169,15.514200415733498,108.41067567973687,53.62997362509029
433,4238,218.0,1.0,28.2287600082456,89.66901468757169,15.514200415733498,108.41067567973687,53.62997362509029
1484,4244,204.0,1.0,28.2287600082456,89.66901468757169,15.514200415733498,108.41067567973687,53.62997362509029
769,4268,140.0,1.0,28.2287600082456,89.66901468757169,15.514200415733498,108.41067567973687,53.62997362509029
2598,4270,102.0,1.0,28.2287600082456,89.66901468757169,15.514200415733498,108.41067567973687,53.62997362509029
1008,4282,256.0,1.0,28.2287600082456,89.66901468757169,15.514200415733498,108.41067567973687,53.62997362509029
1130,4294,246.0,1.0,28.2287600082456,89.66901468757169,15.514200415733498,108.41067567973687,53.62997362509029
2489,4310,156.0,1.0,28.2287600082456,89.66901468757169,15.514200415733498,108.41067567973687,53.62997362509029
703,4314,381.0773856381478,1.0,28.2287600082456,89.66901468757169,15.514200415733498,108.41067567973687,53.62997362509029
1374,4348,182.0,1.0,28.2287600082456,89.66901468757169,15.514200415733498,108.41067567973687,53.62997362509029
2166,4354,184.0,1.0,28.2287600082456,89.66901468757169,15.514200415733498,108.41067567973687,53.62997362509029
1592,4384,202.0,1.0,28.2287600082456,89.66901468757169,15.514200415733498,108.41067567973687,53.62997362509029
959,4402,172.0,1.0,28.2287600082456,89.66901468757169,15.514200415733498,108.41067567973687,53.62997362509029
802,4412,116.0,1.0,28.2287600082456,89.66901468757169,15.514200415733498,108.41067567973687,53.62997362509029
1330,4416,96.0,1.0,28.2287600082456,89.66901468757169,15.514200415733498,108.41067567973687,53.62997362509029
693,4448,154.0,1.0,28.2287600082456,89.66901468757169,15.514200415733498,108.41067567973687,53.62997362509029
359,4456,350.0,1.0,28.2287600082456,89.66901468757169,15.514200415733498,108.41067567973687,53.62997362509029
842,4486,182.0,1.0,28.2287600082456,89.66901468757169,15.514200415733498,108.41067567973687,53.62997362509029
1603,4504,148.0,1.0,28.2287600082456,89.66901468757169,15.514200415733498,108.41067567973687,53.62997362509029
1467,4506,230.0,1.0,28.2287600082456,89.66901468757169,15.514200415733498,108.41067567973687,53.62997362509029
1694,4548,182.0,1.0,28.2287600082456,89.66901468757169,15.514200415733498,108.41067567973687,53.62997362509029
491,4558,257.1977270572611,1.0,28.2287600082456,89.66901468757169,15.514200415733498,108.41067567973687,53.62997362509029
575,4580,232.0,1.0,28.2287600082456,89.66901468757169,15.514200415733498,108.41067567973687,53.62997362509029
592,4598,228.0,1.0,28.2287600082456,89.66901468757169,15.514200415733498,108.41067567973687,53.62997362509029
1170,4622,180.0,1.0,28.2287600082456,89.66901468757169,15.514200415733498,108.41067567973687,53.62997362509029
1800,4632,208.0,1.0,28.2287600082456,89.66901468757169,15.514200415733498,108.41067567973687,53.62997362509029
1117,4658,194.0,1.0,28.2287600082456,89.66901468757169,15.514200415733498,108.41067567973687,53.62997362509029
566,4674,304.7265360070788,1.0,28.2287600082456,89.66901468757169,15.514200415733498,108.41067567973687,53.62997362509029
1466,4682,281.5114428824587,1.0,28.2287600082456,89.66901468757169,15.514200415733498,108.41067567973687,53.62997362509029
981,4688,206.0,1.0,28.2287600082456,89.66901468757169,15.514200415733498,108.41067567973687,53.62997362509029
560,4714,402.0,1.0,28.2287600082456,89.66901468757169,15.514200415733498,108.41067567973687,53.62997362509029
1767,4790,152.0,1.0,28.2287600082456,89.66901468757169,15.514200415733498,108.41067567973687,53.62997362509029
1452,4806,305.31303990889256,1.0,28.2287600082456,89.66901468757169,15.514200415733498,108.41067567973687,53.62997362509029
940,4820,326.0,1.0,28.2287600082456,89.66901468757169,15.514200415733498,108.41067567973687,53.62997362509029
936,4828,174.0,1.0,28.2287600082456,89.66901468757169,15.514200415733498,108.41067567973687,53.62997362509029
1346,4852,242.0,1.0,28.2287600082456,89.66901468757169,15.514200415733498,108.41067567973687,53.62997362509029
1572,4866,208.0,1.0,28.2287600082456,89.66901468757169,15.514200415733498,108.41067567973687,53.62997362509029
2052,4882,244.0208512510134,1.0,28.2287600082456,89.66901468757169,15.514200415733498,108.41067567973687,53.62997362509029
1202,4954,218.0,1.0,28.2287600082456,89.66901468757169,15.514200415733498,108.41067567973687,53.62997362509029
1526,4962,178.0,1.0,28.2287600082456,89.66901468757169,15.514200415733498,108.41067567973687,53.62997362509029
729,5028,192.0,1.0,28.2287600082456,89.66901468757169,15.514200415733498,108.41067567973687,53.62997362509029
1652,5082,124.0,1.0,28.2287600082456,89.66901468757169,15.514200415733498,108.41067567973687,53.62997362509029
786,5100,206.0,1.0,28.2287600082456,89.66901468757169,15.514200415733498,108.41067567973687,53.62997362509029
1001,5122,194.0,1.0,28.2287600082456,89.66901468757169,15.514200415733498,108.41067567973687,53.62997362509029
1098,5124,248.17362689768586,1.0,28.2287600082456,89.66901468757169,15.514200415733498,108.41067567973687,53.62997362509029
2332,5132,270.3418164173202,1.0,28.2287600082456,89.66901468757169,15.514200415733498,108.41067567973687,53.62997362509029
1210,5170,296.45462639765793,1.0,28.2287600082456,89.66901468757169,15.514200415733498,108.41067567973687,53.62997362509029
821,5194,283.65579626016665,1.0,28.2287600082456,89.66901468757169,15.514200415733498,108.41067567973687,53.62997362509029
1126,5196,234.0146274441142,1.0,28.2287600082456,89.66901468757169,15.514200415733498,108.41067567973687,53.62997362509029
1436,5208,314.0,1.0,28.2287600082456,89.66901468757169,15.514200415733498,108.41067567973687,53.62997362509029
2152,5218,136.0,1.0,28.2287600082456,89.66901468757169,15.514200415733498,108.41067567973687,53.62997362509029
1208,5220,156.0,1.0,28.2287600082456,89.66901468757169,15.514200415733498,108.41067567973687,53.62997362509029
1756,5266,258.0,1.0,28.2287600082456,89.66901468757169,15.514200415733498,108.41067567973687,53.62997362509029
2096,5280,275.7103888913878,1.0,28.2287600082456,89.66901468757169,15.514200415733498,108.41067567973687,53.62997362509029
1148,5286,263.0533463062728,1.0,28.2287600082456,89.66901468757169,15.514200415733498,108.41067567973687,53.62997362509029
1304,5288,128.0,1.0,28.2287600082456,89.66901468757169,15.514200415733498,108.41067567973687,53.62997362509029
649,5340,237.28453714643163,1.0,28.2287600082456,89.66901468757169,15.514200415733498,108.41067567973687,53.62997362509029
1961,5352,226.76032984008089,1.0,28.2287600082456,89.66901468757169,15.514200415733498,108.41067567973687,53.62997362509029
3400,5390,214.60758518498886,1.0,28.2287600082456,89.66901468757169,15.514200415733498,108.41067567973687,53.62997362509029
2175,5398,116.0,1.0,28.2287600082456,89.66901468757169,15.514200415733498,108.41067567973687,53.62997362509029
1145,5424,300.8197243757162,1.0,28.2287600082456,89.66901468757169,15.514200415733498,108.41067567973687,53.62997362509029
2564,5432,243.83728409967864,1.0,28.2287600082456,89.66901468757169,15.514200415733498,108.41067567973687,53.62997362509029
751,5448,164.0,1.0,28.2287600082456,89.66901468757169,15.514200415733498,108.41067567973687,53.62997362509029
1018,5460,128.0,1.0,28.2287600082456,89.66901468757169,15.514200415733498,108.41067567973687,53.62997362509029
861,5466,269.0577930960613,1.0,28.2287600082456,89.66901468757169,15.514200415733498,108.41067567973687,53.62997362509029
1922,5470,254.29021871135296,1.0,28.2287600082456,89.66901468757169,15.514200415733498,108.41067567973687,53.62997362509029
1891,5474,174.0,1.0,28.2287600082456,89.66901468757169,15.514200415733498,108.41067567973687,53.62997362509029
1218,5518,249.7215044969027,1.0,28.2287600082456,89.66901468757169,15.514200415733498,108.41067567973687,53.62997362509029
923,5534,138.0,1.0,28.2287600082456,89.66901468757169,15.514200415733498,108.41067567973687,53.62997362509029
2549,5554,272.64252307362636,1.0,28.2287600082456,89.66901468757169,15.514200415733498,108.41067567973687,53.62997362509029
2056,5566,204.0,1.0,28.2287600082456,89.66901468757169,15.514200415733498,108.41067567973687,53.62997362509029
1905,5584,154.0,1.0,28.2287600082456,89.66901468757169,15.514200415733498,108.41067567973687,53.62997362509029
1621,5604,210.60655347108073,1.0,28.2287600082456,89.66901468757169,15.514200415733498,108.41067567973687,53.62997362509029
1938,5608,291.7580500067893,1.0,28.2287600082456,89.66901468757169,15.514200415733498,108.41067567973687,53.62997362509029
1213,5618,354.66864431575937,1.0,28.2287600082456,89.66901468757169,15.514200415733498,108.41067567973687,53.62997362509029
1876,5622,208.0,1.0,28.2287600082456,89.66901468757169,15.514200415733498,108.41067567973687,53.62997362509029
1986,5632,216.0,1.0,28.2287600082456,89.66901468757169,15.514200415733498,108.41067567973687,53.62997362509029
841,5646,217.86855189014872,1.0,28.2287600082456,89.66901468757169,15.514200415733498,108.41067567973687,53.62997362509029
1733,5652,236.71555204740173,1.0,28.2287600082456,89.66901468757169,15.514200415733498,108.41067567973687,53.62997362509029
1756,5654,244.59221796019443,1.0,28.2287600082456,89.66901468757169,15.514200415733498,108.41067567973687,53.62997362509029
1738,5658,218.843535345026,1.0,28.2287600082456,89.66901468757169,15.514200415733498,108.41067567973687,53.62997362509029
1798,5668,315.5075597904195,1.0,28.2287600082456,89.66901468757169,15.514200415733498,108.41067567973687,53.62997362509029
1045,5672,236.0,1.0,28.2287600082456,89.66901468757169,15.514200415733498,108.41067567973687,53.62997362509029
1988,5690,174.0,1.0,28.2287600082456,89.66901468757169,15.514200415733498,108.41067567973687,53.62997362509029
886,5694,269.22559872136185,1.0,28.2287600082456,89.66901468757169,15.514200415733498,108.41067567973687,53.62997362509029
2063,5714,106.0,1.0,28.2287600082456,89.66901468757169,15.514200415733498,108.41067567973687,53.62997362509029
293,5716,301.9441045734301,1.0,28.2287600082456,89.66901468757169,15.514200415733498,108.41067567973687,53.62997362509029
1712,5726,294.7532719550621,1.0,28.2287600082456,89.66901468757169,15.514200415733498,108.41067567973687,53.62997362509029
2156,5734,286.81643938817757,1.0,28.2287600082456,89.66901468757169,15.514200415733498,108.41067567973687,53.62997362509029
729,5748,272.5806753166455,1.0,28.2287600082456,89.66901468757169,15.514200415733498,108.41067567973687,53.62997362509029
2435,5752,260.68890551616556,1.0,28.2287600082456,89.66901468757169,15.514200415733498,108.41067567973687,53.62997362509029
775,5754,178.0,1.0,28.2287600082456,89.66901468757169,15.514200415733498,108.41067567973687,53.62997362509029
718,5776,449.91850583429084,1.0,28.2287600082456,89.66901468757169,15.514200415733498,108.41067567973687,53.62997362509029
1145,5778,242.0,1.0,28.2287600082456,89.66901468757169,15.514200415733498,108.41067567973687,53.62997362509029
955,5800,244.07855785340655,1.0,28.2287600082456,89.66901468757169,15.514200415733498,108.41067567973687,53.62997362509029
1806,5804,240.62983659634446,1.0,28.2287600082456,89.66901468757169,15.514200415733498,108.41067567973687,53.62997362509029
1245,5806,241.72194634679087,1.0,28.2287600082456,89.66901468757169,15.514200415733498,108.41067567973687,53.62997362509029
1691,5810,223.0774170855969,1.0,28.2287600082456,89.66901468757169,15.514200415733498,108.41067567973687,53.62997362509029
3176,5812,232.43173178708037,1.0,28.2287600082456,89.66901468757169,15.514200415733498,108.41067567973687,53.62997362509029
379,5846,382.2080539785783,1.0,28.2287600082456,89.66901468757169,15.514200415733498,108.41067567973687,53.62997362509029
2524,5856,235.73022771605403,1.0,28.2287600082456,89.66901468757169,15.514200415733498,108.41067567973687,53.62997362509029
1493,5862,261.40473756809763,1.0,28.2287600082456,89.66901468757169,15.514200415733498,108.41067567973687,53.62997362509029
2025,5902,286.7040525083851,1.0,28.2287600082456,89.66901468757169,15.514200415733498,108.41067567973687,53.62997362509029
1970,5908,246.64241831068665,1.0,28.2287600082456,89.66901468757169,15.514200415733498,108.41067567973687,53.62997362509029
2295,5930,206.0,1.0,28.2287600082456,89.66901468757169,15.514200415733498,108.41067567973687,53.62997362509029
1925,5938,241.5659386250536,1.0,28.2287600082456,89.66901468757169,15.514200415733498,108.41067567973687,53.62997362509029
1391,5940,319.9784430719476,1.0,28.2287600082456,89.66901468757169,15.514200415733498,108.41067567973687,53.62997362509029
3542,5956,189.26589377410102,1.0,28.2287600082456,89.66901468757169,15.514200415733498,108.41067567973687,53.62997362509029
950,5962,338.95022461997064,1.0,28.2287600082456,89.66901468757169,15.514200415733498,108.41067567973687,53.62997362509029
2045,5964,241.40553139269753,1.0,28.2287600082456,89.66901468757169,15.514200415733498,108.41067567973687,53.62997362509029
597,5966,375.18978801495587,1.0,28.2287600082456,89.66901468757169,15.514200415733498,108.41067567973687,53.62997362509029
2586,5968,182.0,1.0,28.2287600082456,89.66901468757169,15.514200415733498,108.41067567973687,53.62997362509029
2432,5980,236.60964095234172,1.0,28.2287600082456,89.66901468757169,15.514200415733498,108.41067567973687,53.62997362509029
1140,5984,351.54497279349954,1.0,28.2287600082456,89.66901468757169,15.514200415733498,108.41067567973687,53.62997362509029
1505,5986,223.35102726479425,1.0,28.2287600082456,89.66901468757169,15.514200415733498,108.41067567973687,53.62997362509029
1316,6000,267.28259635443635,1.0,28.2287600082456,89.66901468757169,15.514200415733498,108.41067567973687,53.62997362509029
2228,6004,202.0,1.0,28.2287600082456,89.66901468757169,15.514200415733498,108.41067567973687,53.62997362509029
2678,6008,260.9339560148081,1.0,28.2287600082456,89.66901468757169,15.514200415733498,108.41067567973687,53.62997362509029
2238,6014,182.0,1.0,28.2287600082456,89.66901468757169,15.514200415733498,108.41067567973687,53.62997362509029
2483,6030,174.0,1.0,28.2287600082456,89.66901468757169,15.514200415733498,108.41067567973687,53.62997362509029
3024,6048,192.6580261736658,1.0,28.2287600082456,89.66901468757169,15.514200415733498,108.41067567973687,53.62997362509029
1131,6050,189.0645513456834,1.0,28.2287600082456,89.66901468757169,15.514200415733498,108.41067567973687,53.62997362509029
947,6054,325.1584632031569,1.0,28.2287600082456,89.66901468757169,15.514200415733498,108.41067567973687,53.62997362509029
1353,6060,238.32386170668727,1.0,28.2287600082456,89.66901468757169,15.514200415733498,108.41067567973687,53.62997362509029
1880,6068,200.0,1.0,28.2287600082456,89.66901468757169,15.514200415733498,108.41067567973687,53.62997362509029
1092,6070,254.70636771550588,1.0,28.2287600082456,89.66901468757169,15.514200415733498,108.41067567973687,53.62997362509029
1438,6072,232.8070261584083,1.0,28.2287600082456,89.66901468757169,15.514200415733498,108.41067567973687,53.62997362509029
2504,6078,207.76771871438245,1.0,28.2287600082456,89.66901468757169,15.514200415733498,108.41067567973687,53.62997362509029
1180,6082,290.5775236451858,1.0,28.2287600082456,89.66901468757169,15.514200415733498,108.41067567973687,53.62997362509029
1408,6106,305.99068621555307,1.0,28.2287600082456,89.66901468757169,15.514200415733498,108.41067567973687,53.62997362509029
569,6112,265.26346559050694,1.0,28.2287600082456,89.66901468757169,15.514200415733498,108.41067567973687,53.62997362509029
2122,6124,240.8856918069368,1.0,28.2287600082456,89.66901468757169,15.514200415733498,108.41067567973687,53.62997362509029
2032,6132,202.78523697688283,1.0,28.2287600082456,89.66901468757169,15.514200415733498,108.41067567973687,53.62997362509029
1503,6134,217.6587185996891,1.0,28.2287600082456,89.66901468757169,15.514200415733498,108.41067567973687,53.62997362509029
1590,6140,158.0,1.0,28.2287600082456,89.66901468757169,15.514200415733498,108.41067567973687,53.62997362509029
1328,6142,343.482390557674,1.0,28.2287600082456,89.66901468757169,15.514200415733498,108.41067567973687,53.62997362509029
1747,6146,206.1681153687738,1.0,28.2287600082456,89.66901468757169,15.514200415733498,108.41067567973687,53.62997362509029
2556,6148,178.47585044948903,1.0,28.2287600082456,89.66901468757169,15.514200415733498,108.41067567973687,53.62997362509029
2398,6150,213.78005135922854,1.0,28.2287600082456,89.66901468757169,15.514200415733498,108.41067567973687,53.62997362509029
3658,6152,138.0,1.0,28.2287600082456,89.66901468757169,15.514200415733498,108.41067567973687,53.62997362509029
1341,6168,248.68129587723098,1.0,28.2287600082456,89.66901468757169,15.514200415733498,108.41067567973687,53.62997362509029
1886,6170,258.57534637569563,1.0,28.2287600082456,89.66901468757169,15.514200415733498,108.41067567973687,53.62997362509029
705,6190,223.11357920364637,1.0,28.2287600082456,89.66901468757169,15.514200415733498,108.41067567973687,53.62997362509029
1424,6194,231.83986871209623,1.0,28.2287600082456,89.66901468757169,15.514200415733498,108.41067567973687,53.62997362509029
1627,6202,229.69443897060097,1.0,28.2287600082456,89.66901468757169,15.514200415733498,108.41067567973687,53.62997362509029
832,6206,219.4107512688194,1.0,28.2287600082456,89.66901468757169,15.514200415733498,108.41067567973687,53.62997362509029
1056,6208,207.33238261453468,1.0,28.2287600082456,89.66901468757169,15.514200415733498,108.41067567973687,53.62997362509029
2814,6212,184.63473832614127,1.0,28.2287600082456,89.66901468757169,15.514200415733498,108.41067567973687,53.62997362509029
943,6214,385.4522410162859,1.0,28.2287600082456,89.66901468757169,15.514200415733498,108.41067567973687,53.62997362509029
3262,6218,166.0,1.0,28.2287600082456,89.66901468757169,15.514200415733498,108.41067567973687,53.62997362509029
1263,6222,193.6382629550888,1.0,28.2287600082456,89.66901468757169,15.514200415733498,108.41067567973687,53.62997362509029
2554,6224,185.7453877110424,1.0,28.2287600082456,89.66901468757169,15.514200415733498,108.41067567973687,53.62997362509029
3612,6226,164.60796536003278,1.0,28.2287600082456,89.66901468757169,15.514200415733498,108.41067567973687,53.62997362509029
1461,6228,134.0,1.0,28.2287600082456,89.66901468757169,15.514200415733498,108.41067567973687,53.62997362509029
2782,6230,110.0,1.0,28.2287600082456,89.66901468757169,15.514200415733498,108.41067567973687,53.62997362509029
2926,6232,171.5407589038186,1.0,28.2287600082456,89.66901468757169,15.514200415733498,108.41067567973687,53.62997362509029
1914,6240,315.2650057919186,1.0,28.2287600082456,89.66901468757169,15.514200415733498,108.41067567973687,53.62997362509029
1455,6248,287.4913886307985,1.0,28.2287600082456,89.66901468757169,15.514200415733498,108.41067567973687,53.62997362509029
923,6252,270.5087913962209,1.0,28.2287600082456,89.66901468757169,15.514200415733498,108.41067567973687,53.62997362509029
1058,6256,376.7069691788483,1.0,28.2287600082456,89.66901468757169,15.514200415733498,108.41067567973687,53.62997362509029
2421,6262,243.59268085897244,1.0,28.2287600082456,89.66901468757169,15.514200415733498,108.41067567973687,53.62997362509029
1280,6264,276.0,1.0,28.2287600082456,89.66901468757169,15.514200415733498,108.41067567973687,53.62997362509029
1954,6274,166.0,1.0,28.2287600082456,89.66901468757169,15.514200415733498,108.41067567973687,53.62997362509029
620,6276,260.0,1.0,28.2287600082456,89.66901468757169,15.514200415733498,108.41067567973687,53.62997362509029
1369,6278,230.00882501204612,1.0,28.2287600082456,89.66901468757169,15.514200415733498,108.41067567973687,53.62997362509029
1787,6288,222.06948580696942,1.0,28.2287600082456,89.66901468757169,15.514200415733498,108.41067567973687,53.62997362509029
1507,6298,222.55571603950182,1.0,28.2287600082456,89.66901468757169,15.514200415733498,108.41067567973687,53.62997362509029
2488,6300,176.4476031726635,1.0,28.2287600082456,89.66901468757169,15.514200415733498,108.41067567973687,53.62997362509029
617,6306,200.4217266760117,1.0,28.2287600082456,89.66901468757169,15.514200415733498,108.41067567973687,53.62997362509029
505,6314,338.2079572748517,1.0,28.2287600082456,89.66901468757169,15.514200415733498,108.41067567973687,53.62997362509029
1047,6316,282.9603389847324,1.0,28.2287600082456,89.66901468757169,15.514200415733498,108.41067567973687,53.62997362509029
1016,6320,262.3805891498924,1.0,28.2287600082456,89.66901468757169,15.514200415733498,108.41067567973687,53.62997362509029
1788,6328,217.1871889176117,1.0,28.2287600082456,89.66901468757169,15.514200415733498,108.41067567973687,53.62997362509029
1227,6346,220.83329612384637,1.0,28.2287600082456,89.66901468757169,15.514200415733498,108.41067567973687,53.62997362509029
1835,6350,185.0753647502505,1.0,28.2287600082456,89.66901468757169,15.514200415733498,108.41067567973687,53.62997362509029
791,6354,192.9278703268216,1.0,28.2287600082456,89.66901468757169,15.514200415733498,108.41067567973687,53.62997362509029
1473,6360,177.20091420461293,1.0,28.2287600082456,89.66901468757169,15.514200415733498,108.41067567973687,53.62997362509029
1287,6364,277.3230153482466,1.0,28.2287600082456,89.66901468757169,15.514200415733498,108.41067567973687,53.62997362509029
1058,6374,259.70147884329344,1.0,28.2287600082456,89.66901468757169,15.514200415733498,108.41067567973687,53.62997362509029
1279,6380,170.0,1.0,28.2287600082456,89.66901468757169,15.514200415733498,108.41067567973687,53.62997362509029
1027,6392,294.0515170269385,1.0,28.2287600082456,89.66901468757169,15.514200415733498,108.41067567973687,53.62997362509029
2722,6394,198.0,1.0,28.2287600082456,89.66901468757169,15.514200415733498,108.41067567973687,53.62997362509029
2174,6398,219.97644593327615,1.0,28.2287600082456,89.66901468757169,15.514200415733498,108.41067567973687,53.62997362509029
2562,6404,156.0,1.0,28.2287600082456,89.66901468757169,15.514200415733498,108.41067567973687,53.62997362509029
3254,6406,216.5644691851724,1.0,28.2287600082456,89.66901468757169,15.514200415733498,108.41067567973687,53.62997362509029
1633,6418,201.13129248191996,1.0,28.2287600082456,89.66901468757169,15.514200415733498,108.41067567973687,53.62997362509029
1755,6428,152.0,1.0,28.2287600082456,89.66901468757169,15.514200415733498,108.41067567973687,53.62997362509029
2774,6430,166.0549410262554,1.0,28.2287600082456,89.66901468757169,15.514200415733498,108.41067567973687,53.62997362509029
1460,6436,346.6843585733526,1.0,28.2287600082456,89.66901468757169,15.514200415733498,108.41067567973687,53.62997362509029
3316,6438,183.97454032186113,1.0,28.2287600082456,89.66901468757169,15.514200415733498,108.41067567973687,53.62997362509029
3934,6440,119.26039552518405,1.0,28.2287600082456,89.66901468757169,15.514200415733498,108.41067567973687,53.62997362509029
1139,6456,261.9111078343124,1.0,28.2287600082456,89.66901468757169,15.514200415733498,108.41067567973687,53.62997362509029
2025,6466,219.2824760777908,1.0,28.2287600082456,89.66901468757169,15.514200415733498,108.41067567973687,53.62997362509029
1942,6472,238.83182236401822,1.0,28.2287600082456,89.66901468757169,15.514200415733498,108.41067567973687,53.62997362509029
1096,6476,335.97517423225327,1.0,28.2287600082456,89.66901468757169,15.514200415733498,108.41067567973687,53.62997362509029
1344,6480,208.71980846195166,1.0,28.2287600082456,89.66901468757169,15.514200415733498,108.41067567973687,53.62997362509029
2051,6482,205.7103656797966,1.0,28.2287600082456,89.66901468757169,15.514200415733498,108.41067567973687,53.62997362509029
917,6484,217.89915728972153,1.0,28.2287600082456,89.66901468757169,15.514200415733498,108.41067567973687,53.62997362509029
2352,6500,197.7009780379404,1.0,28.2287600082456,89.66901468757169,15.514200415733498,108.41067567973687,53.62997362509029
2894,6504,174.3180457615621,1.0,28.2287600082456,89.66901468757169,15.514200415733498,108.41067567973687,53.62997362509029
1078,6506,345.4013807989911,1.0,28.2287600082456,89.66901468757169,15.514200415733498,108.41067567973687,53.62997362509029
3846,6510,197.14025061287185,1.0,28.2287600082456,89.66901468757169,15.514200415733498,108.41067567973687,53.62997362509029
297,6512,216.47419922359893,1.0,28.2287600082456,89.66901468757169,15.514200415733498,108.41067567973687,53.62997362509029
3612,6518,190.57833398126763,1.0,28.2287600082456,89.66901468757169,15.514200415733498,108.41067567973687,53.62997362509029
1768,6534,261.51502471320646,1.0,28.2287600082456,89.66901468757169,15.514200415733498,108.41067567973687,53.62997362509029
1071,6554,215.28524884148823,1.0,28.2287600082456,89.66901468757169,15.514200415733498,108.41067567973687,53.62997362509029
848,6558,182.41813613055706,1.0,28.2287600082456,89.66901468757169,15.514200415733498,108.41067567973687,53.62997362509029
2102,6580,267.1881613231812,1.0,28.2287600082456,89.66901468757169,15.514200415733498,108.41067567973687,53.62997362509029
1742,6582,281.9682658063516,1.0,28.2287600082456,89.66901468757169,15.514200415733498,108.41067567973687,53.62997362509029
913,6584,250.02443936692725,1.0,28.2287600082456,89.66901468757169,15.514200415733498,108.41067567973687,53.62997362509029
2222,6586,230.7581414260839,1.0,28.2287600082456,89.66901468757169,15.514200415733498,108.41067567973687,53.62997362509029
1770,6590,227.12281013673302,1.0,28.2287600082456,89.66901468757169,15.514200415733498,108.41067567973687,53.62997362509029
2642,6592,174.0,1.0,28.2287600082456,89.66901468757169,15.514200415733498,108.41067567973687,53.62997362509029
2292,6602,206.00831479895916,1.0,28.2287600082456,89.66901468757169,15.514200415733498,108.41067567973687,53.62997362509029
1292,6618,202.79035370156674,1.0,28.2287600082456,89.66901468757169,15.514200415733498,108.41067567973687,53.62997362509029
2640,6632,198.68124766101243,1.0,28.2287600082456,89.66901468757169,15.514200415733498,108.41067567973687,53.62997362509029
2884,6634,178.5797130340987,1.0,28.2287600082456,89.66901468757169,15.514200415733498,108.41067567973687,53.62997362509029
1167,6644,263.68964247414345,1.0,28.2287600082456,89.66901468757169,15.514200415733498,108.41067567973687,53.62997362509029
2674,6646,255.73455226857183,1.0,28.2287600082456,89.66901468757169,15.514200415733498,108.41067567973687,53.62997362509029
447,6648,243.49198462804293,1.0,28.2287600082456,89.66901468757169,15.514200415733498,108.41067567973687,53.62997362509029
2158,6654,246.78160837318225,1.0,28.2287600082456,89.66901468757169,15.514200415733498,108.41067567973687,53.62997362509029
2414,6656,203.72842264656484,1.0,28.2287600082456,89.66901468757169,15.514200415733498,108.41067567973687,53.62997362509029
1169,6658,228.74542880691837,1.0,28.2287600082456,89.66901468757169,15.514200415733498,108.41067567973687,53.62997362509029
2319,6660,218.21234077707345,1.0,28.2287600082456,89.66901468757169,15.514200415733498,108.41067567973687,53.62997362509029
2006,6662,194.7611044609001,1.0,28.2287600082456,89.66901468757169,15.514200415733498,108.41067567973687,53.62997362509029
986,6668,191.98892774685888,1.0,28.2287600082456,89.66901468757169,15.514200415733498,108.41067567973687,53.62997362509029
1930,6672,215.04664398354967,1.0,28.2287600082456,89.66901468757169,15.514200415733498,108.41067567973687,53.62997362509029
295,6676,216.98599264078044,1.0,28.2287600082456,89.66901468757169,15.514200415733498,108.41067567973687,53.62997362509029
1253,6686,207.38445441649108,1.0,28.2287600082456,89.66901468757169,15.514200415733498,108.41067567973687,53.62997362509029
2154,6690,215.97542568858734,1.0,28.2287600082456,89.66901468757169,15.514200415733498,108.41067567973687,53.62997362509029
2439,6702,187.66013310094723,1.0,28.2287600082456,89.66901468757169,15.514200415733498,108.41067567973687,53.62997362509029
1808,6706,250.0,1.0,28.2287600082456,89.66901468757169,15.514200415733498,108.41067567973687,53.62997362509029
1820,6710,144.71355582409882,1.0,28.2287600082456,89.66901468757169,15.514200415733498,108.41067567973687,53.62997362509029
2671,6712,141.83605830819988,1.0,28.2287600082456,89.66901468757169,15.514200415733498,108.41067567973687,53.62997362509029
1987,6718,117.57266671794125,1.0,28.2287600082456,89.66901468757169,15.514200415733498,108.41067567973687,53.62997362509029
711,6728,232.24521257492995,1.0,28.2287600082456,89.66901468757169,15.514200415733498,108.41067567973687,53.62997362509029
2548,6740,202.08852807315876,1.0,28.2287600082456,89.66901468757169,15.514200415733498,108.41067567973687,53.62997362509029
2530,6748,227.09859712891756,1.0,28.2287600082456,89.66901468757169,15.514200415733498,108.41067567973687,53.62997362509029
2326,6760,207.14537222341872,1.0,28.2287600082456,89.66901468757169,15.514200415733498,108.41067567973687,53.62997362509029
1838,6766,199.76204354370583,1.0,28.2287600082456,89.66901468757169,15.514200415733498,108.41067567973687,53.62997362509029
1116,6770,300.8924129436836,1.0,28.2287600082456,89.66901468757169,15.514200415733498,108.41067567973687,53.62997362509029
2600,6780,200.4983911543904,1.0,28.2287600082456,89.66901468757169,15.514200415733498,108.41067567973687,53.62997362509029
1920,6784,272.704615076664,1.0,28.2287600082456,89.66901468757169,15.514200415733498,108.41067567973687,53.62997362509029
2176,6790,285.62173457755546,1.0,28.2287600082456,89.66901468757169,15.514200415733498,108.41067567973687,53.62997362509029
715,6792,264.66212894894494,1.0,28.2287600082456,89.66901468757169,15.514200415733498,108.41067567973687,53.62997362509029
2356,6800,236.88998343900073,1.0,28.2287600082456,89.66901468757169,15.514200415733498,108.41067567973687,53.62997362509029
1722,6812,230.4571396046357,1.0,28.2287600082456,89.66901468757169,15.514200415733498,108.41067567973687,53.62997362509029
1411,6814,209.94921259985801,1.0,28.2287600082456,89.66901468757169,15.514200415733498,108.41067567973687,53.62997362509029
1982,6820,186.25405921788303,1.0,28.2287600082456,89.66901468757169,15.514200415733498,108.41067567973687,53.62997362509029
2824,6822,153.67718375546113,1.0,28.2287600082456,89.66901468757169,15.514200415733498,108.41067567973687,53.62997362509029
2073,6828,172.54132231655325,1.0,28.2287600082456,89.66901468757169,15.514200415733498,108.41067567973687,53.62997362509029
1201,6834,175.0887841482205,1.0,28.2287600082456,89.66901468757169,15.514200415733498,108.41067567973687,53.62997362509029
1007,6838,242.09004410902622,1.0,28.2287600082456,89.66901468757169,15.514200415733498,108.41067567973687,53.62997362509029
505,6840,280.3070018041501,1.0,28.2287600082456,89.66901468757169,15.514200415733498,108.41067567973687,53.62997362509029
1848,6842,243.88591586522472,1.0,28.2287600082456,89.66901468757169,15.514200415733498,108.41067567973687,53.62997362509029
941,6848,356.4843358959314,1.0,28.2287600082456,89.66901468757169,15.514200415733498,108.41067567973687,53.62997362509029
1576,6852,240.14472044106563,1.0,28.2287600082456,89.66901468757169,15.514200415733498,108.41067567973687,53.62997362509029
655,6854,238.9761382945497,1.0,28.2287600082456,89.66901468757169,15.514200415733498,108.41067567973687,53.62997362509029
1392,6856,194.6285672806608,1.0,28.2287600082456,89.66901468757169,15.514200415733498,108.41067567973687,53.62997362509029
2506,6858,200.44273756269305,1.0,28.2287600082456,89.66901468757169,15.514200415733498,108.41067567973687,53.62997362509029
979,6874,183.4545984977085,1.0,28.2287600082456,89.66901468757169,15.514200415733498,108.41067567973687,53.62997362509029
2040,6878,199.76292572751905,1.0,28.2287600082456,89.66901468757169,15.514200415733498,108.41067567973687,53.62997362509029
1605,6880,202.43794262764754,1.0,28.2287600082456,89.66901468757169,15.514200415733498,108.41067567973687,53.62997362509029
543,6882,193.93415495574914,1.0,28.2287600082456,89.66901468757169,15.514200415733498,108.41067567973687,53.62997362509029
1690,6884,168.93531470323686,1.0,28.2287600082456,89.66901468757169,15.514200415733498,108.41067567973687,53.62997362509029
2220,6888,184.9194715085809,1.0,28.2287600082456,89.66901468757169,15.514200415733498,108.41067567973687,53.62997362509029
3388,6896,191.31979039410376,1.0,28.2287600082456,89.66901468757169,15.514200415733498,108.41067567973687,53.62997362509029
778,6902,377.45063832431435,1.0,28.2287600082456,89.66901468757169,15.514200415733498,108.41067567973687,53.62997362509029
2115,6908,172.6508253755791,1.0,28.2287600082456,89.66901468757169,15.514200415733498,108.41067567973687,53.62997362509029
2020,6914,255.88551013482973,1.0,28.2287600082456,89.66901468757169,15.514200415733498,108.41067567973687,53.62997362509029
2994,6916,112.42922541444464,1.0,28.2287600082456,89.66901468757169,15.514200415733498,108.41067567973687,53.62997362509029
1524,6918,311.9440844228106,1.0,28.2287600082456,89.66901468757169,15.514200415733498,108.41067567973687,53.62997362509029
1330,6936,221.98931540343824,1.0,28.2287600082456,89.66901468757169,15.514200415733498,108.41067567973687,53.62997362509029
2378,6938,242.0297643152436,1.0,28.2287600082456,89.66901468757169,15.514200415733498,108.41067567973687,53.62997362509029
2414,6940,210.39369923146157,1.0,28.2287600082456,89.66901468757169,15.514200415733498,108.41067567973687,53.62997362509029
1100,6942,388.85688649658226,1.0,28.2287600082456,89.66901468757169,15.514200415733498,108.41067567973687,53.62997362509029
1527,6944,207.7574625071551,1.0,28.2287600082456,89.66901468757169,15.514200415733498,108.41067567973687,53.62997362509029
757,6946,230.57441227806427,1.0,28.2287600082456,89.66901468757169,15.514200415733498,108.41067567973687,53.62997362509029
1001,6948,223.6480343710938,1.0,28.2287600082456,89.66901468757169,15.514200415733498,108.41067567973687,53.62997362509029
2771,6952,233.42822603303148,1.0,28.2287600082456,89.66901468757169,15.514200415733498,108.41067567973687,53.62997362509029
2449,6956,220.72303303489423,1.0,28.2287600082456,89.66901468757169,15.514200415733498,108.41067567973687,53.62997362509029
1165,6958,202.2887565323143,1.0,28.2287600082456,89.66901468757169,15.514200415733498,108.41067567973687,53.62997362509029
2853,6960,223.52053371898833,1.0,28.2287600082456,89.66901468757169,15.514200415733498,108.41067567973687,53.62997362509029
1405,6962,222.78701954976145,1.0,28.2287600082456,89.66901468757169,15.514200415733498,108.41067567973687,53.62997362509029
1585,6970,212.24799680750917,1.0,28.2287600082456,89.66901468757169,15.514200415733498,108.41067567973687,53.62997362509029
1989,6976,192.77656601484492,1.0,28.2287600082456,89.66901468757169,15.514200415733498,108.41067567973687,53.62997362509029
2348,6980,187.759966837949,1.0,28.2287600082456,89.66901468757169,15.514200415733498,108.41067567973687,53.62997362509029
1003,6984,296.39163227266704,1.0,28.2287600082456,89.66901468757169,15.514200415733498,108.41067567973687,53.62997362509029
3216,6990,149.99907643996372,1.0,28.2287600082456,89.66901468757169,15.514200415733498,108.41067567973687,53.62997362509029
2952,6992,141.9782615054564,1.0,28.2287600082456,89.66901468757169,15.514200415733498,108.41067567973687,53.62997362509029
3142,6994,163.29190422906927,1.0,28.2287600082456,89.66901468757169,15.514200415733498,108.41067567973687,53.62997362509029
1983,6996,136.1445026277718,1.0,28.2287600082456,89.66901468757169,15.514200415733498,108.41067567973687,53.62997362509029
1002,7008,323.4825269570936,1.0,28.2287600082456,89.66901468757169,15.514200415733498,108.41067567973687,53.62997362509029
3370,7012,236.50341771837572,1.0,28.2287600082456,89.66901468757169,15.514200415733498,108.41067567973687,53.62997362509029
1736,7014,205.24538628990564,1.0,28.2287600082456,89.66901468757169,15.514200415733498,108.41067567973687,53.62997362509029
1327,7018,205.876477974555,1.0,28.2287600082456,89.66901468757169,15.514200415733498,108.41067567973687,53.62997362509029
1885,7022,316.96022445270995,1.0,28.2287600082456,89.66901468757169,15.514200415733498,108.41067567973687,53.62997362509029
2778,7024,200.13633778790077,1.0,28.2287600082456,89.66901468757169,15.514200415733498,108.41067567973687,53.62997362509029
2038,7026,216.62728883544156,1.0,28.2287600082456,89.66901468757169,15.514200415733498,108.41067567973687,53.62997362509029
4228,7028,212.99547798687362,1.0,28.2287600082456,89.66901468757169,15.514200415733498,108.41067567973687,53.62997362509029
2603,7030,163.13726139673287,1.0,28.2287600082456,89.66901468757169,15.514200415733498,108.41067567973687,53.62997362509029
3012,7032,194.13907595182224,1.0,28.2287600082456,89.66901468757169,15.514200415733498,108.41067567973687,53.62997362509029
2764,7036,165.9662800267761,1.0,28.2287600082456,89.66901468757169,15.514200415733498,108.41067567973687,53.62997362509029
2802,7040,160.70869807910438,1.0,28.2287600082456,89.66901468757169,15.514200415733498,108.41067567973687,53.62997362509029
1189,7042,120.0,1.0,28.2287600082456,89.66901468757169,15.514200415733498,108.41067567973687,53.62997362509029
2457,7044,190.05234948505773,1.0,28.2287600082456,89.66901468757169,15.514200415733498,108.41067567973687,53.62997362509029
1017,7054,269.17517146222207,1.0,28.2287600082456,89.66901468757169,15.514200415733498,108.41067567973687,53.62997362509029
2417,7058,249.608809060203,1.0,28.2287600082456,89.66901468757169,15.514200415733498,108.41067567973687,53.62997362509029
1327,7060,243.61633717155186,1.0,28.2287600082456,89.66901468757169,15.514200415733498,108.41067567973687,53.62997362509029
1416,7062,249.8835951639145,1.0,28.2287600082456,89.66901468757169,15.514200415733498,108.41067567973687,53.62997362509029
2172,7064,224.91626052922487,1.0,28.2287600082456,89.66901468757169,15.514200415733498,108.41067567973687,53.62997362509029
1593,7076,228.6709052031224,1.0,28.2287600082456,89.66901468757169,15.514200415733498,108.41067567973687,53.62997362509029
1481,7078,226.86720687806647,1.0,28.2287600082456,89.66901468757169,15.514200415733498,108.41067567973687,53.62997362509029
2037,7082,183.939299516244,1.0,28.2287600082456,89.66901468757169,15.514200415733498,108.41067567973687,53.62997362509029
2796,7084,224.81929063137355,1.0,28.2287600082456,89.66901468757169,15.514200415733498,108.41067567973687,53.62997362509029
1966,7094,180.78013805128523,1.0,28.2287600082456,89.66901468757169,15.514200415733498,108.41067567973687,53.62997362509029
2748,7098,171.74497302282109,1.0,28.2287600082456,89.66901468757169,15.514200415733498,108.41067567973687,53.62997362509029
789,7102,193.00263612077018,1.0,28.2287600082456,89.66901468757169,15.514200415733498,108.41067567973687,53.62997362509029
2378,7104,172.96937890775916,1.0,28.2287600082456,89.66901468757169,15.514200415733498,108.41067567973687,53.62997362509029
2010,7106,196.23951676454894,1.0,28.2287600082456,89.66901468757169,15.514200415733498,108.41067567973687,53.62997362509029
1759,7112,290.6318461322107,1.0,28.2287600082456,89.66901468757169,15.514200415733498,108.41067567973687,53.62997362509029
3175,7114,191.88175701512068,1.0,28.2287600082456,89.66901468757169,15.514200415733498,108.41067567973687,53.62997362509029
1951,7116,178.62270469065456,1.0,28.2287600082456,89.66901468757169,15.514200415733498,108.41067567973687,53.62997362509029
2958,7126,178.4219986164582,1.0,28.2287600082456,89.66901468757169,15.514200415733498,108.41067567973687,53.62997362509029
990,7128,242.42453950882108,1.0,28.2287600082456,89.66901468757169,15.514200415733498,108.41067567973687,53.62997362509029
4248,7132,126.84900419731018,1.0,28.2287600082456,89.66901468757169,15.514200415733498,108.41067567973687,53.62997362509029
1316,7138,297.4764361606985,1.0,28.2287600082456,89.66901468757169,15.514200415733498,108.41067567973687,53.62997362509029
2044,7140,281.2759976518799,1.0,28.2287600082456,89.66901468757169,15.514200415733498,108.41067567973687,53.62997362509029
1353,7144,267.4759160360246,1.0,28.2287600082456,89.66901468757169,15.514200415733498,108.41067567973687,53.62997362509029
2260,7146,238.3995885560806,1.0,28.2287600082456,89.66901468757169,15.514200415733498,108.41067567973687,53.62997362509029
1910,7148,266.37225862445484,1.0,28.2287600082456,89.66901468757169,15.514200415733498,108.41067567973687,53.62997362509029
1924,7150,244.59141822313904,1.0,28.2287600082456,89.66901468757169,15.514200415733498,108.41067567973687,53.62997362509029
1008,7156,214.13529532319797,1.0,28.2287600082456,89.66901468757169,15.514200415733498,108.41067567973687,53.62997362509029
2282,7168,238.09291926073183,1.0,28.2287600082456,89.66901468757169,15.514200415733498,108.41067567973687,53.62997362509029
3329,7172,190.86362112009795,1.0,28.2287600082456,89.66901468757169,15.514200415733498,108.41067567973687,53.62997362509029
1997,7174,197.66418557952585,1.0,28.2287600082456,89.66901468757169,15.514200415733498,108.41067567973687,53.62997362509029
2247,7180,176.0506866128062,1.0,28.2287600082456,89.66901468757169,15.514200415733498,108.41067567973687,53.62997362509029
1900,7182,216.81629073973113,1.0,28.2287600082456,89.66901468757169,15.514200415733498,108.41067567973687,53.62997362509029
2476,7186,213.4873029984839,1.0,28.2287600082456,89.66901468757169,15.514200415733498,108.41067567973687,53.62997362509029
3088,7188,192.0630534548568,1.0,28.2287600082456,89.66901468757169,15.514200415733498,108.41067567973687,53.62997362509029
1341,7190,138.0,1.0,28.2287600082456,89.66901468757169,15.514200415733498,108.41067567973687,53.62997362509029
2436,7196,164.16938730218425,1.0,28.2287600082456,89.66901468757169,15.514200415733498,108.41067567973687,53.62997362509029
3250,7198,196.01733403912175,1.0,28.2287600082456,89.66901468757169,15.514200415733498,108.41067567973687,53.62997362509029
3095,7200,167.79934984872793,1.0,28.2287600082456,89.66901468757169,15.514200415733498,108.41067567973687,53.62997362509029
1999,7210,186.18477231099016,1.0,28.2287600082456,89.66901468757169,15.514200415733498,108.41067567973687,53.62997362509029
4100,7216,137.95517325295341,1.0,28.2287600082456,89.66901468757169,15.514200415733498,108.41067567973687,53.62997362509029
3138,7220,124.79564195695674,1.0,28.2287600082456,89.66901468757169,15.514200415733498,108.41067567973687,53.62997362509029
2375,7222,129.80276369385308,1.0,28.2287600082456,89.66901468757169,15.514200415733498,108.41067567973687,53.62997362509029
3470,7224,163.0422724765694,1.0,28.2287600082456,89.66901468757169,15.514200415733498,108.41067567973687,53.62997362509029
2440,7226,151.00881505717334,1.0,28.2287600082456,89.66901468757169,15.514200415733498,108.41067567973687,53.62997362509029
781,7228,341.1675522294062,1.0,28.2287600082456,89.66901468757169,15.514200415733498,108.41067567973687,53.62997362509029
2162,7230,257.16026629397504,1.0,28.2287600082456,89.66901468757169,15.514200415733498,108.41067567973687,53.62997362509029
2173,7232,221.44240145217597,1.0,28.2287600082456,89.66901468757169,15.514200415733498,108.41067567973687,53.62997362509029
859,7234,225.2182961430924,1.0,28.2287600082456,89.66901468757169,15.514200415733498,108.41067567973687,53.62997362509029
1908,7238,243.5003013117739,1.0,28.2287600082456,89.66901468757169,15.514200415733498,108.41067567973687,53.62997362509029
1388,7240,314.7982599251208,1.0,28.2287600082456,89.66901468757169,15.514200415733498,108.41067567973687,53.62997362509029
990,7244,452.1388809508114,1.0,28.2287600082456,89.66901468757169,15.514200415733498,108.41067567973687,53.62997362509029
954,7246,304.0095014786555,1.0,28.2287600082456,89.66901468757169,15.514200415733498,108.41067567973687,53.62997362509029
2644,7248,203.46429230767504,1.0,28.2287600082456,89.66901468757169,15.514200415733498,108.41067567973687,53.62997362509029
991,7254,186.40819134341808,1.0,28.2287600082456,89.66901468757169,15.514200415733498,108.41067567973687,53.62997362509029
1281,7262,192.2166904117552,1.0,28.2287600082456,89.66901468757169,15.514200415733498,108.41067567973687,53.62997362509029
1501,7264,204.4187929867319,1.0,28.2287600082456,89.66901468757169,15.514200415733498,108.41067567973687,53.62997362509029
2628,7266,208.5493492260871,1.0,28.2287600082456,89.66901468757169,15.514200415733498,108.41067567973687,53.62997362509029
1707,7268,267.0275519212164,1.0,28.2287600082456,89.66901468757169,15.514200415733498,108.41067567973687,53.62997362509029
2776,7274,210.1773375575895,1.0,28.2287600082456,89.66901468757169,15.514200415733498,108.41067567973687,53.62997362509029
1608,7276,321.1663057581954,1.0,28.2287600082456,89.66901468757169,15.514200415733498,108.41067567973687,53.62997362509029
1051,7280,174.280023502361,1.0,28.2287600082456,89.66901468757169,15.514200415733498,108.41067567973687,53.62997362509029
2186,7282,306.02146986698597,1.0,28.2287600082456,89.66901468757169,15.514200415733498,108.41067567973687,53.62997362509029
2734,7290,149.72310929146954,1.0,28.2287600082456,89.66901468757169,15.514200415733498,108.41067567973687,53.62997362509029
1475,7296,146.3435986888744,1.0,28.2287600082456,89.66901468757169,15.514200415733498,108.41067567973687,53.62997362509029
4546,7304,117.80447195093613,1.0,28.2287600082456,89.66901468757169,15.514200415733498,108.41067567973687,53.62997362509029
2055,7308,258.67038231784636,1.0,28.2287600082456,89.66901468757169,15.514200415733498,108.41067567973687,53.62997362509029
1207,7310,225.2758952967791,1.0,28.2287600082456,89.66901468757169,15.514200415733498,108.41067567973687,53.62997362509029
1802,7312,201.97756911166135,1.0,28.2287600082456,89.66901468757169,15.514200415733498,108.41067567973687,53.62997362509029
2376,7314,193.50490970012083,1.0,28.2287600082456,89.66901468757169,15.514200415733498,108.41067567973687,53.62997362509029
1104,7316,368.4806699267621,1.0,28.2287600082456,89.66901468757169,15.514200415733498,108.41067567973687,53.62997362509029
2112,7318,216.955151418642,1.0,28.2287600082456,89.66901468757169,15.514200415733498,108.41067567973687,53.62997362509029
1097,7320,176.87961690954933,1.0,28.2287600082456,89.66901468757169,15.514200415733498,108.41067567973687,53.62997362509029
2682,7328,197.3812332035393,1.0,28.2287600082456,89.66901468757169,15.514200415733498,108.41067567973687,53.62997362509029
947,7336,163.02150668848893,1.0,28.2287600082456,89.66901468757169,15.514200415733498,108.41067567973687,53.62997362509029
1127,7344,152.31694437436448,1.0,28.2287600082456,89.66901468757169,15.514200415733498,108.41067567973687,53.62997362509029
2109,7350,176.1127054358202,1.0,28.2287600082456,89.66901468757169,15.514200415733498,108.41067567973687,53.62997362509029
2767,7354,142.2882721016388,1.0,28.2287600082456,89.66901468757169,15.514200415733498,108.41067567973687,53.62997362509029
2174,7358,167.53268736827545,1.0,28.2287600082456,89.66901468757169,15.514200415733498,108.41067567973687,53.62997362509029
2946,7360,84.0,1.0,28.2287600082456,89.66901468757169,15.514200415733498,108.41067567973687,53.62997362509029
1957,7362,135.77788131824767,1.0,28.2287600082456,89.66901468757169,15.514200415733498,108.41067567973687,53.62997362509029
839,7364,287.3640842352479,1.0,28.2287600082456,89.66901468757169,15.514200415733498,108.41067567973687,53.62997362509029
1801,7368,235.51414055637125,1.0,28.2287600082456,89.66901468757169,15.514200415733498,108.41067567973687,53.62997362509029
1803,7374,226.96750423367365,1.0,28.2287600082456,89.66901468757169,15.514200415733498,108.41067567973687,53.62997362509029
1539,7378,198.03370019593186,1.0,28.2287600082456,89.66901468757169,15.514200415733498,108.41067567973687,53.62997362509029
1382,7382,196.17318916282315,1.0,28.2287600082456,89.66901468757169,15.514200415733498,108.41067567973687,53.62997362509029
2678,7384,188.21033987252272,1.0,28.2287600082456,89.66901468757169,15.514200415733498,108.41067567973687,53.62997362509029
549,7386,182.86253964715453,1.0,28.2287600082456,89.66901468757169,15.514200415733498,108.41067567973687,53.62997362509029
1983,7390,224.26449667128549,1.0,28.2287600082456,89.66901468757169,15.514200415733498,108.41067567973687,53.62997362509029
2554,7392,208.55899746299244,1.0,28.2287600082456,89.66901468757169,15.514200415733498,108.41067567973687,53.62997362509029
2054,7394,168.0,1.0,28.2287600082456,89.66901468757169,15.514200415733498,108.41067567973687,53.62997362509029
3301,7396,188.40629663767098,1.0,28.2287600082456,89.66901468757169,15.514200415733498,108.41067567973687,53.62997362509029
1253,7408,184.4045979412728,1.0,28.2287600082456,89.66901468757169,15.514200415733498,108.41067567973687,53.62997362509029
1966,7410,161.12222756554056,1.0,28.2287600082456,89.66901468757169,15.514200415733498,108.41067567973687,53.62997362509029
2124,7412,146.80097547805494,1.0,28.2287600082456,89.66901468757169,15.514200415733498,108.41067567973687,53.62997362509029
799,7414,244.30446163362882,1.0,28.2287600082456,89.66901468757169,15.514200415733498,108.41067567973687,53.62997362509029
3170,7420,142.7125875515307,1.0,28.2287600082456,89.66901468757169,15.514200415733498,108.41067567973687,53.62997362509029
3640,7424,136.4408888470255,1.0,28.2287600082456,89.66901468757169,15.514200415733498,108.41067567973687,53.62997362509029
2785,7426,145.00997879577963,1.0,28.2287600082456,89.66901468757169,15.514200415733498,108.41067567973687,53.62997362509029
1296,7428,146.0328342528018,1.0,28.2287600082456,89.66901468757169,15.514200415733498,108.41067567973687,53.62997362509029
878,7430,443.33808621582784,1.0,28.2287600082456,89.66901468757169,15.514200415733498,108.41067567973687,53.62997362509029
1265,7434,226.96686397023444,1.0,28.2287600082456,89.66901468757169,15.514200415733498,108.41067567973687,53.62997362509029
1875,7436,244.84975982421568,1.0,28.2287600082456,89.66901468757169,15.514200415733498,108.41067567973687,53.62997362509029
1962,7438,217.22995309984503,1.0,28.2287600082456,89.66901468757169,15.514200415733498,108.41067567973687,53.62997362509029
1571,7446,201.55190690523065,1.0,28.2287600082456,89.66901468757169,15.514200415733498,108.41067567973687,53.62997362509029
2408,7448,208.63418527906364,1.0,28.2287600082456,89.66901468757169,15.514200415733498,108.41067567973687,53.62997362509029
3064,7460,217.49307880878362,1.0,28.2287600082456,89.66901468757169,15.514200415733498,108.41067567973687,53.62997362509029
2640,7462,175.3036038774306,1.0,28.2287600082456,89.66901468757169,15.514200415733498,108.41067567973687,53.62997362509029
2987,7464,204.30756396146964,1.0,28.2287600082456,89.66901468757169,15.514200415733498,108.41067567973687,53.62997362509029
277,7466,201.9103052872995,1.0,28.2287600082456,89.66901468757169,15.514200415733498,108.41067567973687,53.62997362509029
2359,7476,204.00258440975773,1.0,28.2287600082456,89.66901468757169,15.514200415733498,108.41067567973687,53.62997362509029
3122,7478,202.45016275150476,1.0,28.2287600082456,89.66901468757169,15.514200415733498,108.41067567973687,53.62997362509029
3062,7480,157.77679333049662,1.0,28.2287600082456,89.66901468757169,15.514200415733498,108.41067567973687,53.62997362509029
2928,7486,128.0,1.0,28.2287600082456,89.66901468757169,15.514200415733498,108.41067567973687,53.62997362509029
1501,7492,143.8057263860841,1.0,28.2287600082456,89.66901468757169,15.514200415733498,108.41067567973687,53.62997362509029
3600,7494,183.66287624043994,1.0,28.2287600082456,89.66901468757169,15.514200415733498,108.41067567973687,53.62997362509029
3832,7496,134.34728377074953,1.0,28.2287600082456,89.66901468757169,15.514200415733498,108.41067567973687,53.62997362509029
1811,7498,134.97095415528239,1.0,28.2287600082456,89.66901468757169,15.514200415733498,108.41067567973687,53.62997362509029
3140,7502,147.34602223445046,1.0,28.2287600082456,89.66901468757169,15.514200415733498,108.41067567973687,53.62997362509029
1790,7510,256.86552685236563,1.0,28.2287600082456,89.66901468757169,15.514200415733498,108.41067567973687,53.62997362509029
1476,7512,220.13387065076816,1.0,28.2287600082456,89.66901468757169,15.514200415733498,108.41067567973687,53.62997362509029
542,7516,279.2216549002747,1.0,28.2287600082456,89.66901468757169,15.514200415733498,108.41067567973687,53.62997362509029
835,7520,211.5711536654952,1.0,28.2287600082456,89.66901468757169,15.514200415733498,108.41067567973687,53.62997362509029
2474,7524,200.33339314305923,1.0,28.2287600082456,89.66901468757169,15.514200415733498,108.41067567973687,53.62997362509029
2322,7526,223.38070595119942,1.0,28.2287600082456,89.66901468757169,15.514200415733498,108.41067567973687,53.62997362509029
2922,7528,215.33934656072677,1.0,28.2287600082456,89.66901468757169,15.514200415733498,108.41067567973687,53.62997362509029
2251,7532,206.9398015028862,1.0,28.2287600082456,89.66901468757169,15.514200415733498,108.41067567973687,53.62997362509029
3030,7534,176.04014499669168,1.0,28.2287600082456,89.66901468757169,15.514200415733498,108.41067567973687,53.62997362509029
2020,7536,218.09912274680772,1.0,28.2287600082456,89.66901468757169,15.514200415733498,108.41067567973687,53.62997362509029
1820,7538,207.83742639753768,1.0,28.2287600082456,89.66901468757169,15.514200415733498,108.41067567973687,53.62997362509029
2117,7544,195.7657825811135,1.0,28.2287600082456,89.66901468757169,15.514200415733498,108.41067567973687,53.62997362509029
2177,7546,152.19105250857123,1.0,28.2287600082456,89.66901468757169,15.514200415733498,108.41067567973687,53.62997362509029
2849,7550,146.10428994116265,1.0,28.2287600082456,89.66901468757169,15.514200415733498,108.41067567973687,53.62997362509029
997,7552,192.17898508907035,1.0,28.2287600082456,89.66901468757169,15.514200415733498,108.41067567973687,53.62997362509029
2070,7554,176.45108947839728,1.0,28.2287600082456,89.66901468757169,15.514200415733498,108.41067567973687,53.62997362509029
3742,7566,143.88353339186335,1.0,28.2287600082456,89.66901468757169,15.514200415733498,108.41067567973687,53.62997362509029
2313,7568,117.13326025086148,1.0,28.2287600082456,89.66901468757169,15.514200415733498,108.41067567973687,53.62997362509029
3502,7570,109.0743819222215,1.0,28.2287600082456,89.66901468757169,15.514200415733498,108.41067567973687,53.62997362509029
3166,7574,109.78442233712494,1.0,28.2287600082456,89.66901468757169,15.514200415733498,108.41067567973687,53.62997362509029
807,7576,340.0050722868073,1.0,28.2287600082456,89.66901468757169,15.514200415733498,108.41067567973687,53.62997362509029
1210,7578,294.29688731596644,1.0,28.2287600082456,89.66901468757169,15.514200415733498,108.41067567973687,53.62997362509029
2369,7586,265.30418846621797,1.0,28.2287600082456,89.66901468757169,15.514200415733498,108.41067567973687,53.62997362509029
1455,7588,258.0303793860207,1.0,28.2287600082456,89.66901468757169,15.514200415733498,108.41067567973687,53.62997362509029
1574,7592,262.85819931866837,1.0,28.2287600082456,89.66901468757169,15.514200415733498,108.41067567973687,53.62997362509029
2057,7596,222.8142899956701,1.0,28.2287600082456,89.66901468757169,15.514200415733498,108.41067567973687,53.62997362509029
1557,7598,237.6194541975319,1.0,28.2287600082456,89.66901468757169,15.514200415733498,108.41067567973687,53.62997362509029
2745,7602,223.0195803323016,1.0,28.2287600082456,89.66901468757169,15.514200415733498,108.41067567973687,53.62997362509029
2551,7604,188.15302275560487,1.0,28.2287600082456,89.66901468757169,15.514200415733498,108.41067567973687,53.62997362509029
1429,7608,190.65479196362583,1.0,28.2287600082456,89.66901468757169,15.514200415733498,108.41067567973687,53.62997362509029
2408,7610,211.08735125798248,1.0,28.2287600082456,89.66901468757169,15.514200415733498,108.41067567973687,53.62997362509029
1570,7614,296.50331761276516,1.0,28.2287600082456,89.66901468757169,15.514200415733498,108.41067567973687,53.62997362509029
1310,7616,166.90327062403176,1.0,28.2287600082456,89.66901468757169,15.514200415733498,108.41067567973687,53.62997362509029
1288,7618,207.3200242868621,1.0,28.2287600082456,89.66901468757169,15.514200415733498,108.41067567973687,53.62997362509029
753,7620,197.9538984122669,1.0,28.2287600082456,89.66901468757169,15.514200415733498,108.41067567973687,53.62997362509029
2786,7622,189.20352201803976,1.0,28.2287600082456,89.66901468757169,15.514200415733498,108.41067567973687,53.62997362509029
3298,7626,200.94347948367684,1.0,28.2287600082456,89.66901468757169,15.514200415733498,108.41067567973687,53.62997362509029
1733,7630,159.05114985289688,1.0,28.2287600082456,89.66901468757169,15.514200415733498,108.41067567973687,53.62997362509029
1516,7632,194.60630428417124,1.0,28.2287600082456,89.66901468757169,15.514200415733498,108.41067567973687,53.62997362509029
683,7634,185.38095513873174,1.0,28.2287600082456,89.66901468757169,15.514200415733498,108.41067567973687,53.62997362509029
4058,7640,188.31031511700056,1.0,28.2287600082456,89.66901468757169,15.514200415733498,108.41067567973687,53.62997362509029
590,7642,188.35678804503297,1.0,28.2287600082456,89.66901468757169,15.514200415733498,108.41067567973687,53.62997362509029
2704,7646,190.78320131205493,1.0,28.2287600082456,89.66901468757169,15.514200415733498,108.41067567973687,53.62997362509029
2121,7648,178.7761038093144,1.0,28.2287600082456,89.66901468757169,15.514200415733498,108.41067567973687,53.62997362509029
915,7650,231.87691608967722,1.0,28.2287600082456,89.66901468757169,15.514200415733498,108.41067567973687,53.62997362509029
3482,7652,191.5987909945074,1.0,28.2287600082456,89.66901468757169,15.514200415733498,108.41067567973687,53.62997362509029
3439,7654,160.82697509187895,1.0,28.2287600082456,89.66901468757169,15.514200415733498,108.41067567973687,53.62997362509029
2454,7662,170.37882786726865,1.0,28.2287600082456,89.66901468757169,15.514200415733498,108.41067567973687,53.62997362509029
3230,7666,114.33495880743862,1.0,28.2287600082456,89.66901468757169,15.514200415733498,108.41067567973687,53.62997362509029
1840,7670,224.3864211950947,1.0,28.2287600082456,89.66901468757169,15.514200415733498,108.41067567973687,53.62997362509029
1932,7674,212.27950809600148,1.0,28.2287600082456,89.66901468757169,15.514200415733498,108.41067567973687,53.62997362509029
1948,7678,199.18973775057938,1.0,28.2287600082456,89.66901468757169,15.514200415733498,108.41067567973687,53.62997362509029
1584,7682,162.89345965445702,1.0,28.2287600082456,89.66901468757169,15.514200415733498,108.41067567973687,53.62997362509029
2573,7684,160.40864557016607,1.0,28.2287600082456,89.66901468757169,15.514200415733498,108.41067567973687,53.62997362509029
2505,7686,146.0,1.0,28.2287600082456,89.66901468757169,15.514200415733498,108.41067567973687,53.62997362509029
1320,7688,179.19672763780744,1.0,28.2287600082456,89.66901468757169,15.514200415733498,108.41067567973687,53.62997362509029
2012,7694,172.40601888652853,1.0,28.2287600082456,89.66901468757169,15.514200415733498,108.41067567973687,53.62997362509029
3084,7700,172.32116567023516,1.0,28.2287600082456,89.66901468757169,15.514200415733498,108.41067567973687,53.62997362509029
1796,7702,187.21676883512686,1.0,28.2287600082456,89.66901468757169,15.514200415733498,108.41067567973687,53.62997362509029
1974,7704,164.13239296818085,1.0,28.2287600082456,89.66901468757169,15.514200415733498,108.41067567973687,53.62997362509029
2982,7706,150.6905942728893,1.0,28.2287600082456,89.66901468757169,15.514200415733498,108.41067567973687,53.62997362509029
3498,7708,168.49107119970506,1.0,28.2287600082456,89.66901468757169,15.514200415733498,108.41067567973687,53.62997362509029
3654,7710,149.00855715618775,1.0,28.2287600082456,89.66901468757169,15.514200415733498,108.41067567973687,53.62997362509029
3366,7712,164.60767631607976,1.0,28.2287600082456,89.66901468757169,15.514200415733498,108.41067567973687,53.62997362509029
2720,7714,167.41751543052854,1.0,28.2287600082456,89.66901468757169,15.514200415733498,108.41067567973687,53.62997362509029
3020,7716,160.12372897400172,1.0,28.2287600082456,89.66901468757169,15.514200415733498,108.41067567973687,53.62997362509029
3253,7718,130.72988343912786,1.0,28.2287600082456,89.66901468757169,15.514200415733498,108.41067567973687,53.62997362509029
1830,7724,256.20578519100434,1.0,28.2287600082456,89.66901468757169,15.514200415733498,108.41067567973687,53.62997362509029
2076,7728,130.51818227226715,1.0,28.2287600082456,89.66901468757169,15.514200415733498,108.41067567973687,53.62997362509029
2299,7730,109.38248558642609,1.0,28.2287600082456,89.66901468757169,15.514200415733498,108.41067567973687,53.62997362509029
2224,7742,239.02921852509962,1.0,28.2287600082456,89.66901468757169,15.514200415733498,108.41067567973687,53.62997362509029
1135,7744,183.89726601271337,1.0,28.2287600082456,89.66901468757169,15.514200415733498,108.41067567973687,53.62997362509029
2321,7746,190.3076891363459,1.0,28.2287600082456,89.66901468757169,15.514200415733498,108.41067567973687,53.62997362509029
3644,7748,174.25452991410347,1.0,28.2287600082456,89.66901468757169,15.514200415733498,108.41067567973687,53.62997362509029
2476,7760,190.62487633379965,1.0,28.2287600082456,89.66901468757169,15.514200415733498,108.41067567973687,53.62997362509029
2118,7762,178.90403461947494,1.0,28.2287600082456,89.66901468757169,15.514200415733498,108.41067567973687,53.62997362509029
2958,7766,198.82028199656392,1.0,28.2287600082456,89.66901468757169,15.514200415733498,108.41067567973687,53.62997362509029
893,7770,185.88852447881865,1.0,28.2287600082456,89.66901468757169,15.514200415733498,108.41067567973687,53.62997362509029
3124,7772,163.73061978578605,1.0,28.2287600082456,89.66901468757169,15.514200415733498,108.41067567973687,53.62997362509029
1035,7774,187.64631082986804,1.0,28.2287600082456,89.66901468757169,15.514200415733498,108.41067567973687,53.62997362509029
1679,7782,157.3032283517051,1.0,28.2287600082456,89.66901468757169,15.514200415733498,108.41067567973687,53.62997362509029
3562,7790,135.3063119753069,1.0,28.2287600082456,89.66901468757169,15.514200415733498,108.41067567973687,53.62997362509029
3487,7800,117.7594905236953,1.0,28.2287600082456,89.66901468757169,15.514200415733498,108.41067567973687,53.62997362509029
2396,7804,262.39856600459234,1.0,28.2287600082456,89.66901468757169,15.514200415733498,108.41067567973687,53.62997362509029
1406,7810,324.29598528934525,1.0,28.2287600082456,89.66901468757169,15.514200415733498,108.41067567973687,53.62997362509029
1193,7818,213.22115408839497,1.0,28.2287600082456,89.66901468757169,15.514200415733498,108.41067567973687,53.62997362509029
2486,7822,206.59777256670324,1.0,28.2287600082456,89.66901468757169,15.514200415733498,108.41067567973687,53.62997362509029
2632,7828,173.81512319783033,1.0,28.2287600082456,89.66901468757169,15.514200415733498,108.41067567973687,53.62997362509029
1796,7830,322.9862828584983,1.0,28.2287600082456,89.66901468757169,15.514200415733498,108.41067567973687,53.62997362509029
1642,7832,166.6263643993854,1.0,28.2287600082456,89.66901468757169,15.514200415733498,108.41067567973687,53.62997362509029
1384,7834,224.50963791344566,1.0,28.2287600082456,89.66901468757169,15.514200415733498,108.41067567973687,53.62997362509029
2628,7836,152.96306027787688,1.0,28.2287600082456,89.66901468757169,15.514200415733498,108.41067567973687,53.62997362509029
3089,7840,176.7001881558439,1.0,28.2287600082456,89.66901468757169,15.514200415733498,108.41067567973687,53.62997362509029
1009,7844,285.57609841525345,1.0,28.2287600082456,89.66901468757169,15.514200415733498,108.41067567973687,53.62997362509029
2319,7848,255.28843081240626,1.0,28.2287600082456,89.66901468757169,15.514200415733498,108.41067567973687,53.62997362509029
3876,7850,171.59127183059215,1.0,28.2287600082456,89.66901468757169,15.514200415733498,108.41067567973687,53.62997362509029
3848,7852,161.16956143551494,1.0,28.2287600082456,89.66901468757169,15.514200415733498,108.41067567973687,53.62997362509029
2220,7856,248.04405457159893,1.0,28.2287600082456,89.66901468757169,15.514200415733498,108.41067567973687,53.62997362509029
768,7858,315.68856566391315,1.0,28.2287600082456,89.66901468757169,15.514200415733498,108.41067567973687,53.62997362509029
2007,7860,213.63677075328062,1.0,28.2287600082456,89.66901468757169,15.514200415733498,108.41067567973687,53.62997362509029
2632,7864,221.90113133941674,1.0,28.2287600082456,89.66901468757169,15.514200415733498,108.41067567973687,53.62997362509029
2152,7866,196.8741434536465,1.0,28.2287600082456,89.66901468757169,15.514200415733498,108.41067567973687,53.62997362509029
1636,7870,312.42164817483575,1.0,28.2287600082456,89.66901468757169,15.514200415733498,108.41067567973687,53.62997362509029
1326,7872,335.00701874021775,1.0,28.2287600082456,89.66901468757169,15.514200415733498,108.41067567973687,53.62997362509029
2458,7874,190.65007890471173,1.0,28.2287600082456,89.66901468757169,15.514200415733498,108.41067567973687,53.62997362509029
1651,7876,169.99448674986786,1.0,28.2287600082456,89.66901468757169,15.514200415733498,108.41067567973687,53.62997362509029
3234,7878,156.54174359680454,1.0,28.2287600082456,89.66901468757169,15.514200415733498,108.41067567973687,53.62997362509029
1356,7880,175.79904395675544,1.0,28.2287600082456,89.66901468757169,15.514200415733498,108.41067567973687,53.62997362509029
3026,7882,154.5015033199215,1.0,28.2287600082456,89.66901468757169,15.514200415733498,108.41067567973687,53.62997362509029
1783,7890,157.06353770600032,1.0,28.2287600082456,89.66901468757169,15.514200415733498,108.41067567973687,53.62997362509029
1881,7892,151.817613915356,1.0,28.2287600082456,89.66901468757169,15.514200415733498,108.41067567973687,53.62997362509029
3754,7896,130.6439293605817,1.0,28.2287600082456,89.66901468757169,15.514200415733498,108.41067567973687,53.62997362509029
2457,7898,166.88056401825375,1.0,28.2287600082456,89.66901468757169,15.514200415733498,108.41067567973687,53.62997362509029
3190,7902,150.00969385747823,1.0,28.2287600082456,89.66901468757169,15.514200415733498,108.41067567973687,53.62997362509029
3528,7904,171.34376275536437,1.0,28.2287600082456,89.66901468757169,15.514200415733498,108.41067567973687,53.62997362509029
1810,7906,166.98462511111356,1.0,28.2287600082456,89.66901468757169,15.514200415733498,108.41067567973687,53.62997362509029
2933,7908,160.3833893496659,1.0,28.2287600082456,89.66901468757169,15.514200415733498,108.41067567973687,53.62997362509029
4214,7912,152.93301607854917,1.0,28.2287600082456,89.66901468757169,15.514200415733498,108.41067567973687,53.62997362509029
4188,7916,145.0756925846835,1.0,28.2287600082456,89.66901468757169,15.514200415733498,108.41067567973687,53.62997362509029
2176,7918,264.5559867213567,1.0,28.2287600082456,89.66901468757169,15.514200415733498,108.41067567973687,53.62997362509029
1968,7922,279.10478523507095,1.0,28.2287600082456,89.66901468757169,15.514200415733498,108.41067567973687,53.62997362509029
1319,7924,241.62056017907346,1.0,28.2287600082456,89.66901468757169,15.514200415733498,108.41067567973687,53.62997362509029
2696,7934,216.5953421805476,1.0,28.2287600082456,89.66901468757169,15.514200415733498,108.41067567973687,53.62997362509029
2846,7940,220.16641401904045,1.0,28.2287600082456,89.66901468757169,15.514200415733498,108.41067567973687,53.62997362509029
2246,7942,195.72026481629442,1.0,28.2287600082456,89.66901468757169,15.514200415733498,108.41067567973687,53.62997362509029
103,7944,319.85331405732325,1.0,28.2287600082456,89.66901468757169,15.514200415733498,108.41067567973687,53.62997362509029
2261,7946,208.1139688628009,1.0,28.2287600082456,89.66901468757169,15.514200415733498,108.41067567973687,53.62997362509029
1987,7948,197.6675376598194,1.0,28.2287600082456,89.66901468757169,15.514200415733498,108.41067567973687,53.62997362509029
1041,7950,191.62740335400875,1.0,28.2287600082456,89.66901468757169,15.514200415733498,108.41067567973687,53.62997362509029
2599,7954,165.99440465497327,1.0,28.2287600082456,89.66901468757169,15.514200415733498,108.41067567973687,53.62997362509029
2534,7966,172.5077899065031,1.0,28.2287600082456,89.66901468757169,15.514200415733498,108.41067567973687,53.62997362509029
1618,7968,229.7838941353474,1.0,28.2287600082456,89.66901468757169,15.514200415733498,108.41067567973687,53.62997362509029
2613,7970,159.33394223632177,1.0,28.2287600082456,89.66901468757169,15.514200415733498,108.41067567973687,53.62997362509029
2917,7974,141.7791055702092,1.0,28.2287600082456,89.66901468757169,15.514200415733498,108.41067567973687,53.62997362509029
2081,7986,165.9156230303181,1.0,28.2287600082456,89.66901468757169,15.514200415733498,108.41067567973687,53.62997362509029
2430,7994,140.57906812233182,1.0,28.2287600082456,89.66901468757169,15.514200415733498,108.41067567973687,53.62997362509029
3256,7996,147.43949251918426,1.0,28.2287600082456,89.66901468757169,15.514200415733498,108.41067567973687,53.62997362509029
2004,7998,244.42986969967924,1.0,28.2287600082456,89.66901468757169,15.514200415733498,108.41067567973687,53.62997362509029
776,8002,246.07456462557911,1.0,28.2287600082456,89.66901468757169,15.514200415733498,108.41067567973687,53.62997362509029
2242,8004,218.15573588804025,1.0,28.2287600082456,89.66901468757169,15.514200415733498,108.41067567973687,53.62997362509029
1746,8006,199.63006347730675,1.0,28.2287600082456,89.66901468757169,15.514200415733498,108.41067567973687,53.62997362509029
2812,8008,199.6650663722992,1.0,28.2287600082456,89.66901468757169,15.514200415733498,108.41067567973687,53.62997362509029
2182,8012,223.43372558562655,1.0,28.2287600082456,89.66901468757169,15.514200415733498,108.41067567973687,53.62997362509029
2210,8014,218.54478680712026,1.0,28.2287600082456,89.66901468757169,15.514200415733498,108.41067567973687,53.62997362509029
2060,8016,191.95074725061951,1.0,28.2287600082456,89.66901468757169,15.514200415733498,108.41067567973687,53.62997362509029
1435,8018,231.45941124926821,1.0,28.2287600082456,89.66901468757169,15.514200415733498,108.41067567973687,53.62997362509029
1594,8020,180.02333377464163,1.0,28.2287600082456,89.66901468757169,15.514200415733498,108.41067567973687,53.62997362509029
1503,8022,157.9977111638429,1.0,28.2287600082456,89.66901468757169,15.514200415733498,108.41067567973687,53.62997362509029
753,8026,306.1637887399445,1.0,28.2287600082456,89.66901468757169,15.514200415733498,108.41067567973687,53.62997362509029
2477,8028,155.52681595886685,1.0,28.2287600082456,89.66901468757169,15.514200415733498,108.41067567973687,53.62997362509029
1780,8030,278.67620027276894,1.0,28.2287600082456,89.66901468757169,15.514200415733498,108.41067567973687,53.62997362509029
2610,8032,191.54250606582391,1.0,28.2287600082456,89.66901468757169,15.514200415733498,108.41067567973687,53.62997362509029
3480,8034,187.15510809132059,1.0,28.2287600082456,89.66901468757169,15.514200415733498,108.41067567973687,53.62997362509029
1649,8036,184.5772995795784,1.0,28.2287600082456,89.66901468757169,15.514200415733498,108.41067567973687,53.62997362509029
995,8038,172.36839403243027,1.0,28.2287600082456,89.66901468757169,15.514200415733498,108.41067567973687,53.62997362509029
2103,8040,172.9687872563539,1.0,28.2287600082456,89.66901468757169,15.514200415733498,108.41067567973687,53.62997362509029
3098,8042,160.88555545819253,1.0,28.2287600082456,89.66901468757169,15.514200415733498,108.41067567973687,53.62997362509029
1467,8044,298.5447658520231,1.0,28.2287600082456,89.66901468757169,15.514200415733498,108.41067567973687,53.62997362509029
907,8046,143.3979050663333,1.0,28.2287600082456,89.66901468757169,15.514200415733498,108.41067567973687,53.62997362509029
2474,8048,160.96963999850462,1.0,28.2287600082456,89.66901468757169,15.514200415733498,108.41067567973687,53.62997362509029
1135,8050,180.64638307372493,1.0,28.2287600082456,89.66901468757169,15.514200415733498,108.41067567973687,53.62997362509029
3294,8052,139.80053650380128,1.0,28.2287600082456,89.66901468757169,15.514200415733498,108.41067567973687,53.62997362509029
2612,8058,152.18281414085786,1.0,28.2287600082456,89.66901468757169,15.514200415733498,108.41067567973687,53.62997362509029
875,8060,298.2846511175413,1.0,28.2287600082456,89.66901468757169,15.514200415733498,108.41067567973687,53.62997362509029
3592,8062,132.97158939155375,1.0,28.2287600082456,89.66901468757169,15.514200415733498,108.41067567973687,53.62997362509029
2757,8064,166.83575471143425,1.0,28.2287600082456,89.66901468757169,15.514200415733498,108.41067567973687,53.62997362509029
3392,8066,154.79354705147313,1.0,28.2287600082456,89.66901468757169,15.514200415733498,108.41067567973687,53.62997362509029
1315,8068,134.47639108403467,1.0,28.2287600082456,89.66901468757169,15.514200415733498,108.41067567973687,53.62997362509029
3146,8070,100.5160829305737,1.0,28.2287600082456,89.66901468757169,15.514200415733498,108.41067567973687,53.62997362509029
1207,8072,224.9653259008515,1.0,28.2287600082456,89.66901468757169,15.514200415733498,108.41067567973687,53.62997362509029
1215,8074,207.68768103253626,1.0,28.2287600082456,89.66901468757169,15.514200415733498,108.41067567973687,53.62997362509029
2330,8076,197.3173318776273,1.0,28.2287600082456,89.66901468757169,15.514200415733498,108.41067567973687,53.62997362509029
2662,8078,218.98159835563834,1.0,28.2287600082456,89.66901468757169,15.514200415733498,108.41067567973687,53.62997362509029
2390,8080,217.0194108219245,1.0,28.2287600082456,89.66901468757169,15.514200415733498,108.41067567973687,53.62997362509029
2480,8082,217.0571869821509,1.0,28.2287600082456,89.66901468757169,15.514200415733498,108.41067567973687,53.62997362509029
2263,8084,237.977197912112,1.0,28.2287600082456,89.66901468757169,15.514200415733498,108.41067567973687,53.62997362509029
1776,8090,186.5860223941509,1.0,28.2287600082456,89.66901468757169,15.514200415733498,108.41067567973687,53.62997362509029
2742,8094,197.38107621755944,1.0,28.2287600082456,89.66901468757169,15.514200415733498,108.41067567973687,53.62997362509029
1527,8096,175.92414918525128,1.0,28.2287600082456,89.66901468757169,15.514200415733498,108.41067567973687,53.62997362509029
2461,8098,188.35068806040593,1.0,28.2287600082456,89.66901468757169,15.514200415733498,108.41067567973687,53.62997362509029
2407,8100,185.60738707448155,1.0,28.2287600082456,89.66901468757169,15.514200415733498,108.41067567973687,53.62997362509029
1838,8102,278.1536357841014,1.0,28.2287600082456,89.66901468757169,15.514200415733498,108.41067567973687,53.62997362509029
2310,8104,209.30635353731387,1.0,28.2287600082456,89.66901468757169,15.514200415733498,108.41067567973687,53.62997362509029
2848,8106,206.4413567589366,1.0,28.2287600082456,89.66901468757169,15.514200415733498,108.41067567973687,53.62997362509029
1553,8108,167.47923046230792,1.0,28.2287600082456,89.66901468757169,15.514200415733498,108.41067567973687,53.62997362509029
2563,8110,196.94631034959684,1.0,28.2287600082456,89.66901468757169,15.514200415733498,108.41067567973687,53.62997362509029
2994,8112,170.37363589491585,1.0,28.2287600082456,89.66901468757169,15.514200415733498,108.41067567973687,53.62997362509029
3711,8114,187.38111708723378,1.0,28.2287600082456,89.66901468757169,15.514200415733498,108.41067567973687,53.62997362509029
3033,8118,215.79988529540213,1.0,28.2287600082456,89.66901468757169,15.514200415733498,108.41067567973687,53.62997362509029
2068,8120,277.9001792329843,1.0,28.2287600082456,89.66901468757169,15.514200415733498,108.41067567973687,53.62997362509029
4056,8124,150.65912105815974,1.0,28.2287600082456,89.66901468757169,15.514200415733498,108.41067567973687,53.62997362509029
3174,8128,149.6053676532374,1.0,28.2287600082456,89.66901468757169,15.514200415733498,108.41067567973687,53.62997362509029
1834,8134,175.05499506502795,1.0,28.2287600082456,89.66901468757169,15.514200415733498,108.41067567973687,53.62997362509029
2506,8136,130.62019075367155,1.0,28.2287600082456,89.66901468757169,15.514200415733498,108.41067567973687,53.62997362509029
2969,8138,164.4708535164701,1.0,28.2287600082456,89.66901468757169,15.514200415733498,108.41067567973687,53.62997362509029
2144,8144,125.02286789886158,1.0,28.2287600082456,89.66901468757169,15.514200415733498,108.41067567973687,53.62997362509029
1730,8146,310.4546052882777,1.0,28.2287600082456,89.66901468757169,15.514200415733498,108.41067567973687,53.62997362509029
2538,8150,231.61929861121615,1.0,28.2287600082456,89.66901468757169,15.514200415733498,108.41067567973687,53.62997362509029
3308,8152,164.1755072581922,1.0,28.2287600082456,89.66901468757169,15.514200415733498,108.41067567973687,53.62997362509029
1583,8154,137.4613406414557,1.0,28.2287600082456,89.66901468757169,15.514200415733498,108.41067567973687,53.62997362509029
1598,8156,294.4902021929747,1.0,28.2287600082456,89.66901468757169,15.514200415733498,108.41067567973687,53.62997362509029
2460,8160,111.02620683295468,1.0,28.2287600082456,89.66901468757169,15.514200415733498,108.41067567973687,53.62997362509029
4033,8170,125.31867011208367,1.0,28.2287600082456,89.66901468757169,15.514200415733498,108.41067567973687,53.62997362509029
1812,8172,214.58670520759756,1.0,28.2287600082456,89.66901468757169,15.514200415733498,108.41067567973687,53.62997362509029
2131,8180,140.0,1.0,28.2287600082456,89.66901468757169,15.514200415733498,108.41067567973687,53.62997362509029
1033,8182,220.77788640266002,1.0,28.2287600082456,89.66901468757169,15.514200415733498,108.41067567973687,53.62997362509029
1545,8184,301.4430020676071,1.0,28.2287600082456,89.66901468757169,15.514200415733498,108.41067567973687,53.62997362509029
809,8186,186.43118048561908,1.0,28.2287600082456,89.66901468757169,15.514200415733498,108.41067567973687,53.62997362509029
1049,8188,312.5861204430203,1.0,28.2287600082456,89.66901468757169,15.514200415733498,108.41067567973687,53.62997362509029
2852,8190,215.31137394614626,1.0,28.2287600082456,89.66901468757169,15.514200415733498,108.41067567973687,53.62997362509029
809,8192,199.13463253287344,1.0,28.2287600082456,89.66901468757169,15.514200415733498,108.41067567973687,53.62997362509029
2434,8194,209.62827787614276,1.0,28.2287600082456,89.66901468757169,15.514200415733498,108.41067567973687,53.62997362509029
2188,8198,168.75261859992028,1.0,28.2287600082456,89.66901468757169,15.514200415733498,108.41067567973687,53.62997362509029
2842,8200,177.68306990632124,1.0,28.2287600082456,89.66901468757169,15.514200415733498,108.41067567973687,53.62997362509029
1105,8204,174.07637392274384,1.0,28.2287600082456,89.66901468757169,15.514200415733498,108.41067567973687,53.62997362509029
1660,8206,149.78267495628876,1.0,28.2287600082456,89.66901468757169,15.514200415733498,108.41067567973687,53.62997362509029
1804,8208,148.42591800060015,1.0,28.2287600082456,89.66901468757169,15.514200415733498,108.41067567973687,53.62997362509029
2926,8210,156.58056155157195,1.0,28.2287600082456,89.66901468757169,15.514200415733498,108.41067567973687,53.62997362509029
2569,8212,173.6256080717717,1.0,28.2287600082456,89.66901468757169,15.514200415733498,108.41067567973687,53.62997362509029
1299,8220,164.89400786622178,1.0,28.2287600082456,89.66901468757169,15.514200415733498,108.41067567973687,53.62997362509029
3306,8222,170.56957010379955,1.0,28.2287600082456,89.66901468757169,15.514200415733498,108.41067567973687,53.62997362509029
3634,8224,180.14052350009203,1.0,28.2287600082456,89.66901468757169,15.514200415733498,108.41067567973687,53.62997362509029
2125,8228,162.05247594646397,1.0,28.2287600082456,89.66901468757169,15.514200415733498,108.41067567973687,53.62997362509029
1459,8230,173.43490945876013,1.0,28.2287600082456,89.66901468757169,15.514200415733498,108.41067567973687,53.62997362509029
1403,8236,295.3611132754316,1.0,28.2287600082456,89.66901468757169,15.514200415733498,108.41067567973687,53.62997362509029
2742,8240,130.24229486960976,1.0,28.2287600082456,89.66901468757169,15.514200415733498,108.41067567973687,53.62997362509029
1734,8244,123.12637217453555,1.0,28.2287600082456,89.66901468757169,15.514200415733498,108.41067567973687,53.62997362509029
1219,8246,133.21889655296482,1.0,28.2287600082456,89.66901468757169,15.514200415733498,108.41067567973687,53.62997362509029
1071,8248,129.85174514862334,1.0,28.2287600082456,89.66901468757169,15.514200415733498,108.41067567973687,53.62997362509029
3797,8250,101.60384839804755,1.0,28.2287600082456,89.66901468757169,15.514200415733498,108.41067567973687,53.62997362509029
2618,8254,206.66258300502875,1.0,28.2287600082456,89.66901468757169,15.514200415733498,108.41067567973687,53.62997362509029
2354,8256,104.36844062514834,1.0,28.2287600082456,89.66901468757169,15.514200415733498,108.41067567973687,53.62997362509029
1230,8258,361.45318312895773,1.0,28.2287600082456,89.66901468757169,15.514200415733498,108.41067567973687,53.62997362509029
2808,8260,224.13392964857925,1.0,28.2287600082456,89.66901468757169,15.514200415733498,108.41067567973687,53.62997362509029
983,8262,300.214362217396,1.0,28.2287600082456,89.66901468757169,15.514200415733498,108.41067567973687,53.62997362509029
1672,8264,201.9458796335671,1.0,28.2287600082456,89.66901468757169,15.514200415733498,108.41067567973687,53.62997362509029
1557,8266,215.64837903750094,1.0,28.2287600082456,89.66901468757169,15.514200415733498,108.41067567973687,53.62997362509029
1239,8268,223.63788917277267,1.0,28.2287600082456,89.66901468757169,15.514200415733498,108.41067567973687,53.62997362509029
2272,8270,176.5460704800772,1.0,28.2287600082456,89.66901468757169,15.514200415733498,108.41067567973687,53.62997362509029
3182,8274,193.7809237965459,1.0,28.2287600082456,89.66901468757169,15.514200415733498,108.41067567973687,53.62997362509029
3436,8278,212.53049309132686,1.0,28.2287600082456,89.66901468757169,15.514200415733498,108.41067567973687,53.62997362509029
2167,8280,187.45696422379643,1.0,28.2287600082456,89.66901468757169,15.514200415733498,108.41067567973687,53.62997362509029
1871,8282,209.65043388278028,1.0,28.2287600082456,89.66901468757169,15.514200415733498,108.41067567973687,53.62997362509029
2444,8284,202.78236035379723,1.0,28.2287600082456,89.66901468757169,15.514200415733498,108.41067567973687,53.62997362509029
2643,8286,166.47405336047984,1.0,28.2287600082456,89.66901468757169,15.514200415733498,108.41067567973687,53.62997362509029
1816,8288,274.87655665002245,1.0,28.2287600082456,89.66901468757169,15.514200415733498,108.41067567973687,53.62997362509029
2990,8290,155.67431112052392,1.0,28.2287600082456,89.66901468757169,15.514200415733498,108.41067567973687,53.62997362509029
2412,8292,242.05444871815448,1.0,28.2287600082456,89.66901468757169,15.514200415733498,108.41067567973687,53.62997362509029
3509,8296,150.74487117574216,1.0,28.2287600082456,89.66901468757169,15.514200415733498,108.41067567973687,53.62997362509029
637,8302,162.5791621919037,1.0,28.2287600082456,89.66901468757169,15.514200415733498,108.41067567973687,53.62997362509029
3458,8304,176.4027154678333,1.0,28.2287600082456,89.66901468757169,15.514200415733498,108.41067567973687,53.62997362509029
3370,8310,183.63439823369978,1.0,28.2287600082456,89.66901468757169,15.514200415733498,108.41067567973687,53.62997362509029
980,8312,156.02757474095878,1.0,28.2287600082456,89.66901468757169,15.514200415733498,108.41067567973687,53.62997362509029
2876,8314,175.49482842365524,1.0,28.2287600082456,89.66901468757169,15.514200415733498,108.41067567973687,53.62997362509029
2568,8316,178.86210591383852,1.0,28.2287600082456,89.66901468757169,15.514200415733498,108.41067567973687,53.62997362509029
4416,8320,128.12465919010592,1.0,28.2287600082456,89.66901468757169,15.514200415733498,108.41067567973687,53.62997362509029
4268,8328,129.15486628584648,1.0,28.2287600082456,89.66901468757169,15.514200415733498,108.41067567973687,53.62997362509029
2916,8336,122.34732821332737,1.0,28.2287600082456,89.66901468757169,15.514200415733498,108.41067567973687,53.62997362509029
3816,8338,128.9877085419538,1.0,28.2287600082456,89.66901468757169,15.514200415733498,108.41067567973687,53.62997362509029
2304,8342,198.07476964913056,1.0,28.2287600082456,89.66901468757169,15.514200415733498,108.41067567973687,53.62997362509029
2660,8344,178.97046314194313,1.0,28.2287600082456,89.66901468757169,15.514200415733498,108.41067567973687,53.62997362509029
625,8346,276.9204793349415,1.0,28.2287600082456,89.66901468757169,15.514200415733498,108.41067567973687,53.62997362509029
1661,8348,191.3393603535227,1.0,28.2287600082456,89.66901468757169,15.514200415733498,108.41067567973687,53.62997362509029
3028,8350,174.60949288025495,1.0,28.2287600082456,89.66901468757169,15.514200415733498,108.41067567973687,53.62997362509029
3089,8362,170.12119592390306,1.0,28.2287600082456,89.66901468757169,15.514200415733498,108.41067567973687,53.62997362509029
2332,8372,167.22244546686002,1.0,28.2287600082456,89.66901468757169,15.514200415733498,108.41067567973687,53.62997362509029
3236,8374,145.81427557614208,1.0,28.2287600082456,89.66901468757169,15.514200415733498,108.41067567973687,53.62997362509029
3210,8376,156.91201868888768,1.0,28.2287600082456,89.66901468757169,15.514200415733498,108.41067567973687,53.62997362509029
1233,8378,136.3818545144855,1.0,28.2287600082456,89.66901468757169,15.514200415733498,108.41067567973687,53.62997362509029
1575,8380,163.84280571549587,1.0,28.2287600082456,89.66901468757169,15.514200415733498,108.41067567973687,53.62997362509029
2224,8384,211.91657711759834,1.0,28.2287600082456,89.66901468757169,15.514200415733498,108.41067567973687,53.62997362509029
2905,8390,98.66482514085361,1.0,28.2287600082456,89.66901468757169,15.514200415733498,108.41067567973687,53.62997362509029
1626,8392,128.52908043543792,1.0,28.2287600082456,89.66901468757169,15.514200415733498,108.41067567973687,53.62997362509029
3754,8394,102.14136817933604,1.0,28.2287600082456,89.66901468757169,15.514200415733498,108.41067567973687,53.62997362509029
1716,8400,242.18010159281744,1.0,28.2287600082456,89.66901468757169,15.514200415733498,108.41067567973687,53.62997362509029
1282,8404,328.82030506406795,1.0,28.2287600082456,89.66901468757169,15.514200415733498,108.41067567973687,53.62997362509029
2396,8406,201.74683637906156,1.0,28.2287600082456,89.66901468757169,15.514200415733498,108.41067567973687,53.62997362509029
1081,8412,201.9286268296175,1.0,28.2287600082456,89.66901468757169,15.514200415733498,108.41067567973687,53.62997362509029
2456,8414,190.90475150972952,1.0,28.2287600082456,89.66901468757169,15.514200415733498,108.41067567973687,53.62997362509029
1240,8416,173.14112335709453,1.0,28.2287600082456,89.66901468757169,15.514200415733498,108.41067567973687,53.62997362509029
1868,8418,254.59920634379841,1.0,28.2287600082456,89.66901468757169,15.514200415733498,108.41067567973687,53.62997362509029
2792,8420,185.36724911090334,1.0,28.2287600082456,89.66901468757169,15.514200415733498,108.41067567973687,53.62997362509029
3193,8422,186.40815219997492,1.0,28.2287600082456,89.66901468757169,15.514200415733498,108.41067567973687,53.62997362509029
2202,8424,198.7292529076305,1.0,28.2287600082456,89.66901468757169,15.514200415733498,108.41067567973687,53.62997362509029
2854,8428,149.3010058991848,1.0,28.2287600082456,89.66901468757169,15.514200415733498,108.41067567973687,53.62997362509029
2206,8430,251.42296135051382,1.0,28.2287600082456,89.66901468757169,15.514200415733498,108.41067567973687,53.62997362509029
2976,8432,185.10924661094543,1.0,28.2287600082456,89.66901468757169,15.514200415733498,108.41067567973687,53.62997362509029
1823,8434,173.98761423304876,1.0,28.2287600082456,89.66901468757169,15.514200415733498,108.41067567973687,53.62997362509029
2919,8436,158.70858783118214,1.0,28.2287600082456,89.66901468757169,15.514200415733498,108.41067567973687,53.62997362509029
2852,8438,170.42381593234424,1.0,28.2287600082456,89.66901468757169,15.514200415733498,108.41067567973687,53.62997362509029
3318,8442,169.28583158885982,1.0,28.2287600082456,89.66901468757169,15.514200415733498,108.41067567973687,53.62997362509029
3918,8444,169.3054553889772,1.0,28.2287600082456,89.66901468757169,15.514200415733498,108.41067567973687,53.62997362509029
685,8446,175.2743055214331,1.0,28.2287600082456,89.66901468757169,15.514200415733498,108.41067567973687,53.62997362509029
2106,8448,245.99353480635267,1.0,28.2287600082456,89.66901468757169,15.514200415733498,108.41067567973687,53.62997362509029
1335,8456,176.7346530322049,1.0,28.2287600082456,89.66901468757169,15.514200415733498,108.41067567973687,53.62997362509029
2633,8458,163.2873699773308,1.0,28.2287600082456,89.66901468757169,15.514200415733498,108.41067567973687,53.62997362509029
1394,8460,349.4222236256371,1.0,28.2287600082456,89.66901468757169,15.514200415733498,108.41067567973687,53.62997362509029
1981,8462,140.96523965443973,1.0,28.2287600082456,89.66901468757169,15.514200415733498,108.41067567973687,53.62997362509029
1725,8464,173.1242072592329,1.0,28.2287600082456,89.66901468757169,15.514200415733498,108.41067567973687,53.62997362509029
3530,8474,175.40113785237574,1.0,28.2287600082456,89.66901468757169,15.514200415733498,108.41067567973687,53.62997362509029
1561,8478,154.45390247396023,1.0,28.2287600082456,89.66901468757169,15.514200415733498,108.41067567973687,53.62997362509029
1151,8480,117.43253617161227,1.0,28.2287600082456,89.66901468757169,15.514200415733498,108.41067567973687,53.62997362509029
3095,8488,123.93570175117246,1.0,28.2287600082456,89.66901468757169,15.514200415733498,108.41067567973687,53.62997362509029
1939,8490,249.76160167146668,1.0,28.2287600082456,89.66901468757169,15.514200415733498,108.41067567973687,53.62997362509029
1921,8492,88.83841553061444,1.0,28.2287600082456,89.66901468757169,15.514200415733498,108.41067567973687,53.62997362509029
2702,8494,227.9918624280202,1.0,28.2287600082456,89.66901468757169,15.514200415733498,108.41067567973687,53.62997362509029
3629,8496,72.75560594650037,1.0,28.2287600082456,89.66901468757169,15.514200415733498,108.41067567973687,53.62997362509029
1474,8498,270.0177599323622,1.0,28.2287600082456,89.66901468757169,15.514200415733498,108.41067567973687,53.62997362509029
895,8500,234.61565823017634,1.0,28.2287600082456,89.66901468757169,15.514200415733498,108.41067567973687,53.62997362509029
951,8502,216.87146916087667,1.0,28.2287600082456,89.66901468757169,15.514200415733498,108.41067567973687,53.62997362509029
855,8506,222.8515385495781,1.0,28.2287600082456,89.66901468757169,15.514200415733498,108.41067567973687,53.62997362509029
2082,8508,173.8327462073568,1.0,28.2287600082456,89.66901468757169,15.514200415733498,108.41067567973687,53.62997362509029
2730,8510,190.25329610822774,1.0,28.2287600082456,89.66901468757169,15.514200415733498,108.41067567973687,53.62997362509029
2200,8514,168.5590759483229,1.0,28.2287600082456,89.66901468757169,15.514200415733498,108.41067567973687,53.62997362509029
970,8516,435.49862602732804,1.0,28.2287600082456,89.66901468757169,15.514200415733498,108.41067567973687,53.62997362509029
2445,8518,171.96791203580335,1.0,28.2287600082456,89.66901468757169,15.514200415733498,108.41067567973687,53.62997362509029
2608,8520,169.1601198802978,1.0,28.2287600082456,89.66901468757169,15.514200415733498,108.41067567973687,53.62997362509029
2716,8522,166.22452052340412,1.0,28.2287600082456,89.66901468757169,15.514200415733498,108.41067567973687,53.62997362509029
3504,8524,174.3001913395454,1.0,28.2287600082456,89.66901468757169,15.514200415733498,108.41067567973687,53.62997362509029
3159,8526,184.70945761754962,1.0,28.2287600082456,89.66901468757169,15.514200415733498,108.41067567973687,53.62997362509029
1667,8530,162.34862646112873,1.0,28.2287600082456,89.66901468757169,15.514200415733498,108.41067567973687,53.62997362509029
2970,8532,144.33740356887023,1.0,28.2287600082456,89.66901468757169,15.514200415733498,108.41067567973687,53.62997362509029
1005,8534,182.18710012663814,1.0,28.2287600082456,89.66901468757169,15.514200415733498,108.41067567973687,53.62997362509029
2646,8538,243.65442530779316,1.0,28.2287600082456,89.66901468757169,15.514200415733498,108.41067567973687,53.62997362509029
1701,8542,169.02380195310263,1.0,28.2287600082456,89.66901468757169,15.514200415733498,108.41067567973687,53.62997362509029
2766,8548,242.71258027143668,1.0,28.2287600082456,89.66901468757169,15.514200415733498,108.41067567973687,53.62997362509029
3074,8554,115.28528234803622,1.0,28.2287600082456,89.66901468757169,15.514200415733498,108.41067567973687,53.62997362509029
4188,8556,131.89003811054985,1.0,28.2287600082456,89.66901468757169,15.514200415733498,108.41067567973687,53.62997362509029
2074,8560,135.5867109794289,1.0,28.2287600082456,89.66901468757169,15.514200415733498,108.41067567973687,53.62997362509029
2065,8562,154.19125625891985,1.0,28.2287600082456,89.66901468757169,15.514200415733498,108.41067567973687,53.62997362509029
2140,8564,114.62471814959923,1.0,28.2287600082456,89.66901468757169,15.514200415733498,108.41067567973687,53.62997362509029
3355,8566,112.43789309205131,1.0,28.2287600082456,89.66901468757169,15.514200415733498,108.41067567973687,53.62997362509029
2005,8568,112.9283794467078,1.0,28.2287600082456,89.66901468757169,15.514200415733498,108.41067567973687,53.62997362509029
925,8572,125.8091798159837,1.0,28.2287600082456,89.66901468757169,15.514200415733498,108.41067567973687,53.62997362509029
2395,8574,147.03622372492563,1.0,28.2287600082456,89.66901468757169,15.514200415733498,108.41067567973687,53.62997362509029
2350,8576,214.5819794950187,1.0,28.2287600082456,89.66901468757169,15.514200415733498,108.41067567973687,53.62997362509029
1453,8578,203.79279653031682,1.0,28.2287600082456,89.66901468757169,15.514200415733498,108.41067567973687,53.62997362509029
2538,8580,126.73778213604282,1.0,28.2287600082456,89.66901468757169,15.514200415733498,108.41067567973687,53.62997362509029
1171,8582,191.33502339071222,1.0,28.2287600082456,89.66901468757169,15.514200415733498,108.41067567973687,53.62997362509029
3366,8584,145.31497528471658,1.0,28.2287600082456,89.66901468757169,15.514200415733498,108.41067567973687,53.62997362509029
3452,8588,185.77171662633532,1.0,28.2287600082456,89.66901468757169,15.514200415733498,108.41067567973687,53.62997362509029
1758,8592,212.6021059750483,1.0,28.2287600082456,89.66901468757169,15.514200415733498,108.41067567973687,53.62997362509029
595,8594,356.6164731436425,1.0,28.2287600082456,89.66901468757169,15.514200415733498,108.41067567973687,53.62997362509029
1743,8596,200.6766831757526,1.0,28.2287600082456,89.66901468757169,15.514200415733498,108.41067567973687,53.62997362509029
2951,8598,184.61930809579474,1.0,28.2287600082456,89.66901468757169,15.514200415733498,108.41067567973687,53.62997362509029
1521,8602,193.48773589148902,1.0,28.2287600082456,89.66901468757169,15.514200415733498,108.41067567973687,53.62997362509029
1093,8604,356.89496997364813,1.0,28.2287600082456,89.66901468757169,15.514200415733498,108.41067567973687,53.62997362509029
934,8606,192.2156415772423,1.0,28.2287600082456,89.66901468757169,15.514200415733498,108.41067567973687,53.62997362509029
1189,8608,172.1959545620638,1.0,28.2287600082456,89.66901468757169,15.514200415733498,108.41067567973687,53.62997362509029
2794,8612,182.40617971345958,1.0,28.2287600082456,89.66901468757169,15.514200415733498,108.41067567973687,53.62997362509029
3099,8614,211.32528392913707,1.0,28.2287600082456,89.66901468757169,15.514200415733498,108.41067567973687,53.62997362509029
2807,8616,182.87243292084244,1.0,28.2287600082456,89.66901468757169,15.514200415733498,108.41067567973687,53.62997362509029
2149,8618,163.9199287247135,1.0,28.2287600082456,89.66901468757169,15.514200415733498,108.41067567973687,53.62997362509029
2417,8620,193.91360432595314,1.0,28.2287600082456,89.66901468757169,15.514200415733498,108.41067567973687,53.62997362509029
882,8624,183.30753312331058,1.0,28.2287600082456,89.66901468757169,15.514200415733498,108.41067567973687,53.62997362509029
3482,8628,155.98400636823487,1.0,28.2287600082456,89.66901468757169,15.514200415733498,108.41067567973687,53.62997362509029
2692,8630,167.8376179575706,1.0,28.2287600082456,89.66901468757169,15.514200415733498,108.41067567973687,53.62997362509029
2754,8632,172.7412849644587,1.0,28.2287600082456,89.66901468757169,15.514200415733498,108.41067567973687,53.62997362509029
2208,8636,219.42753182390823,1.0,28.2287600082456,89.66901468757169,15.514200415733498,108.41067567973687,53.62997362509029
3036,8638,177.8357196975226,1.0,28.2287600082456,89.66901468757169,15.514200415733498,108.41067567973687,53.62997362509029
1780,8640,176.847313219613,1.0,28.2287600082456,89.66901468757169,15.514200415733498,108.41067567973687,53.62997362509029
2822,8642,135.2782646554472,1.0,28.2287600082456,89.66901468757169,15.514200415733498,108.41067567973687,53.62997362509029
4042,8644,161.82613558392663,1.0,28.2287600082456,89.66901468757169,15.514200415733498,108.41067567973687,53.62997362509029
3376,8646,118.3285605231413,1.0,28.2287600082456,89.66901468757169,15.514200415733498,108.41067567973687,53.62997362509029
2094,8648,244.6009986277096,1.0,28.2287600082456,89.66901468757169,15.514200415733498,108.41067567973687,53.62997362509029
965,8650,290.0902962961592,1.0,28.2287600082456,89.66901468757169,15.514200415733498,108.41067567973687,53.62997362509029
3308,8652,128.40095882332457,1.0,28.2287600082456,89.66901468757169,15.514200415733498,108.41067567973687,53.62997362509029
1291,8654,296.5649984321348,1.0,28.2287600082456,89.66901468757169,15.514200415733498,108.41067567973687,53.62997362509029
1711,8656,103.7906546488978,1.0,28.2287600082456,89.66901468757169,15.514200415733498,108.41067567973687,53.62997362509029
1710,8662,336.86355923184436,1.0,28.2287600082456,89.66901468757169,15.514200415733498,108.41067567973687,53.62997362509029
1748,8670,277.5482319725204,1.0,28.2287600082456,89.66901468757169,15.514200415733498,108.41067567973687,53.62997362509029
1636,8672,281.4292812929766,1.0,28.2287600082456,89.66901468757169,15.514200415733498,108.41067567973687,53.62997362509029
2892,8674,213.16415815741678,1.0,28.2287600082456,89.66901468757169,15.514200415733498,108.41067567973687,53.62997362509029
1969,8676,215.55064736324007,1.0,28.2287600082456,89.66901468757169,15.514200415733498,108.41067567973687,53.62997362509029
2318,8678,185.79224700608094,1.0,28.2287600082456,89.66901468757169,15.514200415733498,108.41067567973687,53.62997362509029
2720,8680,183.40781632678733,1.0,28.2287600082456,89.66901468757169,15.514200415733498,108.41067567973687,53.62997362509029
3176,8684,181.92150172971668,1.0,28.2287600082456,89.66901468757169,15.514200415733498,108.41067567973687,53.62997362509029
2411,8686,163.89070065975005,1.0,28.2287600082456,89.66901468757169,15.514200415733498,108.41067567973687,53.62997362509029
4048,8690,169.39780766856111,1.0,28.2287600082456,89.66901468757169,15.514200415733498,108.41067567973687,53.62997362509029
1926,8692,152.4977203045034,1.0,28.2287600082456,89.66901468757169,15.514200415733498,108.41067567973687,53.62997362509029
2263,8694,153.25766245152562,1.0,28.2287600082456,89.66901468757169,15.514200415733498,108.41067567973687,53.62997362509029
2962,8696,175.85701430268907,1.0,28.2287600082456,89.66901468757169,15.514200415733498,108.41067567973687,53.62997362509029
2790,8698,150.00772898673358,1.0,28.2287600082456,89.66901468757169,15.514200415733498,108.41067567973687,53.62997362509029
2874,8700,188.57589358845294,1.0,28.2287600082456,89.66901468757169,15.514200415733498,108.41067567973687,53.62997362509029
2407,8702,210.8566906910568,1.0,28.2287600082456,89.66901468757169,15.514200415733498,108.41067567973687,53.62997362509029
1459,8704,157.95916108393155,1.0,28.2287600082456,89.66901468757169,15.514200415733498,108.41067567973687,53.62997362509029
2128,8706,225.49792790261162,1.0,28.2287600082456,89.66901468757169,15.514200415733498,108.41067567973687,53.62997362509029
2127,8708,156.76022107855985,1.0,28.2287600082456,89.66901468757169,15.514200415733498,108.41067567973687,53.62997362509029
1435,8710,161.78119587408605,1.0,28.2287600082456,89.66901468757169,15.514200415733498,108.41067567973687,53.62997362509029
2525,8712,142.17906310444553,1.0,28.2287600082456,89.66901468757169,15.514200415733498,108.41067567973687,53.62997362509029
3800,8714,153.1810924376186,1.0,28.2287600082456,89.66901468757169,15.514200415733498,108.41067567973687,53.62997362509029
2825,8716,152.72338657437805,1.0,28.2287600082456,89.66901468757169,15.514200415733498,108.41067567973687,53.62997362509029
2227,8718,243.18648624841236,1.0,28.2287600082456,89.66901468757169,15.514200415733498,108.41067567973687,53.62997362509029
1853,8720,140.9662022961992,1.0,28.2287600082456,89.66901468757169,15.514200415733498,108.41067567973687,53.62997362509029
967,8722,130.60765425278913,1.0,28.2287600082456,89.66901468757169,15.514200415733498,108.41067567973687,53.62997362509029
905,8726,300.03371598301476,1.0,28.2287600082456,89.66901468757169,15.514200415733498,108.41067567973687,53.62997362509029
1589,8728,198.62762407046128,1.0,28.2287600082456,89.66901468757169,15.514200415733498,108.41067567973687,53.62997362509029
2003,8730,184.51773158055462,1.0,28.2287600082456,89.66901468757169,15.514200415733498,108.41067567973687,53.62997362509029
3499,8732,91.48608511624063,1.0,28.2287600082456,89.66901468757169,15.514200415733498,108.41067567973687,53.62997362509029
4798,8736,96.58281834345166,1.0,28.2287600082456,89.66901468757169,15.514200415733498,108.41067567973687,53.62997362509029
4760,8738,121.40661116583732,1.0,28.2287600082456,89.66901468757169,15.514200415733498,108.41067567973687,53.62997362509029
3868,8742,107.23220557280143,1.0,28.2287600082456,89.66901468757169,15.514200415733498,108.41067567973687,53.62997362509029
2227,8746,239.69705883397273,1.0,28.2287600082456,89.66901468757169,15.514200415733498,108.41067567973687,53.62997362509029
2286,8748,222.94011799815198,1.0,28.2287600082456,89.66901468757169,15.514200415733498,108.41067567973687,53.62997362509029
2360,8750,225.98861704377856,1.0,28.2287600082456,89.66901468757169,15.514200415733498,108.41067567973687,53.62997362509029
1698,8754,288.50970626496553,1.0,28.2287600082456,89.66901468757169,15.514200415733498,108.41067567973687,53.62997362509029
2556,8756,187.1478801221431,1.0,28.2287600082456,89.66901468757169,15.514200415733498,108.41067567973687,53.62997362509029
1759,8758,178.76337338130023,1.0,28.2287600082456,89.66901468757169,15.514200415733498,108.41067567973687,53.62997362509029
2772,8760,190.36195768490842,1.0,28.2287600082456,89.66901468757169,15.514200415733498,108.41067567973687,53.62997362509029
1680,8762,204.86852333144964,1.0,28.2287600082456,89.66901468757169,15.514200415733498,108.41067567973687,53.62997362509029
2552,8764,167.02860991751106,1.0,28.2287600082456,89.66901468757169,15.514200415733498,108.41067567973687,53.62997362509029
1860,8766,170.2337618804298,1.0,28.2287600082456,89.66901468757169,15.514200415733498,108.41067567973687,53.62997362509029
3440,8772,162.91051242808385,1.0,28.2287600082456,89.66901468757169,15.514200415733498,108.41067567973687,53.62997362509029
3264,8774,151.06769756279581,1.0,28.2287600082456,89.66901468757169,15.514200415733498,108.41067567973687,53.62997362509029
1402,8776,144.57614880198838,1.0,28.2287600082456,89.66901468757169,15.514200415733498,108.41067567973687,53.62997362509029
2499,8782,174.42091743774813,1.0,28.2287600082456,89.66901468757169,15.514200415733498,108.41067567973687,53.62997362509029
1678,8784,153.65853977370443,1.0,28.2287600082456,89.66901468757169,15.514200415733498,108.41067567973687,53.62997362509029
2797,8786,134.1211095132179,1.0,28.2287600082456,89.66901468757169,15.514200415733498,108.41067567973687,53.62997362509029
2306,8790,277.0883599513987,1.0,28.2287600082456,89.66901468757169,15.514200415733498,108.41067567973687,53.62997362509029
3559,8792,149.57458070233395,1.0,28.2287600082456,89.66901468757169,15.514200415733498,108.41067567973687,53.62997362509029
2048,8794,255.37687415273584,1.0,28.2287600082456,89.66901468757169,15.514200415733498,108.41067567973687,53.62997362509029
3164,8798,112.38629567056697,1.0,28.2287600082456,89.66901468757169,15.514200415733498,108.41067567973687,53.62997362509029
2880,8802,139.66214523967145,1.0,28.2287600082456,89.66901468757169,15.514200415733498,108.41067567973687,53.62997362509029
2708,8806,129.96591267678338,1.0,28.2287600082456,89.66901468757169,15.514200415733498,108.41067567973687,53.62997362509029
3052,8808,110.93057418156585,1.0,28.2287600082456,89.66901468757169,15.514200415733498,108.41067567973687,53.62997362509029
4790,8810,91.25372481401406,1.0,28.2287600082456,89.66901468757169,15.514200415733498,108.41067567973687,53.62997362509029
4656,8812,104.13308480657909,1.0,28.2287600082456,89.66901468757169,15.514200415733498,108.41067567973687,53.62997362509029
3664,8814,161.670272301539,1.0,28.2287600082456,89.66901468757169,15.514200415733498,108.41067567973687,53.62997362509029
1814,8820,236.8742220228626,1.0,28.2287600082456,89.66901468757169,15.514200415733498,108.41067567973687,53.62997362509029
2168,8822,236.5054708250857,1.0,28.2287600082456,89.66901468757169,15.514200415733498,108.41067567973687,53.62997362509029
2280,8824,222.8937954458828,1.0,28.2287600082456,89.66901468757169,15.514200415733498,108.41067567973687,53.62997362509029
2484,8826,229.41640267126348,1.0,28.2287600082456,89.66901468757169,15.514200415733498,108.41067567973687,53.62997362509029
2828,8828,212.51369880089123,1.0,28.2287600082456,89.66901468757169,15.514200415733498,108.41067567973687,53.62997362509029
1275,8830,288.4516621073649,1.0,28.2287600082456,89.66901468757169,15.514200415733498,108.41067567973687,53.62997362509029
2212,8832,198.2899061539768,1.0,28.2287600082456,89.66901468757169,15.514200415733498,108.41067567973687,53.62997362509029
3082,8834,180.43104502446917,1.0,28.2287600082456,89.66901468757169,15.514200415733498,108.41067567973687,53.62997362509029
1665,8836,189.11980331446316,1.0,28.2287600082456,89.66901468757169,15.514200415733498,108.41067567973687,53.62997362509029
1548,8840,215.46994952086607,1.0,28.2287600082456,89.66901468757169,15.514200415733498,108.41067567973687,53.62997362509029
2380,8842,190.1639157407777,1.0,28.2287600082456,89.66901468757169,15.514200415733498,108.41067567973687,53.62997362509029
2760,8844,195.52127418947055,1.0,28.2287600082456,89.66901468757169,15.514200415733498,108.41067567973687,53.62997362509029
1824,8846,154.7491829437126,1.0,28.2287600082456,89.66901468757169,15.514200415733498,108.41067567973687,53.62997362509029
750,8848,351.0750755486296,1.0,28.2287600082456,89.66901468757169,15.514200415733498,108.41067567973687,53.62997362509029
2544,8850,166.99985876541209,1.0,28.2287600082456,89.66901468757169,15.514200415733498,108.41067567973687,53.62997362509029
4140,8852,194.2727182452649,1.0,28.2287600082456,89.66901468757169,15.514200415733498,108.41067567973687,53.62997362509029
2755,8854,169.39746804453736,1.0,28.2287600082456,89.66901468757169,15.514200415733498,108.41067567973687,53.62997362509029
967,8858,157.89019751268083,1.0,28.2287600082456,89.66901468757169,15.514200415733498,108.41067567973687,53.62997362509029
2668,8860,185.19144307662629,1.0,28.2287600082456,89.66901468757169,15.514200415733498,108.41067567973687,53.62997362509029
3672,8862,155.6711647691882,1.0,28.2287600082456,89.66901468757169,15.514200415733498,108.41067567973687,53.62997362509029
2068,8864,229.4898133623636,1.0,28.2287600082456,89.66901468757169,15.514200415733498,108.41067567973687,53.62997362509029
2652,8868,145.91242422956432,1.0,28.2287600082456,89.66901468757169,15.514200415733498,108.41067567973687,53.62997362509029
1649,8872,152.3108997576358,1.0,28.2287600082456,89.66901468757169,15.514200415733498,108.41067567973687,53.62997362509029
1670,8874,274.6923742352091,1.0,28.2287600082456,89.66901468757169,15.514200415733498,108.41067567973687,53.62997362509029
341,8876,266.73367568122245,1.0,28.2287600082456,89.66901468757169,15.514200415733498,108.41067567973687,53.62997362509029
2846,8878,151.74586605978953,1.0,28.2287600082456,89.66901468757169,15.514200415733498,108.41067567973687,53.62997362509029
763,8880,433.117118239094,1.0,28.2287600082456,89.66901468757169,15.514200415733498,108.41067567973687,53.62997362509029
955,8884,242.52023084866764,1.0,28.2287600082456,89.66901468757169,15.514200415733498,108.41067567973687,53.62997362509029
2838,8888,111.20383372079284,1.0,28.2287600082456,89.66901468757169,15.514200415733498,108.41067567973687,53.62997362509029
2908,8890,204.8043607476164,1.0,28.2287600082456,89.66901468757169,15.514200415733498,108.41067567973687,53.62997362509029
773,8892,119.70956277578324,1.0,28.2287600082456,89.66901468757169,15.514200415733498,108.41067567973687,53.62997362509029
1688,8894,149.32836151670065,1.0,28.2287600082456,89.66901468757169,15.514200415733498,108.41067567973687,53.62997362509029
2233,8900,220.3180909687054,1.0,28.2287600082456,89.66901468757169,15.514200415733498,108.41067567973687,53.62997362509029
1883,8902,184.87632814270708,1.0,28.2287600082456,89.66901468757169,15.514200415733498,108.41067567973687,53.62997362509029
3649,8904,128.19343155371237,1.0,28.2287600082456,89.66901468757169,15.514200415733498,108.41067567973687,53.62997362509029
2845,8906,124.37010150047868,1.0,28.2287600082456,89.66901468757169,15.514200415733498,108.41067567973687,53.62997362509029
2626,8910,91.7324988839071,1.0,28.2287600082456,89.66901468757169,15.514200415733498,108.41067567973687,53.62997362509029
3912,8912,92.1184614684787,1.0,28.2287600082456,89.66901468757169,15.514200415733498,108.41067567973687,53.62997362509029
4866,8914,91.46961390204441,1.0,28.2287600082456,89.66901468757169,15.514200415733498,108.41067567973687,53.62997362509029
1763,8916,218.4874416237257,1.0,28.2287600082456,89.66901468757169,15.514200415733498,108.41067567973687,53.62997362509029
2710,8920,217.26259001460843,1.0,28.2287600082456,89.66901468757169,15.514200415733498,108.41067567973687,53.62997362509029
471,8922,176.08790097399896,1.0,28.2287600082456,89.66901468757169,15.514200415733498,108.41067567973687,53.62997362509029
3650,8924,181.4842152517604,1.0,28.2287600082456,89.66901468757169,15.514200415733498,108.41067567973687,53.62997362509029
2810,8926,209.8443078946883,1.0,28.2287600082456,89.66901468757169,15.514200415733498,108.41067567973687,53.62997362509029
709,8930,172.69441301412255,1.0,28.2287600082456,89.66901468757169,15.514200415733498,108.41067567973687,53.62997362509029
1491,8934,155.02949561420863,1.0,28.2287600082456,89.66901468757169,15.514200415733498,108.41067567973687,53.62997362509029
897,8936,244.36224677854386,1.0,28.2287600082456,89.66901468757169,15.514200415733498,108.41067567973687,53.62997362509029
2171,8938,168.8033846084616,1.0,28.2287600082456,89.66901468757169,15.514200415733498,108.41067567973687,53.62997362509029
525,8940,276.8951817387684,1.0,28.2287600082456,89.66901468757169,15.514200415733498,108.41067567973687,53.62997362509029
1351,8942,143.7357933124393,1.0,28.2287600082456,89.66901468757169,15.514200415733498,108.41067567973687,53.62997362509029
2596,8946,173.53204165937632,1.0,28.2287600082456,89.66901468757169,15.514200415733498,108.41067567973687,53.62997362509029
1473,8948,180.97959153882596,1.0,28.2287600082456,89.66901468757169,15.514200415733498,108.41067567973687,53.62997362509029
2275,8952,156.9631458296307,1.0,28.2287600082456,89.66901468757169,15.514200415733498,108.41067567973687,53.62997362509029
1393,8954,173.79445636521805,1.0,28.2287600082456,89.66901468757169,15.514200415733498,108.41067567973687,53.62997362509029
2041,8956,169.15724111507683,1.0,28.2287600082456,89.66901468757169,15.514200415733498,108.41067567973687,53.62997362509029
2700,8962,161.56405607173156,1.0,28.2287600082456,89.66901468757169,15.514200415733498,108.41067567973687,53.62997362509029
2357,8964,183.94278433500548,1.0,28.2287600082456,89.66901468757169,15.514200415733498,108.41067567973687,53.62997362509029
4248,8966,152.69087074331705,1.0,28.2287600082456,89.66901468757169,15.514200415733498,108.41067567973687,53.62997362509029
2182,8968,153.8352066578102,1.0,28.2287600082456,89.66901468757169,15.514200415733498,108.41067567973687,53.62997362509029
1874,8970,253.30239149475878,1.0,28.2287600082456,89.66901468757169,15.514200415733498,108.41067567973687,53.62997362509029
977,8974,133.8561851172301,1.0,28.2287600082456,89.66901468757169,15.514200415733498,108.41067567973687,53.62997362509029
2384,8976,169.55514395659037,1.0,28.2287600082456,89.66901468757169,15.514200415733498,108.41067567973687,53.62997362509029
3562,8980,152.50632130841774,1.0,28.2287600082456,89.66901468757169,15.514200415733498,108.41067567973687,53.62997362509029
2069,8982,218.0097120403037,1.0,28.2287600082456,89.66901468757169,15.514200415733498,108.41067567973687,53.62997362509029
2175,8984,135.25540075712598,1.0,28.2287600082456,89.66901468757169,15.514200415733498,108.41067567973687,53.62997362509029
2081,8986,148.34491146947488,1.0,28.2287600082456,89.66901468757169,15.514200415733498,108.41067567973687,53.62997362509029
2741,8988,119.48827307486026,1.0,28.2287600082456,89.66901468757169,15.514200415733498,108.41067567973687,53.62997362509029
4504,8992,115.54174159568248,1.0,28.2287600082456,89.66901468757169,15.514200415733498,108.41067567973687,53.62997362509029
2186,8994,138.79580421945042,1.0,28.2287600082456,89.66901468757169,15.514200415733498,108.41067567973687,53.62997362509029
2667,8998,122.75613531921755,1.0,28.2287600082456,89.66901468757169,15.514200415733498,108.41067567973687,53.62997362509029
1448,9000,248.2943208916298,1.0,28.2287600082456,89.66901468757169,15.514200415733498,108.41067567973687,53.62997362509029
4646,9004,137.0873629580947,1.0,28.2287600082456,89.66901468757169,15.514200415733498,108.41067567973687,53.62997362509029
1607,9006,223.21207992222975,1.0,28.2287600082456,89.66901468757169,15.514200415733498,108.41067567973687,53.62997362509029
3930,9008,107.06795028570212,1.0,28.2287600082456,89.66901468757169,15.514200415733498,108.41067567973687,53.62997362509029
1675,9010,108.25749375835503,1.0,28.2287600082456,89.66901468757169,15.514200415733498,108.41067567973687,53.62997362509029
3193,9012,98.24766744849785,1.0,28.2287600082456,89.66901468757169,15.514200415733498,108.41067567973687,53.62997362509029
3632,9014,135.84901547780504,1.0,28.2287600082456,89.66901468757169,15.514200415733498,108.41067567973687,53.62997362509029
3994,9016,138.18630961669265,1.0,28.2287600082456,89.66901468757169,15.514200415733498,108.41067567973687,53.62997362509029
3209,9018,140.17576777022666,1.0,28.2287600082456,89.66901468757169,15.514200415733498,108.41067567973687,53.62997362509029
4846,9020,129.27864511676944,1.0,28.2287600082456,89.66901468757169,15.514200415733498,108.41067567973687,53.62997362509029
5100,9022,106.90071470895569,1.0,28.2287600082456,89.66901468757169,15.514200415733498,108.41067567973687,53.62997362509029
5542,9026,82.15859539771435,1.0,28.2287600082456,89.66901468757169,15.514200415733498,108.41067567973687,53.62997362509029
4984,9028,57.85924023896807,1.0,28.2287600082456,89.66901468757169,15.514200415733498,108.41067567973687,53.62997362509029
1412,9030,387.09450743090207,1.0,28.2287600082456,89.66901468757169,15.514200415733498,108.41067567973687,53.62997362509029
1700,9032,222.2338526961614,1.0,28.2287600082456,89.66901468757169,15.514200415733498,108.41067567973687,53.62997362509029
1315,9034,212.5159156806879,1.0,28.2287600082456,89.66901468757169,15.514200415733498,108.41067567973687,53.62997362509029
3286,9038,203.92003730686417,1.0,28.2287600082456,89.66901468757169,15.514200415733498,108.41067567973687,53.62997362509029
2875,9042,181.42282019685916,1.0,28.2287600082456,89.66901468757169,15.514200415733498,108.41067567973687,53.62997362509029
3258,9044,158.39396565973522,1.0,28.2287600082456,89.66901468757169,15.514200415733498,108.41067567973687,53.62997362509029
2124,9046,195.02005238792898,1.0,28.2287600082456,89.66901468757169,15.514200415733498,108.41067567973687,53.62997362509029
2439,9050,192.79328203259033,1.0,28.2287600082456,89.66901468757169,15.514200415733498,108.41067567973687,53.62997362509029
1059,9052,181.23217357338737,1.0,28.2287600082456,89.66901468757169,15.514200415733498,108.41067567973687,53.62997362509029
3300,9054,193.14177249987452,1.0,28.2287600082456,89.66901468757169,15.514200415733498,108.41067567973687,53.62997362509029
2804,9056,156.33221268543542,1.0,28.2287600082456,89.66901468757169,15.514200415733498,108.41067567973687,53.62997362509029
1232,9058,238.95391480724885,1.0,28.2287600082456,89.66901468757169,15.514200415733498,108.41067567973687,53.62997362509029
3760,9060,154.48335842324235,1.0,28.2287600082456,89.66901468757169,15.514200415733498,108.41067567973687,53.62997362509029
2216,9062,167.6586034017395,1.0,28.2287600082456,89.66901468757169,15.514200415733498,108.41067567973687,53.62997362509029
1261,9064,310.4929590697527,1.0,28.2287600082456,89.66901468757169,15.514200415733498,108.41067567973687,53.62997362509029
4608,9066,170.06125413104462,1.0,28.2287600082456,89.66901468757169,15.514200415733498,108.41067567973687,53.62997362509029
2969,9068,133.713179641231,1.0,28.2287600082456,89.66901468757169,15.514200415733498,108.41067567973687,53.62997362509029
3316,9072,154.29916725438682,1.0,28.2287600082456,89.66901468757169,15.514200415733498,108.41067567973687,53.62997362509029
3823,9074,137.25015043748255,1.0,28.2287600082456,89.66901468757169,15.514200415733498,108.41067567973687,53.62997362509029
1862,9076,157.17011135042165,1.0,28.2287600082456,89.66901468757169,15.514200415733498,108.41067567973687,53.62997362509029
603,9080,492.97403205654496,1.0,28.2287600082456,89.66901468757169,15.514200415733498,108.41067567973687,53.62997362509029
1427,9082,175.1036541677389,1.0,28.2287600082456,89.66901468757169,15.514200415733498,108.41067567973687,53.62997362509029
2807,9084,149.52778405289507,1.0,28.2287600082456,89.66901468757169,15.514200415733498,108.41067567973687,53.62997362509029
5934,9088,136.68170880673608,1.0,28.2287600082456,89.66901468757169,15.514200415733498,108.41067567973687,53.62997362509029
951,9090,96.80588230825852,1.0,28.2287600082456,89.66901468757169,15.514200415733498,108.41067567973687,53.62997362509029
1379,9096,281.3044556798804,1.0,28.2287600082456,89.66901468757169,15.514200415733498,108.41067567973687,53.62997362509029
2001,9098,118.15313475504117,1.0,28.2287600082456,89.66901468757169,15.514200415733498,108.41067567973687,53.62997362509029
3072,9102,137.16470352661597,1.0,28.2287600082456,89.66901468757169,15.514200415733498,108.41067567973687,53.62997362509029
4438,9104,88.98269934679469,1.0,28.2287600082456,89.66901468757169,15.514200415733498,108.41067567973687,53.62997362509029
1840,9106,309.3333644550457,1.0,28.2287600082456,89.66901468757169,15.514200415733498,108.41067567973687,53.62997362509029
2939,9108,125.26623250856454,1.0,28.2287600082456,89.66901468757169,15.514200415733498,108.41067567973687,53.62997362509029
1920,9112,210.1786163009586,1.0,28.2287600082456,89.66901468757169,15.514200415733498,108.41067567973687,53.62997362509029
733,9114,316.92540983816065,1.0,28.2287600082456,89.66901468757169,15.514200415733498,108.41067567973687,53.62997362509029
2375,9116,213.50241891623688,1.0,28.2287600082456,89.66901468757169,15.514200415733498,108.41067567973687,53.62997362509029
1006,9118,307.3979349244013,1.0,28.2287600082456,89.66901468757169,15.514200415733498,108.41067567973687,53.62997362509029
2354,9120,188.54870481381295,1.0,28.2287600082456,89.66901468757169,15.514200415733498,108.41067567973687,53.62997362509029
2806,9122,207.23036273409093,1.0,28.2287600082456,89.66901468757169,15.514200415733498,108.41067567973687,53.62997362509029
3016,9124,197.84282527816637,1.0,28.2287600082456,89.66901468757169,15.514200415733498,108.41067567973687,53.62997362509029
2695,9126,140.64133856430087,1.0,28.2287600082456,89.66901468757169,15.514200415733498,108.41067567973687,53.62997362509029
2071,9128,140.73473394542881,1.0,28.2287600082456,89.66901468757169,15.514200415733498,108.41067567973687,53.62997362509029
1605,9130,160.65565610503663,1.0,28.2287600082456,89.66901468757169,15.514200415733498,108.41067567973687,53.62997362509029
2871,9132,158.48877900167267,1.0,28.2287600082456,89.66901468757169,15.514200415733498,108.41067567973687,53.62997362509029
2291,9134,173.7635711086212,1.0,28.2287600082456,89.66901468757169,15.514200415733498,108.41067567973687,53.62997362509029
3530,9136,161.0815183253318,1.0,28.2287600082456,89.66901468757169,15.514200415733498,108.41067567973687,53.62997362509029
3383,9140,144.00838626066349,1.0,28.2287600082456,89.66901468757169,15.514200415733498,108.41067567973687,53.62997362509029
4208,9142,157.68711167385453,1.0,28.2287600082456,89.66901468757169,15.514200415733498,108.41067567973687,53.62997362509029
1946,9144,151.5666364803069,1.0,28.2287600082456,89.66901468757169,15.514200415733498,108.41067567973687,53.62997362509029
1243,9146,160.1528577404142,1.0,28.2287600082456,89.66901468757169,15.514200415733498,108.41067567973687,53.62997362509029
2818,9148,137.5887957296172,1.0,28.2287600082456,89.66901468757169,15.514200415733498,108.41067567973687,53.62997362509029
2125,9150,167.736038945746,1.0,28.2287600082456,89.66901468757169,15.514200415733498,108.41067567973687,53.62997362509029
761,9152,336.56874304966925,1.0,28.2287600082456,89.66901468757169,15.514200415733498,108.41067567973687,53.62997362509029
2279,9154,247.50010547570406,1.0,28.2287600082456,89.66901468757169,15.514200415733498,108.41067567973687,53.62997362509029
2226,9156,144.51811393131013,1.0,28.2287600082456,89.66901468757169,15.514200415733498,108.41067567973687,53.62997362509029
1982,9160,140.64355596756917,1.0,28.2287600082456,89.66901468757169,15.514200415733498,108.41067567973687,53.62997362509029
3334,9162,135.41801879119993,1.0,28.2287600082456,89.66901468757169,15.514200415733498,108.41067567973687,53.62997362509029
2578,9164,130.67370443100148,1.0,28.2287600082456,89.66901468757169,15.514200415733498,108.41067567973687,53.62997362509029
1565,9166,243.95673672065044,1.0,28.2287600082456,89.66901468757169,15.514200415733498,108.41067567973687,53.62997362509029
2079,9168,149.58496720534484,1.0,28.2287600082456,89.66901468757169,15.514200415733498,108.41067567973687,53.62997362509029
3186,9170,149.03684808390236,1.0,28.2287600082456,89.66901468757169,15.514200415733498,108.41067567973687,53.62997362509029
4742,9172,104.5609835803893,1.0,28.2287600082456,89.66901468757169,15.514200415733498,108.41067567973687,53.62997362509029
477,9174,205.15200991331898,1.0,28.2287600082456,89.66901468757169,15.514200415733498,108.41067567973687,53.62997362509029
2872,9176,142.96065627527628,1.0,28.2287600082456,89.66901468757169,15.514200415733498,108.41067567973687,53.62997362509029
3640,9178,113.98352758955471,1.0,28.2287600082456,89.66901468757169,15.514200415733498,108.41067567973687,53.62997362509029
651,9182,286.33424455716107,1.0,28.2287600082456,89.66901468757169,15.514200415733498,108.41067567973687,53.62997362509029
3352,9184,110.11002032020035,1.0,28.2287600082456,89.66901468757169,15.514200415733498,108.41067567973687,53.62997362509029
4092,9186,100.44123744841305,1.0,28.2287600082456,89.66901468757169,15.514200415733498,108.41067567973687,53.62997362509029
2942,9188,84.08747904927,1.0,28.2287600082456,89.66901468757169,15.514200415733498,108.41067567973687,53.62997362509029
2252,9190,244.53957953732686,1.0,28.2287600082456,89.66901468757169,15.514200415733498,108.41067567973687,53.62997362509029
2601,9194,192.29975020483306,1.0,28.2287600082456,89.66901468757169,15.514200415733498,108.41067567973687,53.62997362509029
1522,9196,152.6120550924359,1.0,28.2287600082456,89.66901468757169,15.514200415733498,108.41067567973687,53.62997362509029
1573,9198,170.14674524124266,1.0,28.2287600082456,89.66901468757169,15.514200415733498,108.41067567973687,53.62997362509029
4742,9200,158.3331841072489,1.0,28.2287600082456,89.66901468757169,15.514200415733498,108.41067567973687,53.62997362509029
3030,9202,165.75260865733873,1.0,28.2287600082456,89.66901468757169,15.514200415733498,108.41067567973687,53.62997362509029
1137,9204,336.4124723639675,1.0,28.2287600082456,89.66901468757169,15.514200415733498,108.41067567973687,53.62997362509029
3320,9206,159.7460383211371,1.0,28.2287600082456,89.66901468757169,15.514200415733498,108.41067567973687,53.62997362509029
2010,9208,164.28867396562083,1.0,28.2287600082456,89.66901468757169,15.514200415733498,108.41067567973687,53.62997362509029
3060,9210,163.7310539773836,1.0,28.2287600082456,89.66901468757169,15.514200415733498,108.41067567973687,53.62997362509029
2723,9212,172.8338552954131,1.0,28.2287600082456,89.66901468757169,15.514200415733498,108.41067567973687,53.62997362509029
978,9214,143.8950295201131,1.0,28.2287600082456,89.66901468757169,15.514200415733498,108.41067567973687,53.62997362509029
2271,9216,163.2125863029217,1.0,28.2287600082456,89.66901468757169,15.514200415733498,108.41067567973687,53.62997362509029
3778,9220,130.377930394221,1.0,28.2287600082456,89.66901468757169,15.514200415733498,108.41067567973687,53.62997362509029
1892,9222,227.5261721024172,1.0,28.2287600082456,89.66901468757169,15.514200415733498,108.41067567973687,53.62997362509029
3101,9224,148.57782417672794,1.0,28.2287600082456,89.66901468757169,15.514200415733498,108.41067567973687,53.62997362509029
2864,9226,136.34685654001353,1.0,28.2287600082456,89.66901468757169,15.514200415733498,108.41067567973687,53.62997362509029
2115,9228,143.3633720347274,1.0,28.2287600082456,89.66901468757169,15.514200415733498,108.41067567973687,53.62997362509029
3934,9230,123.49098657525404,1.0,28.2287600082456,89.66901468757169,15.514200415733498,108.41067567973687,53.62997362509029
3797,9232,150.30574347308956,1.0,28.2287600082456,89.66901468757169,15.514200415733498,108.41067567973687,53.62997362509029
2880,9234,117.53955172169864,1.0,28.2287600082456,89.66901468757169,15.514200415733498,108.41067567973687,53.62997362509029
1956,9236,201.48402159078898,1.0,28.2287600082456,89.66901468757169,15.514200415733498,108.41067567973687,53.62997362509029
4561,9238,147.65120849000442,1.0,28.2287600082456,89.66901468757169,15.514200415733498,108.41067567973687,53.62997362509029
2944,9240,129.98878179007818,1.0,28.2287600082456,89.66901468757169,15.514200415733498,108.41067567973687,53.62997362509029
2148,9242,210.88659963986592,1.0,28.2287600082456,89.66901468757169,15.514200415733498,108.41067567973687,53.62997362509029
5096,9244,123.03714634050884,1.0,28.2287600082456,89.66901468757169,15.514200415733498,108.41067567973687,53.62997362509029
1420,9246,223.2407005030675,1.0,28.2287600082456,89.66901468757169,15.514200415733498,108.41067567973687,53.62997362509029
2935,9248,143.37313773687055,1.0,28.2287600082456,89.66901468757169,15.514200415733498,108.41067567973687,53.62997362509029
2053,9250,131.71146517014262,1.0,28.2287600082456,89.66901468757169,15.514200415733498,108.41067567973687,53.62997362509029
1760,9252,113.4722375366782,1.0,28.2287600082456,89.66901468757169,15.514200415733498,108.41067567973687,53.62997362509029
3950,9256,118.99795422143131,1.0,28.2287600082456,89.66901468757169,15.514200415733498,108.41067567973687,53.62997362509029
3960,9258,102.75765585695136,1.0,28.2287600082456,89.66901468757169,15.514200415733498,108.41067567973687,53.62997362509029
2064,9260,116.5744320624506,1.0,28.2287600082456,89.66901468757169,15.514200415733498,108.41067567973687,53.62997362509029
1002,9262,260.68404464797743,1.0,28.2287600082456,89.66901468757169,15.514200415733498,108.41067567973687,53.62997362509029
3616,9264,113.11044649223257,1.0,28.2287600082456,89.66901468757169,15.514200415733498,108.41067567973687,53.62997362509029
2752,9266,112.78660503821698,1.0,28.2287600082456,89.66901468757169,15.514200415733498,108.41067567973687,53.62997362509029
4033,9268,99.28046665536525,1.0,28.2287600082456,89.66901468757169,15.514200415733498,108.41067567973687,53.62997362509029
5310,9270,95.95697597984258,1.0,28.2287600082456,89.66901468757169,15.514200415733498,108.41067567973687,53.62997362509029
3243,9272,112.56915257744743,1.0,28.2287600082456,89.66901468757169,15.514200415733498,108.41067567973687,53.62997362509029
1013,9276,229.29619496932722,1.0,28.2287600082456,89.66901468757169,15.514200415733498,108.41067567973687,53.62997362509029
1809,9278,119.53655233667388,1.0,28.2287600082456,89.66901468757169,15.514200415733498,108.41067567973687,53.62997362509029
5009,9280,129.89542022824747,1.0,28.2287600082456,89.66901468757169,15.514200415733498,108.41067567973687,53.62997362509029
4548,9282,115.93133397045924,1.0,28.2287600082456,89.66901468757169,15.514200415733498,108.41067567973687,53.62997362509029
2634,9284,184.92831270775375,1.0,28.2287600082456,89.66901468757169,15.514200415733498,108.41067567973687,53.62997362509029
3447,9286,108.83584761379569,1.0,28.2287600082456,89.66901468757169,15.514200415733498,108.41067567973687,53.62997362509029
4871,9288,68.78293591393248,1.0,28.2287600082456,89.66901468757169,15.514200415733498,108.41067567973687,53.62997362509029
2202,9290,261.32944279394655,1.0,28.2287600082456,89.66901468757169,15.514200415733498,108.41067567973687,53.62997362509029
2566,9292,232.81624951389875,1.0,28.2287600082456,89.66901468757169,15.514200415733498,108.41067567973687,53.62997362509029
2832,9294,191.7736415247166,1.0,28.2287600082456,89.66901468757169,15.514200415733498,108.41067567973687,53.62997362509029
3072,9296,202.34435205416972,1.0,28.2287600082456,89.66901468757169,15.514200415733498,108.41067567973687,53.62997362509029
3061,9298,211.37423602128828,1.0,28.2287600082456,89.66901468757169,15.514200415733498,108.41067567973687,53.62997362509029
2872,9300,166.62602838059027,1.0,28.2287600082456,89.66901468757169,15.514200415733498,108.41067567973687,53.62997362509029
1313,9302,269.12980902890985,1.0,28.2287600082456,89.66901468757169,15.514200415733498,108.41067567973687,53.62997362509029
836,9306,158.43564904529117,1.0,28.2287600082456,89.66901468757169,15.514200415733498,108.41067567973687,53.62997362509029
2350,9308,198.56200954170112,1.0,28.2287600082456,89.66901468757169,15.514200415733498,108.41067567973687,53.62997362509029
3456,9310,157.10568152253927,1.0,28.2287600082456,89.66901468757169,15.514200415733498,108.41067567973687,53.62997362509029
3600,9312,152.1842835634736,1.0,28.2287600082456,89.66901468757169,15.514200415733498,108.41067567973687,53.62997362509029
2791,9320,136.14819894948255,1.0,28.2287600082456,89.66901468757169,15.514200415733498,108.41067567973687,53.62997362509029
3579,9324,156.68553327806404,1.0,28.2287600082456,89.66901468757169,15.514200415733498,108.41067567973687,53.62997362509029
2772,9326,133.46532576597934,1.0,28.2287600082456,89.66901468757169,15.514200415733498,108.41067567973687,53.62997362509029
3483,9328,151.3144958436501,1.0,28.2287600082456,89.66901468757169,15.514200415733498,108.41067567973687,53.62997362509029
1087,9332,165.8767246722212,1.0,28.2287600082456,89.66901468757169,15.514200415733498,108.41067567973687,53.62997362509029
1541,9334,239.5982501487424,1.0,28.2287600082456,89.66901468757169,15.514200415733498,108.41067567973687,53.62997362509029
1449,9336,151.17921677591076,1.0,28.2287600082456,89.66901468757169,15.514200415733498,108.41067567973687,53.62997362509029
3711,9338,110.91567809264595,1.0,28.2287600082456,89.66901468757169,15.514200415733498,108.41067567973687,53.62997362509029
2618,9340,123.09682801181927,1.0,28.2287600082456,89.66901468757169,15.514200415733498,108.41067567973687,53.62997362509029
3608,9342,125.94390457068049,1.0,28.2287600082456,89.66901468757169,15.514200415733498,108.41067567973687,53.62997362509029
2181,9344,137.3285427471599,1.0,28.2287600082456,89.66901468757169,15.514200415733498,108.41067567973687,53.62997362509029
2946,9346,221.59168536828724,1.0,28.2287600082456,89.66901468757169,15.514200415733498,108.41067567973687,53.62997362509029
1325,9350,109.67813914426551,1.0,28.2287600082456,89.66901468757169,15.514200415733498,108.41067567973687,53.62997362509029
1596,9352,120.14010848432447,1.0,28.2287600082456,89.66901468757169,15.514200415733498,108.41067567973687,53.62997362509029
2143,9358,137.45113515898527,1.0,28.2287600082456,89.66901468757169,15.514200415733498,108.41067567973687,53.62997362509029
4332,9360,95.53017907344693,1.0,28.2287600082456,89.66901468757169,15.514200415733498,108.41067567973687,53.62997362509029
4257,9364,50.1093046519423,1.0,28.2287600082456,89.66901468757169,15.514200415733498,108.41067567973687,53.62997362509029
2314,9366,255.25136048518937,1.0,28.2287600082456,89.66901468757169,15.514200415733498,108.41067567973687,53.62997362509029
1021,9370,220.64442355824394,1.0,28.2287600082456,89.66901468757169,15.514200415733498,108.41067567973687,53.62997362509029
1998,9372,181.71219888228904,1.0,28.2287600082456,89.66901468757169,15.514200415733498,108.41067567973687,53.62997362509029
2816,9374,184.05303864317563,1.0,28.2287600082456,89.66901468757169,15.514200415733498,108.41067567973687,53.62997362509029
1728,9376,336.8340032341738,1.0,28.2287600082456,89.66901468757169,15.514200415733498,108.41067567973687,53.62997362509029
2499,9378,165.36898241558276,1.0,28.2287600082456,89.66901468757169,15.514200415733498,108.41067567973687,53.62997362509029
2067,9380,156.71889678770913,1.0,28.2287600082456,89.66901468757169,15.514200415733498,108.41067567973687,53.62997362509029
4090,9382,194.49739368598452,1.0,28.2287600082456,89.66901468757169,15.514200415733498,108.41067567973687,53.62997362509029
1173,9384,330.7656550748147,1.0,28.2287600082456,89.66901468757169,15.514200415733498,108.41067567973687,53.62997362509029
1953,9386,166.84149049781874,1.0,28.2287600082456,89.66901468757169,15.514200415733498,108.41067567973687,53.62997362509029
2778,9388,181.84686962054013,1.0,28.2287600082456,89.66901468757169,15.514200415733498,108.41067567973687,53.62997362509029
2249,9390,134.95083186331001,1.0,28.2287600082456,89.66901468757169,15.514200415733498,108.41067567973687,53.62997362509029
1678,9392,289.5709605809437,1.0,28.2287600082456,89.66901468757169,15.514200415733498,108.41067567973687,53.62997362509029
852,9394,324.5942366164042,1.0,28.2287600082456,89.66901468757169,15.514200415733498,108.41067567973687,53.62997362509029
246,9396,154.73316993526217,1.0,28.2287600082456,89.66901468757169,15.514200415733498,108.41067567973687,53.62997362509029
2641,9400,160.62055025750308,1.0,28.2287600082456,89.66901468757169,15.514200415733498,108.41067567973687,53.62997362509029
4270,9402,167.15542206431422,1.0,28.2287600082456,89.66901468757169,15.514200415733498,108.41067567973687,53.62997362509029
795,9404,295.64513970098244,1.0,28.2287600082456,89.66901468757169,15.514200415733498,108.41067567973687,53.62997362509029
2312,9406,133.22407088836124,1.0,28.2287600082456,89.66901468757169,15.514200415733498,108.41067567973687,53.62997362509029
4635,9408,123.88428488234689,1.0,28.2287600082456,89.66901468757169,15.514200415733498,108.41067567973687,53.62997362509029
3682,9412,128.5385088447767,1.0,28.2287600082456,89.66901468757169,15.514200415733498,108.41067567973687,53.62997362509029
2076,9414,206.17629934197754,1.0,28.2287600082456,89.66901468757169,15.514200415733498,108.41067567973687,53.62997362509029
2963,9416,119.31856518733588,1.0,28.2287600082456,89.66901468757169,15.514200415733498,108.41067567973687,53.62997362509029
1039,9418,157.27126564849033,1.0,28.2287600082456,89.66901468757169,15.514200415733498,108.41067567973687,53.62997362509029
876,9420,152.01295194877952,1.0,28.2287600082456,89.66901468757169,15.514200415733498,108.41067567973687,53.62997362509029
3570,9422,131.85365610473477,1.0,28.2287600082456,89.66901468757169,15.514200415733498,108.41067567973687,53.62997362509029
2786,9424,212.82643080043363,1.0,28.2287600082456,89.66901468757169,15.514200415733498,108.41067567973687,53.62997362509029
4234,9426,116.8089744330558,1.0,28.2287600082456,89.66901468757169,15.514200415733498,108.41067567973687,53.62997362509029
822,9428,279.5269695818746,1.0,28.2287600082456,89.66901468757169,15.514200415733498,108.41067567973687,53.62997362509029
601,9430,409.89188902307944,1.0,28.2287600082456,89.66901468757169,15.514200415733498,108.41067567973687,53.62997362509029
1737,9432,124.58515019904445,1.0,28.2287600082456,89.66901468757169,15.514200415733498,108.41067567973687,53.62997362509029
1342,9434,376.2654271351761,1.0,28.2287600082456,89.66901468757169,15.514200415733498,108.41067567973687,53.62997362509029
1415,9436,133.22757623043506,1.0,28.2287600082456,89.66901468757169,15.514200415733498,108.41067567973687,53.62997362509029
1927,9438,210.21882384400178,1.0,28.2287600082456,89.66901468757169,15.514200415733498,108.41067567973687,53.62997362509029
3029,9440,133.74055223374788,1.0,28.2287600082456,89.66901468757169,15.514200415733498,108.41067567973687,53.62997362509029
4058,9442,150.01367310541835,1.0,28.2287600082456,89.66901468757169,15.514200415733498,108.41067567973687,53.62997362509029
3015,9444,86.33981673045686,1.0,28.2287600082456,89.66901468757169,15.514200415733498,108.41067567973687,53.62997362509029
2067,9446,170.8411917748099,1.0,28.2287600082456,89.66901468757169,15.514200415733498,108.41067567973687,53.62997362509029
805,9448,187.14221486056036,1.0,28.2287600082456,89.66901468757169,15.514200415733498,108.41067567973687,53.62997362509029
4908,9450,73.06033270506943,1.0,28.2287600082456,89.66901468757169,15.514200415733498,108.41067567973687,53.62997362509029
5406,9452,60.16371835677389,1.0,28.2287600082456,89.66901468757169,15.514200415733498,108.41067567973687,53.62997362509029
1365,9454,257.4177937291795,1.0,28.2287600082456,89.66901468757169,15.514200415733498,108.41067567973687,53.62997362509029
1366,9456,221.67224068916008,1.0,28.2287600082456,89.66901468757169,15.514200415733498,108.41067567973687,53.62997362509029
1275,9460,275.59256248105237,1.0,28.2287600082456,89.66901468757169,15.514200415733498,108.41067567973687,53.62997362509029
3278,9462,166.70981582566196,1.0,28.2287600082456,89.66901468757169,15.514200415733498,108.41067567973687,53.62997362509029
3036,9464,146.43281083926632,1.0,28.2287600082456,89.66901468757169,15.514200415733498,108.41067567973687,53.62997362509029
1551,9466,305.0072754618171,1.0,28.2287600082456,89.66901468757169,15.514200415733498,108.41067567973687,53.62997362509029
3192,9470,176.07731922527148,1.0,28.2287600082456,89.66901468757169,15.514200415733498,108.41067567973687,53.62997362509029
2741,9472,148.63297517723916,1.0,28.2287600082456,89.66901468757169,15.514200415733498,108.41067567973687,53.62997362509029
1382,9474,164.87204532340138,1.0,28.2287600082456,89.66901468757169,15.514200415733498,108.41067567973687,53.62997362509029
1723,9476,167.57515780319906,1.0,28.2287600082456,89.66901468757169,15.514200415733498,108.41067567973687,53.62997362509029
1198,9478,353.19661985948534,1.0,28.2287600082456,89.66901468757169,15.514200415733498,108.41067567973687,53.62997362509029
519,9482,144.92555463343555,1.0,28.2287600082456,89.66901468757169,15.514200415733498,108.41067567973687,53.62997362509029
3428,9484,124.49186859912683,1.0,28.2287600082456,89.66901468757169,15.514200415733498,108.41067567973687,53.62997362509029
2810,9486,165.14985707050428,1.0,28.2287600082456,89.66901468757169,15.514200415733498,108.41067567973687,53.62997362509029
3966,9490,122.91400950219685,1.0,28.2287600082456,89.66901468757169,15.514200415733498,108.41067567973687,53.62997362509029
1700,9492,255.19620777944212,1.0,28.2287600082456,89.66901468757169,15.514200415733498,108.41067567973687,53.62997362509029
2879,9494,116.01507155384418,1.0,28.2287600082456,89.66901468757169,15.514200415733498,108.41067567973687,53.62997362509029
1980,9496,139.4910530387757,1.0,28.2287600082456,89.66901468757169,15.514200415733498,108.41067567973687,53.62997362509029
2441,9498,227.0630506227482,1.0,28.2287600082456,89.66901468757169,15.514200415733498,108.41067567973687,53.62997362509029
1349,9500,260.9409630635733,1.0,28.2287600082456,89.66901468757169,15.514200415733498,108.41067567973687,53.62997362509029
3772,9502,148.13713786713572,1.0,28.2287600082456,89.66901468757169,15.514200415733498,108.41067567973687,53.62997362509029
3782,9504,115.05875957577933,1.0,28.2287600082456,89.66901468757169,15.514200415733498,108.41067567973687,53.62997362509029
3695,9506,122.73697378465532,1.0,28.2287600082456,89.66901468757169,15.514200415733498,108.41067567973687,53.62997362509029
3418,9508,124.45931050450038,1.0,28.2287600082456,89.66901468757169,15.514200415733498,108.41067567973687,53.62997362509029
3864,9510,149.60166435402192,1.0,28.2287600082456,89.66901468757169,15.514200415733498,108.41067567973687,53.62997362509029
3310,9512,123.19132246157342,1.0,28.2287600082456,89.66901468757169,15.514200415733498,108.41067567973687,53.62997362509029
2426,9514,106.54994616092722,1.0,28.2287600082456,89.66901468757169,15.514200415733498,108.41067567973687,53.62997362509029
3837,9516,144.904567078034,1.0,28.2287600082456,89.66901468757169,15.514200415733498,108.41067567973687,53.62997362509029
2848,9518,105.35444665185987,1.0,28.2287600082456,89.66901468757169,15.514200415733498,108.41067567973687,53.62997362509029
2996,9520,140.5189140444287,1.0,28.2287600082456,89.66901468757169,15.514200415733498,108.41067567973687,53.62997362509029
3324,9522,94.93195110498027,1.0,28.2287600082456,89.66901468757169,15.514200415733498,108.41067567973687,53.62997362509029
2836,9524,102.66536151331599,1.0,28.2287600082456,89.66901468757169,15.514200415733498,108.41067567973687,53.62997362509029
1889,9526,186.2429161136932,1.0,28.2287600082456,89.66901468757169,15.514200415733498,108.41067567973687,53.62997362509029
647,9530,113.8677810444598,1.0,28.2287600082456,89.66901468757169,15.514200415733498,108.41067567973687,53.62997362509029
2335,9532,109.18221335214324,1.0,28.2287600082456,89.66901468757169,15.514200415733498,108.41067567973687,53.62997362509029
1223,9534,93.01543785400925,1.0,28.2287600082456,89.66901468757169,15.514200415733498,108.41067567973687,53.62997362509029
2835,9538,60.97058705631248,1.0,28.2287600082456,89.66901468757169,15.514200415733498,108.41067567973687,53.62997362509029
1546,9540,279.00287761962903,1.0,28.2287600082456,89.66901468757169,15.514200415733498,108.41067567973687,53.62997362509029
1750,9542,247.75565873783842,1.0,28.2287600082456,89.66901468757169,15.514200415733498,108.41067567973687,53.62997362509029
1311,9544,246.37448050366905,1.0,28.2287600082456,89.66901468757169,15.514200415733498,108.41067567973687,53.62997362509029
2658,9546,211.58439436623837,1.0,28.2287600082456,89.66901468757169,15.514200415733498,108.41067567973687,53.62997362509029
2472,9548,204.26156593088237,1.0,28.2287600082456,89.66901468757169,15.514200415733498,108.41067567973687,53.62997362509029
1012,9552,280.32883672345423,1.0,28.2287600082456,89.66901468757169,15.514200415733498,108.41067567973687,53.62997362509029
2858,9554,199.03663930365133,1.0,28.2287600082456,89.66901468757169,15.514200415733498,108.41067567973687,53.62997362509029
834,9556,302.39833859262893,1.0,28.2287600082456,89.66901468757169,15.514200415733498,108.41067567973687,53.62997362509029
2822,9558,150.30256050185034,1.0,28.2287600082456,89.66901468757169,15.514200415733498,108.41067567973687,53.62997362509029
3022,9560,167.5993179377357,1.0,28.2287600082456,89.66901468757169,15.514200415733498,108.41067567973687,53.62997362509029
2844,9562,196.4455738238425,1.0,28.2287600082456,89.66901468757169,15.514200415733498,108.41067567973687,53.62997362509029
1747,9564,152.22044729913404,1.0,28.2287600082456,89.66901468757169,15.514200415733498,108.41067567973687,53.62997362509029
1183,9566,196.39243218735734,1.0,28.2287600082456,89.66901468757169,15.514200415733498,108.41067567973687,53.62997362509029
2996,9568,152.32213200077976,1.0,28.2287600082456,89.66901468757169,15.514200415733498,108.41067567973687,53.62997362509029
4100,9570,165.23361235902493,1.0,28.2287600082456,89.66901468757169,15.514200415733498,108.41067567973687,53.62997362509029
1125,9572,172.0285352221012,1.0,28.2287600082456,89.66901468757169,15.514200415733498,108.41067567973687,53.62997362509029
1372,9574,326.8808364984103,1.0,28.2287600082456,89.66901468757169,15.514200415733498,108.41067567973687,53.62997362509029
4020,9576,173.4206378250188,1.0,28.2287600082456,89.66901468757169,15.514200415733498,108.41067567973687,53.62997362509029
1385,9578,170.69794799792916,1.0,28.2287600082456,89.66901468757169,15.514200415733498,108.41067567973687,53.62997362509029
2717,9580,157.24836928122363,1.0,28.2287600082456,89.66901468757169,15.514200415733498,108.41067567973687,53.62997362509029
2550,9584,171.56998961771555,1.0,28.2287600082456,89.66901468757169,15.514200415733498,108.41067567973687,53.62997362509029
1738,9588,270.6290062191057,1.0,28.2287600082456,89.66901468757169,15.514200415733498,108.41067567973687,53.62997362509029
2290,9590,290.96094916745193,1.0,28.2287600082456,89.66901468757169,15.514200415733498,108.41067567973687,53.62997362509029
1976,9592,218.58953836966128,1.0,28.2287600082456,89.66901468757169,15.514200415733498,108.41067567973687,53.62997362509029
3602,9594,158.53120662656,1.0,28.2287600082456,89.66901468757169,15.514200415733498,108.41067567973687,53.62997362509029
3642,9596,117.22605742454802,1.0,28.2287600082456,89.66901468757169,15.514200415733498,108.41067567973687,53.62997362509029
2363,9598,115.03982280105531,1.0,28.2287600082456,89.66901468757169,15.514200415733498,108.41067567973687,53.62997362509029
3038,9600,118.55210159309195,1.0,28.2287600082456,89.66901468757169,15.514200415733498,108.41067567973687,53.62997362509029
3418,9602,136.88128494737668,1.0,28.2287600082456,89.66901468757169,15.514200415733498,108.41067567973687,53.62997362509029
3581,9604,144.66544775798022,1.0,28.2287600082456,89.66901468757169,15.514200415733498,108.41067567973687,53.62997362509029
2045,9606,133.87943579677525,1.0,28.2287600082456,89.66901468757169,15.514200415733498,108.41067567973687,53.62997362509029
3920,9608,145.6257451961534,1.0,28.2287600082456,89.66901468757169,15.514200415733498,108.41067567973687,53.62997362509029
3048,9610,128.24110605078644,1.0,28.2287600082456,89.66901468757169,15.514200415733498,108.41067567973687,53.62997362509029
1956,9612,285.0233435685881,1.0,28.2287600082456,89.66901468757169,15.514200415733498,108.41067567973687,53.62997362509029
3318,9614,105.98972414743179,1.0,28.2287600082456,89.66901468757169,15.514200415733498,108.41067567973687,53.62997362509029
2797,9616,110.96770066484672,1.0,28.2287600082456,89.66901468757169,15.514200415733498,108.41067567973687,53.62997362509029
3374,9618,131.82067966408272,1.0,28.2287600082456,89.66901468757169,15.514200415733498,108.41067567973687,53.62997362509029
3972,9622,104.85266995727795,1.0,28.2287600082456,89.66901468757169,15.514200415733498,108.41067567973687,53.62997362509029
688,9624,100.65356638565864,1.0,28.2287600082456,89.66901468757169,15.514200415733498,108.41067567973687,53.62997362509029
2463,9628,144.85391480412295,1.0,28.2287600082456,89.66901468757169,15.514200415733498,108.41067567973687,53.62997362509029
1009,9630,115.55593169514697,1.0,28.2287600082456,89.66901468757169,15.514200415733498,108.41067567973687,53.62997362509029
3386,9632,105.5102653471411,1.0,28.2287600082456,89.66901468757169,15.514200415733498,108.41067567973687,53.62997362509029
1884,9634,268.1947465903579,1.0,28.2287600082456,89.66901468757169,15.514200415733498,108.41067567973687,53.62997362509029
1116,9636,81.14515099725342,1.0,28.2287600082456,89.66901468757169,15.514200415733498,108.41067567973687,53.62997362509029
1486,9638,308.342411551967,1.0,28.2287600082456,89.66901468757169,15.514200415733498,108.41067567973687,53.62997362509029
4490,9640,98.10932044590689,1.0,28.2287600082456,89.66901468757169,15.514200415733498,108.41067567973687,53.62997362509029
4632,9642,59.76705807394963,1.0,28.2287600082456,89.66901468757169,15.514200415733498,108.41067567973687,53.62997362509029
2470,9644,254.17963594848263,1.0,28.2287600082456,89.66901468757169,15.514200415733498,108.41067567973687,53.62997362509029
2141,9646,258.9738450426334,1.0,28.2287600082456,89.66901468757169,15.514200415733498,108.41067567973687,53.62997362509029
956,9648,220.744740834086,1.0,28.2287600082456,89.66901468757169,15.514200415733498,108.41067567973687,53.62997362509029
2392,9650,249.99974301690463,1.0,28.2287600082456,89.66901468757169,15.514200415733498,108.41067567973687,53.62997362509029
1416,9652,306.856855163794,1.0,28.2287600082456,89.66901468757169,15.514200415733498,108.41067567973687,53.62997362509029
3350,9656,198.9694775046675,1.0,28.2287600082456,89.66901468757169,15.514200415733498,108.41067567973687,53.62997362509029
2168,9660,190.29366670844314,1.0,28.2287600082456,89.66901468757169,15.514200415733498,108.41067567973687,53.62997362509029
2968,9662,194.26365944054385,1.0,28.2287600082456,89.66901468757169,15.514200415733498,108.41067567973687,53.62997362509029
791,9664,179.56209640921554,1.0,28.2287600082456,89.66901468757169,15.514200415733498,108.41067567973687,53.62997362509029
3120,9666,180.57512256954033,1.0,28.2287600082456,89.66901468757169,15.514200415733498,108.41067567973687,53.62997362509029
2401,9668,167.5672960389427,1.0,28.2287600082456,89.66901468757169,15.514200415733498,108.41067567973687,53.62997362509029
397,9670,174.45431969062383,1.0,28.2287600082456,89.66901468757169,15.514200415733498,108.41067567973687,53.62997362509029
3638,9672,129.3552243535848,1.0,28.2287600082456,89.66901468757169,15.514200415733498,108.41067567973687,53.62997362509029
3442,9674,152.21996734091215,1.0,28.2287600082456,89.66901468757169,15.514200415733498,108.41067567973687,53.62997362509029
3222,9676,130.61444007857105,1.0,28.2287600082456,89.66901468757169,15.514200415733498,108.41067567973687,53.62997362509029
2833,9678,154.3321462162197,1.0,28.2287600082456,89.66901468757169,15.514200415733498,108.41067567973687,53.62997362509029
2920,9680,154.65632936199987,1.0,28.2287600082456,89.66901468757169,15.514200415733498,108.41067567973687,53.62997362509029
935,9682,254.66793492753925,1.0,28.2287600082456,89.66901468757169,15.514200415733498,108.41067567973687,53.62997362509029
2205,9684,161.5069480715198,1.0,28.2287600082456,89.66901468757169,15.514200415733498,108.41067567973687,53.62997362509029
2641,9686,127.23930890234315,1.0,28.2287600082456,89.66901468757169,15.514200415733498,108.41067567973687,53.62997362509029
427,9688,289.28792816096063,1.0,28.2287600082456,89.66901468757169,15.514200415733498,108.41067567973687,53.62997362509029
3597,9690,131.55890147827094,1.0,28.2287600082456,89.66901468757169,15.514200415733498,108.41067567973687,53.62997362509029
3881,9692,146.62562129729733,1.0,28.2287600082456,89.66901468757169,15.514200415733498,108.41067567973687,53.62997362509029
4361,9694,144.87447589251497,1.0,28.2287600082456,89.66901468757169,15.514200415733498,108.41067567973687,53.62997362509029
1068,9696,120.12115241265137,1.0,28.2287600082456,89.66901468757169,15.514200415733498,108.41067567973687,53.62997362509029
3680,9698,120.09054729701336,1.0,28.2287600082456,89.66901468757169,15.514200415733498,108.41067567973687,53.62997362509029
3890,9700,102.83743502443045,1.0,28.2287600082456,89.66901468757169,15.514200415733498,108.41067567973687,53.62997362509029
1940,9704,259.345644449055,1.0,28.2287600082456,89.66901468757169,15.514200415733498,108.41067567973687,53.62997362509029
3128,9706,100.12360672218594,1.0,28.2287600082456,89.66901468757169,15.514200415733498,108.41067567973687,53.62997362509029
3068,9708,134.2651001587746,1.0,28.2287600082456,89.66901468757169,15.514200415733498,108.41067567973687,53.62997362509029
2702,9710,109.95099210468234,1.0,28.2287600082456,89.66901468757169,15.514200415733498,108.41067567973687,53.62997362509029
1871,9712,124.19931393028298,1.0,28.2287600082456,89.66901468757169,15.514200415733498,108.41067567973687,53.62997362509029
2745,9714,204.00082753855736,1.0,28.2287600082456,89.66901468757169,15.514200415733498,108.41067567973687,53.62997362509029
3011,9716,142.8356377888601,1.0,28.2287600082456,89.66901468757169,15.514200415733498,108.41067567973687,53.62997362509029
2274,9718,95.0953670196893,1.0,28.2287600082456,89.66901468757169,15.514200415733498,108.41067567973687,53.62997362509029
2591,9720,134.8323662529798,1.0,28.2287600082456,89.66901468757169,15.514200415733498,108.41067567973687,53.62997362509029
1839,9722,100.64446693876545,1.0,28.2287600082456,89.66901468757169,15.514200415733498,108.41067567973687,53.62997362509029
1214,9724,111.45146777871176,1.0,28.2287600082456,89.66901468757169,15.514200415733498,108.41067567973687,53.62997362509029
1918,9726,106.77149169595923,1.0,28.2287600082456,89.66901468757169,15.514200415733498,108.41067567973687,53.62997362509029
3559,9728,135.54918881187356,1.0,28.2287600082456,89.66901468757169,15.514200415733498,108.41067567973687,53.62997362509029
2935,9730,95.56872649352542,1.0,28.2287600082456,89.66901468757169,15.514200415733498,108.41067567973687,53.62997362509029
1909,9734,221.06839054716016,1.0,28.2287600082456,89.66901468757169,15.514200415733498,108.41067567973687,53.62997362509029
3466,9738,79.11759652376861,1.0,28.2287600082456,89.66901468757169,15.514200415733498,108.41067567973687,53.62997362509029
2264,9742,219.79421085992206,1.0,28.2287600082456,89.66901468757169,15.514200415733498,108.41067567973687,53.62997362509029
3480,9744,179.80671181266305,1.0,28.2287600082456,89.66901468757169,15.514200415733498,108.41067567973687,53.62997362509029
3536,9746,165.6381455576378,1.0,28.2287600082456,89.66901468757169,15.514200415733498,108.41067567973687,53.62997362509029
2318,9748,157.68662229168746,1.0,28.2287600082456,89.66901468757169,15.514200415733498,108.41067567973687,53.62997362509029
2367,9750,149.53812794412343,1.0,28.2287600082456,89.66901468757169,15.514200415733498,108.41067567973687,53.62997362509029
2404,9752,231.14908385626075,1.0,28.2287600082456,89.66901468757169,15.514200415733498,108.41067567973687,53.62997362509029
2684,9754,142.9140457128748,1.0,28.2287600082456,89.66901468757169,15.514200415733498,108.41067567973687,53.62997362509029
3392,9758,141.31276260837942,1.0,28.2287600082456,89.66901468757169,15.514200415733498,108.41067567973687,53.62997362509029
503,9760,185.0537169203921,1.0,28.2287600082456,89.66901468757169,15.514200415733498,108.41067567973687,53.62997362509029
2589,9762,178.01916998659,1.0,28.2287600082456,89.66901468757169,15.514200415733498,108.41067567973687,53.62997362509029
1614,9764,184.14161548841028,1.0,28.2287600082456,89.66901468757169,15.514200415733498,108.41067567973687,53.62997362509029
2952,9766,136.6263607800244,1.0,28.2287600082456,89.66901468757169,15.514200415733498,108.41067567973687,53.62997362509029
2703,9768,144.813696890177,1.0,28.2287600082456,89.66901468757169,15.514200415733498,108.41067567973687,53.62997362509029
1329,9770,151.1166406984018,1.0,28.2287600082456,89.66901468757169,15.514200415733498,108.41067567973687,53.62997362509029
1113,9772,128.8283879695286,1.0,28.2287600082456,89.66901468757169,15.514200415733498,108.41067567973687,53.62997362509029
3399,9774,128.41917102436847,1.0,28.2287600082456,89.66901468757169,15.514200415733498,108.41067567973687,53.62997362509029
3838,9776,152.69193703465854,1.0,28.2287600082456,89.66901468757169,15.514200415733498,108.41067567973687,53.62997362509029
2703,9778,128.42587994452037,1.0,28.2287600082456,89.66901468757169,15.514200415733498,108.41067567973687,53.62997362509029
2611,9780,121.36538225644608,1.0,28.2287600082456,89.66901468757169,15.514200415733498,108.41067567973687,53.62997362509029
3790,9782,138.67100840539024,1.0,28.2287600082456,89.66901468757169,15.514200415733498,108.41067567973687,53.62997362509029
4140,9784,145.5484617574311,1.0,28.2287600082456,89.66901468757169,15.514200415733498,108.41067567973687,53.62997362509029
3476,9786,136.60760029311763,1.0,28.2287600082456,89.66901468757169,15.514200415733498,108.41067567973687,53.62997362509029
787,9790,146.5564907947928,1.0,28.2287600082456,89.66901468757169,15.514200415733498,108.41067567973687,53.62997362509029
2806,9792,109.08468555534498,1.0,28.2287600082456,89.66901468757169,15.514200415733498,108.41067567973687,53.62997362509029
3594,9794,106.32282565535142,1.0,28.2287600082456,89.66901468757169,15.514200415733498,108.41067567973687,53.62997362509029
2739,9796,152.3971348653953,1.0,28.2287600082456,89.66901468757169,15.514200415733498,108.41067567973687,53.62997362509029
2140,9798,128.2268774305043,1.0,28.2287600082456,89.66901468757169,15.514200415733498,108.41067567973687,53.62997362509029
717,9800,102.2056114535978,1.0,28.2287600082456,89.66901468757169,15.514200415733498,108.41067567973687,53.62997362509029
3512,9802,99.21506210069711,1.0,28.2287600082456,89.66901468757169,15.514200415733498,108.41067567973687,53.62997362509029
3566,9804,113.06747405153735,1.0,28.2287600082456,89.66901468757169,15.514200415733498,108.41067567973687,53.62997362509029
1513,9806,92.55901032932587,1.0,28.2287600082456,89.66901468757169,15.514200415733498,108.41067567973687,53.62997362509029
1714,9808,283.42101292307865,1.0,28.2287600082456,89.66901468757169,15.514200415733498,108.41067567973687,53.62997362509029
734,9810,97.66390042588583,1.0,28.2287600082456,89.66901468757169,15.514200415733498,108.41067567973687,53.62997362509029
3430,9812,138.43557692104244,1.0,28.2287600082456,89.66901468757169,15.514200415733498,108.41067567973687,53.62997362509029
3360,9816,102.77576609669067,1.0,28.2287600082456,89.66901468757169,15.514200415733498,108.41067567973687,53.62997362509029
4754,9818,83.87704881719173,1.0,28.2287600082456,89.66901468757169,15.514200415733498,108.41067567973687,53.62997362509029
2721,9822,193.89670220653605,1.0,28.2287600082456,89.66901468757169,15.514200415733498,108.41067567973687,53.62997362509029
2037,9824,178.39028961320273,1.0,28.2287600082456,89.66901468757169,15.514200415733498,108.41067567973687,53.62997362509029
2356,9826,194.2247605788343,1.0,28.2287600082456,89.66901468757169,15.514200415733498,108.41067567973687,53.62997362509029
2562,9828,208.81398538541052,1.0,28.2287600082456,89.66901468757169,15.514200415733498,108.41067567973687,53.62997362509029
2724,9830,189.0558504233873,1.0,28.2287600082456,89.66901468757169,15.514200415733498,108.41067567973687,53.62997362509029
3194,9832,182.43514013332268,1.0,28.2287600082456,89.66901468757169,15.514200415733498,108.41067567973687,53.62997362509029
1331,9834,195.84867702671417,1.0,28.2287600082456,89.66901468757169,15.514200415733498,108.41067567973687,53.62997362509029
1540,9836,236.40437282188543,1.0,28.2287600082456,89.66901468757169,15.514200415733498,108.41067567973687,53.62997362509029
597,9838,275.723355666321,1.0,28.2287600082456,89.66901468757169,15.514200415733498,108.41067567973687,53.62997362509029
2910,9840,149.50937315725568,1.0,28.2287600082456,89.66901468757169,15.514200415733498,108.41067567973687,53.62997362509029
2464,9842,141.53835773314816,1.0,28.2287600082456,89.66901468757169,15.514200415733498,108.41067567973687,53.62997362509029
1299,9844,173.74572788644312,1.0,28.2287600082456,89.66901468757169,15.514200415733498,108.41067567973687,53.62997362509029
3884,9846,148.22317870402014,1.0,28.2287600082456,89.66901468757169,15.514200415733498,108.41067567973687,53.62997362509029
3256,9848,151.58816071540647,1.0,28.2287600082456,89.66901468757169,15.514200415733498,108.41067567973687,53.62997362509029
2730,9850,131.0052609640407,1.0,28.2287600082456,89.66901468757169,15.514200415733498,108.41067567973687,53.62997362509029
3052,9852,128.11585317081108,1.0,28.2287600082456,89.66901468757169,15.514200415733498,108.41067567973687,53.62997362509029
2968,9854,119.03649814724311,1.0,28.2287600082456,89.66901468757169,15.514200415733498,108.41067567973687,53.62997362509029
3860,9856,115.12361876477533,1.0,28.2287600082456,89.66901468757169,15.514200415733498,108.41067567973687,53.62997362509029
2682,9858,112.03454823258981,1.0,28.2287600082456,89.66901468757169,15.514200415733498,108.41067567973687,53.62997362509029
1575,9860,139.39493706845073,1.0,28.2287600082456,89.66901468757169,15.514200415733498,108.41067567973687,53.62997362509029
585,9864,113.80790583480895,1.0,28.2287600082456,89.66901468757169,15.514200415733498,108.41067567973687,53.62997362509029
2949,9866,92.26123246260555,1.0,28.2287600082456,89.66901468757169,15.514200415733498,108.41067567973687,53.62997362509029
1998,9868,121.85043394501027,1.0,28.2287600082456,89.66901468757169,15.514200415733498,108.41067567973687,53.62997362509029
2737,9870,200.8363207291935,1.0,28.2287600082456,89.66901468757169,15.514200415733498,108.41067567973687,53.62997362509029
1655,9872,222.53980280570437,1.0,28.2287600082456,89.66901468757169,15.514200415733498,108.41067567973687,53.62997362509029
2942,9874,207.37002210578237,1.0,28.2287600082456,89.66901468757169,15.514200415733498,108.41067567973687,53.62997362509029
3424,9876,97.40153604161108,1.0,28.2287600082456,89.66901468757169,15.514200415733498,108.41067567973687,53.62997362509029
5379,9878,99.22217629918204,1.0,28.2287600082456,89.66901468757169,15.514200415733498,108.41067567973687,53.62997362509029
2251,9880,189.95019702598904,1.0,28.2287600082456,89.66901468757169,15.514200415733498,108.41067567973687,53.62997362509029
2286,9882,204.87349422462955,1.0,28.2287600082456,89.66901468757169,15.514200415733498,108.41067567973687,53.62997362509029
5934,9884,76.50646348423888,1.0,28.2287600082456,89.66901468757169,15.514200415733498,108.41067567973687,53.62997362509029
4122,9886,71.51574754471167,1.0,28.2287600082456,89.66901468757169,15.514200415733498,108.41067567973687,53.62997362509029
3154,9888,71.00963019797307,1.0,28.2287600082456,89.66901468757169,15.514200415733498,108.41067567973687,53.62997362509029
1217,9890,70.16563069089486,1.0,28.2287600082456,89.66901468757169,15.514200415733498,108.41067567973687,53.62997362509029
1677,9892,239.49470741644043,1.0,28.2287600082456,89.66901468757169,15.514200415733498,108.41067567973687,53.62997362509029
1187,9894,306.5178417724572,1.0,28.2287600082456,89.66901468757169,15.514200415733498,108.41067567973687,53.62997362509029
1684,9896,190.89050211629066,1.0,28.2287600082456,89.66901468757169,15.514200415733498,108.41067567973687,53.62997362509029
1537,9898,146.02570553019922,1.0,28.2287600082456,89.66901468757169,15.514200415733498,108.41067567973687,53.62997362509029
3312,9900,178.98363217568632,1.0,28.2287600082456,89.66901468757169,15.514200415733498,108.41067567973687,53.62997362509029
2496,9902,176.68957264732893,1.0,28.2287600082456,89.66901468757169,15.514200415733498,108.41067567973687,53.62997362509029
968,9904,368.73861248150746,1.0,28.2287600082456,89.66901468757169,15.514200415733498,108.41067567973687,53.62997362509029
903,9906,176.8020236297665,1.0,28.2287600082456,89.66901468757169,15.514200415733498,108.41067567973687,53.62997362509029
3524,9908,157.81203915014873,1.0,28.2287600082456,89.66901468757169,15.514200415733498,108.41067567973687,53.62997362509029
3383,9910,138.18599326915844,1.0,28.2287600082456,89.66901468757169,15.514200415733498,108.41067567973687,53.62997362509029
2416,9912,134.93789616322238,1.0,28.2287600082456,89.66901468757169,15.514200415733498,108.41067567973687,53.62997362509029
487,9914,146.60248451700923,1.0,28.2287600082456,89.66901468757169,15.514200415733498,108.41067567973687,53.62997362509029
2294,9916,133.78221573969913,1.0,28.2287600082456,89.66901468757169,15.514200415733498,108.41067567973687,53.62997362509029
1655,9920,238.0487701687215,1.0,28.2287600082456,89.66901468757169,15.514200415733498,108.41067567973687,53.62997362509029
3598,9922,151.60224163036386,1.0,28.2287600082456,89.66901468757169,15.514200415733498,108.41067567973687,53.62997362509029
2382,9924,137.43120247902849,1.0,28.2287600082456,89.66901468757169,15.514200415733498,108.41067567973687,53.62997362509029
3780,9926,165.76139203566362,1.0,28.2287600082456,89.66901468757169,15.514200415733498,108.41067567973687,53.62997362509029
2154,9928,145.13821875111245,1.0,28.2287600082456,89.66901468757169,15.514200415733498,108.41067567973687,53.62997362509029
2591,9930,153.38196462034645,1.0,28.2287600082456,89.66901468757169,15.514200415733498,108.41067567973687,53.62997362509029
1988,9932,111.16059915808947,1.0,28.2287600082456,89.66901468757169,15.514200415733498,108.41067567973687,53.62997362509029
1912,9936,138.99581114584817,1.0,28.2287600082456,89.66901468757169,15.514200415733498,108.41067567973687,53.62997362509029
1268,9938,102.53999424475471,1.0,28.2287600082456,89.66901468757169,15.514200415733498,108.41067567973687,53.62997362509029
2592,9940,129.83565704202883,1.0,28.2287600082456,89.66901468757169,15.514200415733498,108.41067567973687,53.62997362509029
3144,9942,138.55689579678523,1.0,28.2287600082456,89.66901468757169,15.514200415733498,108.41067567973687,53.62997362509029
1186,9944,133.5998236653162,1.0,28.2287600082456,89.66901468757169,15.514200415733498,108.41067567973687,53.62997362509029
1929,9946,123.86668296055909,1.0,28.2287600082456,89.66901468757169,15.514200415733498,108.41067567973687,53.62997362509029
3578,9948,92.62332095481774,1.0,28.2287600082456,89.66901468757169,15.514200415733498,108.41067567973687,53.62997362509029
1868,9950,106.77344738220695,1.0,28.2287600082456,89.66901468757169,15.514200415733498,108.41067567973687,53.62997362509029
1020,9952,336.76379896420093,1.0,28.2287600082456,89.66901468757169,15.514200415733498,108.41067567973687,53.62997362509029
3524,9954,212.61302419072405,1.0,28.2287600082456,89.66901468757169,15.514200415733498,108.41067567973687,53.62997362509029
1935,9956,202.93961171866943,1.0,28.2287600082456,89.66901468757169,15.514200415733498,108.41067567973687,53.62997362509029
1444,9958,270.0492231609754,1.0,28.2287600082456,89.66901468757169,15.514200415733498,108.41067567973687,53.62997362509029
3477,9960,120.88959671342536,1.0,28.2287600082456,89.66901468757169,15.514200415733498,108.41067567973687,53.62997362509029
2531,9962,123.08565524715806,1.0,28.2287600082456,89.66901468757169,15.514200415733498,108.41067567973687,53.62997362509029
3152,9964,96.15021988418366,1.0,28.2287600082456,89.66901468757169,15.514200415733498,108.41067567973687,53.62997362509029
4580,9966,112.38466077235299,1.0,28.2287600082456,89.66901468757169,15.514200415733498,108.41067567973687,53.62997362509029
2812,9968,110.80176764127246,1.0,28.2287600082456,89.66901468757169,15.514200415733498,108.41067567973687,53.62997362509029
2315,9970,122.23324103203439,1.0,28.2287600082456,89.66901468757169,15.514200415733498,108.41067567973687,53.62997362509029
2405,9972,189.29013602227047,1.0,28.2287600082456,89.66901468757169,15.514200415733498,108.41067567973687,53.62997362509029
2058,9974,110.80535320488715,1.0,28.2287600082456,89.66901468757169,15.514200415733498,108.41067567973687,53.62997362509029
1748,9976,244.5025110576381,1.0,28.2287600082456,89.66901468757169,15.514200415733498,108.41067567973687,53.62997362509029
3908,9978,82.79688277829047,1.0,28.2287600082456,89.66901468757169,15.514200415733498,108.41067567973687,53.62997362509029
3101,9980,61.324222528624,1.0,28.2287600082456,89.66901468757169,15.514200415733498,108.41067567973687,53.62997362509029
3774,9982,95.04499148950597,1.0,28.2287600082456,89.66901468757169,15.514200415733498,108.41067567973687,53.62997362509029
3415,9984,90.19196141152716,1.0,28.2287600082456,89.66901468757169,15.514200415733498,108.41067567973687,53.62997362509029
1489,9986,85.28727936323477,1.0,28.2287600082456,89.66901468757169,15.514200415733498,108.41067567973687,53.62997362509029
921,9988,95.52954231303329,1.0,28.2287600082456,89.66901468757169,15.514200415733498,108.41067567973687,53.62997362509029
3126,9990,169.35518055747195,1.0,28.2287600082456,89.66901468757169,15.514200415733498,108.41067567973687,53.62997362509029
1782,9992,231.41126019956425,1.0,28.2287600082456,89.66901468757169,15.514200415733498,108.41067567973687,53.62997362509029
3082,9994,189.3150422896326,1.0,28.2287600082456,89.66901468757169,15.514200415733498,108.41067567973687,53.62997362509029
2740,9996,172.80308066607057,1.0,28.2287600082456,89.66901468757169,15.514200415733498,108.41067567973687,53.62997362509029
2585,9998,143.69103412806314,1.0,28.2287600082456,89.66901468757169,15.514200415733498,108.41067567973687,53.62997362509029
3158,10000,178.93785500757946,1.0,28.2287600082456,89.66901468757169,15.514200415733498,108.41067567973687,53.62997362509029
3140,10002,136.6619479840388,1.0,28.2287600082456,89.66901468757169,15.514200415733498,108.41067567973687,53.62997362509029
2370,10004,177.426039801623,1.0,28.2287600082456,89.66901468757169,15.514200415733498,108.41067567973687,53.62997362509029
2601,10006,149.95753257163744,1.0,28.2287600082456,89.66901468757169,15.514200415733498,108.41067567973687,53.62997362509029
2243,10008,167.2025042480177,1.0,28.2287600082456,89.66901468757169,15.514200415733498,108.41067567973687,53.62997362509029
399,10010,273.47543463720524,1.0,28.2287600082456,89.66901468757169,15.514200415733498,108.41067567973687,53.62997362509029
3353,10012,147.4509981555033,1.0,28.2287600082456,89.66901468757169,15.514200415733498,108.41067567973687,53.62997362509029
1271,10014,145.2680884558861,1.0,28.2287600082456,89.66901468757169,15.514200415733498,108.41067567973687,53.62997362509029
2634,10016,153.8602013680466,1.0,28.2287600082456,89.66901468757169,15.514200415733498,108.41067567973687,53.62997362509029
2626,10018,108.55368719217653,1.0,28.2287600082456,89.66901468757169,15.514200415733498,108.41067567973687,53.62997362509029
4396,10020,133.0008003961796,1.0,28.2287600082456,89.66901468757169,15.514200415733498,108.41067567973687,53.62997362509029
1697,10022,246.12522953086753,1.0,28.2287600082456,89.66901468757169,15.514200415733498,108.41067567973687,53.62997362509029
1957,10024,108.71758933628544,1.0,28.2287600082456,89.66901468757169,15.514200415733498,108.41067567973687,53.62997362509029
2799,10026,145.205362686224,1.0,28.2287600082456,89.66901468757169,15.514200415733498,108.41067567973687,53.62997362509029
393,10028,364.4674338624418,1.0,28.2287600082456,89.66901468757169,15.514200415733498,108.41067567973687,53.62997362509029
2753,10030,105.67559183255716,1.0,28.2287600082456,89.66901468757169,15.514200415733498,108.41067567973687,53.62997362509029
1778,10032,139.2318168049951,1.0,28.2287600082456,89.66901468757169,15.514200415733498,108.41067567973687,53.62997362509029
1861,10034,113.71025423427093,1.0,28.2287600082456,89.66901468757169,15.514200415733498,108.41067567973687,53.62997362509029
3143,10036,127.46323984878549,1.0,28.2287600082456,89.66901468757169,15.514200415733498,108.41067567973687,53.62997362509029
2844,10038,129.76217709694194,1.0,28.2287600082456,89.66901468757169,15.514200415733498,108.41067567973687,53.62997362509029
3076,10040,97.81089418953408,1.0,28.2287600082456,89.66901468757169,15.514200415733498,108.41067567973687,53.62997362509029
2805,10042,111.29832916628143,1.0,28.2287600082456,89.66901468757169,15.514200415733498,108.41067567973687,53.62997362509029
1530,10044,229.3258028705514,1.0,28.2287600082456,89.66901468757169,15.514200415733498,108.41067567973687,53.62997362509029
2897,10046,118.36346261807041,1.0,28.2287600082456,89.66901468757169,15.514200415733498,108.41067567973687,53.62997362509029
717,10048,91.65663541686483,1.0,28.2287600082456,89.66901468757169,15.514200415733498,108.41067567973687,53.62997362509029
3498,10050,89.4397759434101,1.0,28.2287600082456,89.66901468757169,15.514200415733498,108.41067567973687,53.62997362509029
2171,10052,189.74765100089527,1.0,28.2287600082456,89.66901468757169,15.514200415733498,108.41067567973687,53.62997362509029
3705,10054,90.3522687696811,1.0,28.2287600082456,89.66901468757169,15.514200415733498,108.41067567973687,53.62997362509029
3381,10056,84.88688586785602,1.0,28.2287600082456,89.66901468757169,15.514200415733498,108.41067567973687,53.62997362509029
3315,10058,112.64019423623745,1.0,28.2287600082456,89.66901468757169,15.514200415733498,108.41067567973687,53.62997362509029
4200,10060,83.69795326093517,1.0,28.2287600082456,89.66901468757169,15.514200415733498,108.41067567973687,53.62997362509029
4718,10062,69.661869260252,1.0,28.2287600082456,89.66901468757169,15.514200415733498,108.41067567973687,53.62997362509029
1587,10064,134.42667779355276,1.0,28.2287600082456,89.66901468757169,15.514200415733498,108.41067567973687,53.62997362509029
2005,10066,162.16634338265055,1.0,28.2287600082456,89.66901468757169,15.514200415733498,108.41067567973687,53.62997362509029
3296,10068,171.58333280624828,1.0,28.2287600082456,89.66901468757169,15.514200415733498,108.41067567973687,53.62997362509029
3762,10070,102.68896544477346,1.0,28.2287600082456,89.66901468757169,15.514200415733498,108.41067567973687,53.62997362509029
2267,10072,95.6438580451393,1.0,28.2287600082456,89.66901468757169,15.514200415733498,108.41067567973687,53.62997362509029
2531,10074,58.1822031408939,1.0,28.2287600082456,89.66901468757169,15.514200415733498,108.41067567973687,53.62997362509029
